Residue,GEMME_mean,pLDDT
1,0.5315057064905807,0.627
2,0.548009244851177,0.747
3,0.49568362644304254,0.848
4,0.5129556363796693,0.889
5,0.47051698961536176,0.911
6,0.5131084531151158,0.948
7,0.28389068366332176,0.937
8,0.49730384479066997,0.942
9,0.5188730428870051,0.945
10,0.4948349874523818,0.929
11,0.32142216104141647,0.935
12,0.49076578471035576,0.93
13,0.5562881383631078,0.926
14,0.43865403103350115,0.925
15,0.5483576415962315,0.932
16,0.5448484658696755,0.924
17,0.5426756383584048,0.923
18,0.4476838162756318,0.929
19,0.5305651057130604,0.922
20,0.630655584377694,0.934
21,0.5642965513787279,0.926
22,0.4642417282466374,0.924
23,0.6372996636114061,0.925
24,0.6122699693376578,0.921
25,0.5034042468247563,0.902
26,0.46689798773361807,0.892
27,0.4592105169823723,0.9
28,0.5401280926282177,0.866
29,0.4341338313881759,0.853
30,0.4772982480657089,0.836
31,0.4789831765859736,0.818
32,0.4647121236689546,0.802
33,0.49534480711256923,0.814
34,0.5414124460081582,0.797
35,0.4796206880385024,0.826
36,0.44700046676385463,0.858
37,0.4905016980123498,0.881
38,0.5295417622122388,0.903
39,0.5044596556945378,0.907
40,0.5425762997327772,0.924
41,0.20546163724549513,0.91
42,0.18712651601090985,0.927
43,0.4683243776269209,0.919
44,0.5800498412744718,0.928
45,0.37861748091817277,0.918
46,0.5029935074299944,0.909
47,0.6550887953586337,0.905
48,0.4296158389968396,0.906
49,0.38361588333934826,0.899
50,0.6261389626313284,0.846
51,0.588352039823309,0.883
52,0.43284811238522164,0.896
53,0.5367599196905458,0.883
54,0.5803108272398835,0.897
55,0.5308053615720658,0.926
56,0.4327013898858107,0.929
57,0.5785284049621722,0.924
58,0.6781120505422313,0.914
59,0.46338514403496267,0.93
60,0.47787415770728886,0.938
61,0.5363513544870733,0.922
62,0.5638874976375742,0.909
63,0.491433547223868,0.897
64,0.5246645022882984,0.927
65,0.5216417728665811,0.904
66,0.5285375352840894,0.896
67,0.5934270697124702,0.892
68,0.3215241053833998,0.882
69,0.26008918319226143,0.869
70,0.40235785956182984,0.896
71,0.5315926596935162,0.899
72,0.48373096525052417,0.871
73,0.6672276354414399,0.88
74,0.6898780083090322,0.914
75,0.472713357415107,0.927
76,0.4358636578618806,0.913
77,0.6750652360880212,0.908
78,0.5263167059987974,0.912
79,0.4377407601773297,0.926
80,0.5380807041488386,0.917
81,0.692852920880385,0.932
82,0.5653937915747868,0.938
83,0.36384222227725,0.936
84,0.4124117732921162,0.938
85,0.4122465752698862,0.931
86,0.3037470548921639,0.938
87,0.44946960557920307,0.94
88,0.727488947487193,0.944
89,0.4540208245967867,0.946
90,0.294614568570456,0.949
91,0.6530127732020505,0.938
92,0.620293992166094,0.944
93,0.2950696032335589,0.943
94,0.5844834059145896,0.936
95,0.6531396476818101,0.922
96,0.2458285966098241,0.919
97,0.1804507714080797,0.922
98,0.6899529916575688,0.917
99,0.7468010828578353,0.909
100,0.5803183540964759,0.903
101,0.6315141914197712,0.913
102,0.5553448425157816,0.883
103,0.4533875161496953,0.906
104,0.5982700677467508,0.916
105,0.7767604548171068,0.886
106,0.6001221725654625,0.887
107,0.495244704093147,0.912
108,0.8275966785385236,0.925
109,0.8114221374630854,0.901
110,0.644452736628972,0.899
111,0.7583341370439423,0.923
112,0.8049939078120887,0.927
113,0.8026599034731927,0.904
114,0.6319334977193046,0.909
115,0.8253604020721012,0.937
116,0.8300063591253546,0.916
117,0.6439745811127444,0.9
118,0.711030728429355,0.911
119,0.7585912157198071,0.929
120,0.741228398351709,0.922
121,0.6100690425767464,0.909
122,0.8340158388181795,0.93
123,0.8632133762343668,0.939
124,0.7158025110556867,0.936
125,0.6370817264259856,0.92
126,0.6596742594957817,0.934
127,0.8457971292113964,0.949
128,0.6428800789418345,0.922
129,0.7221637337107778,0.927
130,0.679782717649639,0.942
131,0.8036344348199809,0.961
132,0.6379063494379932,0.939
133,0.5959398010652647,0.953
134,0.7942642457657996,0.974
135,0.7405922883897809,0.956
136,0.6199390985416561,0.955
137,0.524553740496128,0.973
138,0.6725707606513411,0.974
139,0.640928935139346,0.962
140,0.5529068924298031,0.968
141,0.7019041772497995,0.973
142,0.5750601628913049,0.966
143,0.635420427451615,0.961
144,0.5991907322753829,0.969
145,0.7548241104285393,0.969
146,0.4147405019377616,0.953
147,0.607676333395576,0.957
148,0.6477189868791982,0.946
149,0.6312281969686078,0.929
150,0.4980515678907913,0.942
151,0.6981253262292829,0.939
152,0.6061712469235232,0.914
153,0.40700613247371026,0.927
154,0.622628418681037,0.92
155,0.6362603683041156,0.941
156,0.7457688649975485,0.949
157,0.7790600350564465,0.943
158,0.3550207638524624,0.951
159,0.5905421524091027,0.961
160,0.5894240398282875,0.964
161,0.6221208987686075,0.952
162,0.6758439270964987,0.951
163,0.6362967664512111,0.946
164,0.6887289023013622,0.951
165,0.6413630352014877,0.926
166,0.6741897170451793,0.951
167,0.6335960391698319,0.948
168,0.7950252180630888,0.957
169,0.700828297214309,0.966
170,0.6895114328201636,0.976
171,0.8416756707370134,0.979
172,0.40559454006753476,0.977
173,0.6582459373899394,0.981
174,0.7098024377347618,0.983
175,0.8042845840561308,0.977
176,0.3488980672784205,0.976
177,0.667808103918806,0.978
178,0.9521209938427951,0.974
179,0.6660700348069435,0.953
180,0.6937375783151299,0.946
181,0.8424879238725539,0.955
182,0.9197649226808119,0.945
183,0.7490047001388282,0.914
184,0.7679417901047458,0.873
185,0.6745603605729567,0.847
186,0.6204042069858369,0.817
187,0.7208732284854528,0.892
188,0.8217329155047506,0.919
189,0.26581073631554963,0.869
190,0.649075937297191,0.887
191,0.9386763675753167,0.947
192,0.3454257351601252,0.951
193,0.2641629492245569,0.898
194,0.8028550156148412,0.931
195,0.7182823314190125,0.971
196,0.6806537622699836,0.935
197,0.5949374600291036,0.914
198,0.6047037941230651,0.961
199,0.8064095891596698,0.944
200,0.513204655483037,0.907
201,0.6708787671905365,0.927
202,0.7724941814041322,0.937
203,0.7895218121690764,0.915
204,0.6318116509571798,0.92
205,0.9010131379045312,0.943
206,0.7501531677091842,0.93
207,0.8397050099398445,0.919
208,0.5401772070748918,0.923
209,0.3880100758697235,0.932
210,0.8021612676636317,0.921
211,0.78374027955154,0.896
212,0.7506779404329114,0.914
213,0.8632107092806462,0.907
214,0.3490039931179244,0.869
215,0.676596077809535,0.841
216,0.5586900941456918,0.834
217,0.19841504861002815,0.766
218,0.2999456009495338,0.724
219,0.19113896186872018,0.723
220,0.23836300992409445,0.691
221,0.159352764351466,0.79
222,0.7646939973907159,0.819
223,0.3375138647634443,0.874
224,0.599345020302091,0.877
225,0.7069485732279631,0.894
226,0.7286859195967992,0.889
227,0.2593869222766664,0.913
228,0.38610117824115353,0.892
229,0.8186962493893274,0.909
230,0.9331564091701573,0.937
231,0.36956565974315303,0.938
232,0.6239908459812303,0.921
233,0.6997535744932122,0.936
234,0.2977310387041378,0.964
235,0.4899782745316768,0.936
236,0.7740400438318743,0.912
237,0.8290210080043401,0.959
238,0.5819970597709758,0.961
239,0.3694031469857771,0.902
240,0.7763105869665883,0.931
241,0.8943695840735263,0.969
242,0.4339119996756065,0.911
243,0.7949637348449238,0.884
244,0.9358089990695999,0.953
245,0.774037496521374,0.929
246,0.7426151966684992,0.891
247,0.8500502394659113,0.904
248,0.8695128658431921,0.936
249,0.8235826118710602,0.889
250,0.74336770815234,0.885
251,0.7935831309800848,0.863
252,0.464318034059963,0.815
253,0.7091928198189218,0.706
254,0.7510475795499058,0.694
255,0.7985123155189133,0.624
256,0.7745882593535481,0.646
257,0.5035437056286977,0.671
258,0.6841873647796319,0.692
259,0.6406935706037199,0.715
260,0.3008577866139494,0.714
261,0.7083342666459775,0.786
262,0.6945029337020032,0.841
263,0.30997601742159514,0.841
264,0.6466012460971031,0.829
265,0.4859779097145823,0.865
266,0.5241938956649221,0.901
267,0.5582852679772549,0.884
268,0.687887311783628,0.872
269,0.40285323911840876,0.902
270,0.6347530717646389,0.922
271,0.44671452247820104,0.903
272,0.23851548728563313,0.891
273,0.7450030442473464,0.929
274,0.36140680808016973,0.929
275,0.6330638738896074,0.908
276,0.6877851791842184,0.915
277,0.40662494949841316,0.937
278,0.1418766059970031,0.934
279,0.4673485913539661,0.933
280,0.7544104031208789,0.947
281,0.638888807917522,0.956
282,0.1604926846572923,0.949
283,0.7788315090386994,0.948
284,0.7635295110645812,0.938
285,0.2873971630984833,0.943
286,0.8170702146403384,0.926
287,0.6470203545872563,0.913
288,0.09762292881506447,0.892
289,0.3540796537397908,0.896
290,0.1141866106012835,0.874
291,0.5454732261107021,0.848
292,0.7947017276386472,0.811
293,0.5434656375630149,0.845
294,0.23665534477500783,0.849
295,0.8402986867908532,0.879
296,0.7524898754880548,0.897
297,0.304762669148994,0.868
298,0.7152063961801715,0.907
299,0.3071227971098942,0.939
300,0.7479258080840384,0.901
301,0.3354510745664989,0.879
302,0.8052082315158996,0.936
303,0.7382179207453406,0.932
304,0.7554310298876002,0.877
305,0.6864203585904299,0.911
306,0.8980485029053717,0.944
307,0.5488126538582961,0.912
308,0.7405157635257574,0.876
309,0.4909213211201148,0.921
310,0.8177634626874287,0.913
311,0.8092315564245595,0.882
312,0.6776833171696526,0.891
313,0.7949090078568702,0.895
314,0.6172421968055742,0.863
315,0.7577552464232898,0.834
316,0.5414375166890616,0.869
317,0.7794567484613507,0.896
318,0.8037765563519745,0.903
319,0.3737844503150834,0.886
320,0.3144442063915773,0.937
321,0.618137374847458,0.948
322,0.5861143015965543,0.912
323,0.3566923824572784,0.925
324,0.6784971344376168,0.958
325,0.24736119977648965,0.938
326,0.6216551703922844,0.896
327,0.20968348922610364,0.946
328,0.833050474836774,0.96
329,0.7176001028270594,0.919
330,0.686150259275563,0.907
331,0.4330966024381695,0.943
332,0.7104029156717129,0.928
333,0.6832456171338049,0.899
334,0.7086802979357273,0.929
335,0.3436050376427875,0.935
336,0.27388009335668995,0.911
337,0.4183844269698533,0.909
338,0.3256090524053213,0.924
339,0.848062832315405,0.924
340,0.34986315424183956,0.893
341,0.7090939486732657,0.912
342,0.8515005871773764,0.896
343,0.6156008939320233,0.911
344,0.8057428714244351,0.881
345,0.18212060783115483,0.914
346,0.23263851799104807,0.93
347,0.7679485452964037,0.922
348,0.1289762400393215,0.933
349,0.4291723739288585,0.924
350,0.2989159495753743,0.929
351,0.7747069469284044,0.951
352,0.4806178236938392,0.95
353,0.8525519069119951,0.953
354,0.4111459184235476,0.959
355,0.772974459443167,0.966
356,0.46169727440562885,0.967
357,0.424085768453179,0.966
358,0.6882390893430351,0.968
359,0.8186390939431937,0.973
360,0.8476879097187933,0.971
361,0.8008886940294871,0.966
362,0.20844850411660598,0.97
363,0.8702815941829021,0.967
364,0.1993962817173734,0.961
365,0.31166235743698595,0.964
366,0.7307339338959317,0.956
367,0.8577819004730044,0.948
368,0.3490227582432664,0.951
369,0.3330770887916607,0.936
370,0.8268105235319617,0.925
371,0.5240696685339109,0.919
372,0.6473640225561613,0.922
373,0.4721137950584888,0.917
374,0.8259874568792481,0.887
375,0.844508455754845,0.889
376,0.7152366615386401,0.922
377,0.46906211276796583,0.91
378,0.40170811799915185,0.873
379,0.4022585391590943,0.891
380,0.4694732959967957,0.932
381,0.8625162654596376,0.899
382,0.614248002908199,0.869
383,0.282531912150639,0.919
384,0.6506972782299119,0.926
385,0.615716490038433,0.866
386,0.47155827535004946,0.881
387,0.3609041946969377,0.926
388,0.4075534518204552,0.911
389,0.7629119000507578,0.849
390,0.5143472479919514,0.869
391,0.8528493746789966,0.899
392,0.8146147378892401,0.861
393,0.20575829420818895,0.829
394,0.904980834383234,0.877
395,0.9269480484563668,0.881
396,0.8237165650572705,0.834
397,0.7733060265364166,0.844
398,0.965683416462065,0.829
399,0.31968270284699746,0.82
400,0.7680801708375256,0.788
401,0.6584452011674866,0.802
402,0.4082517798974685,0.841
403,0.8071646970759753,0.852
404,0.9716763557722328,0.838
405,0.659788662602485,0.884
406,0.7424470990456955,0.921
407,0.3148677880206685,0.933
408,0.8324706272632486,0.947
409,0.538096936391547,0.948
410,0.3137335799959328,0.957
411,0.23999580093095277,0.956
412,0.4724984594082903,0.969
413,0.2569178548020835,0.972
414,0.6448258836997975,0.971
415,0.7515896126645684,0.971
416,0.30247584752680834,0.976
417,0.3760912023261573,0.963
418,0.5658881788800431,0.948
419,0.8962942584244098,0.953
420,0.38567610291392845,0.943
421,0.43118034418705853,0.917
422,0.8000937551746353,0.89
423,0.3623532652682193,0.853
424,0.4492083409394358,0.877
425,0.7422791464064366,0.912
426,0.5189921627040193,0.914
427,0.6725785903666978,0.903
428,0.7406287450013785,0.937
429,0.41829268816733256,0.952
430,0.5262622311260345,0.936
431,0.8196030626674007,0.954
432,0.5243744266079068,0.966
433,0.8152478761938753,0.957
434,0.6880964828520175,0.952
435,0.2821107766858232,0.966
436,0.3147829651041731,0.953
437,0.7673923029138114,0.951
438,0.48572474877491106,0.956
439,0.2635841216947214,0.951
440,0.33043739799800276,0.952
441,0.5515835153587122,0.947
442,0.7070233350987436,0.931
443,0.28962531696487703,0.926
444,0.34849471851539543,0.933
445,0.8824626923150645,0.923
446,0.18229319979174038,0.901
447,0.36510217548702995,0.913
448,0.8312115043026657,0.907
449,0.6996209490546181,0.897
450,0.3085686816436775,0.887
451,0.1480354124496702,0.902
452,0.856819343202697,0.856
453,0.7904009583002692,0.876
454,0.8954078454597463,0.82
455,0.7713302496896222,0.839
456,0.4461937166228404,0.859
457,0.8520389831151737,0.842
458,0.8515290085235001,0.894
459,0.7697367858248975,0.884
460,0.7004723082053643,0.868
461,0.48898253879567294,0.89
462,0.8238702481224398,0.917
463,0.6151572043305437,0.91
464,0.7198923944820199,0.894
465,0.5139164012191466,0.926
466,0.4370125140271245,0.938
467,0.31621870730588725,0.91
468,0.3247163332680497,0.898
469,0.37989237116340335,0.939
470,0.7863160341701567,0.943
471,0.3409485853091105,0.894
472,0.368608041071423,0.901
473,0.6974377813302983,0.941
474,0.5499525017743921,0.919
475,0.2561237882566581,0.881
476,0.5741692956068046,0.914
477,0.6264473653627548,0.931
478,0.3955249351537606,0.886
479,0.3527517448777576,0.87
480,0.6800148276883955,0.905
481,0.7045819656198399,0.891
482,0.5686612337918294,0.838
483,0.6138480067542841,0.851
484,0.27357811577704383,0.851
485,0.6674506419504178,0.844
486,0.7062576185092574,0.847
487,0.3454371099653693,0.799
488,0.7967524562501903,0.821
489,0.40363446606393366,0.868
490,0.7446959173751828,0.869
491,0.5442424032694835,0.866
492,0.38645974039765235,0.897
493,0.8493575429603191,0.923
494,0.5546950544255109,0.902
495,0.9512462924064699,0.894
496,0.9117266085296026,0.927
497,0.40796219435846504,0.937
498,0.8419468569010174,0.894
499,0.8391725129982616,0.908
500,0.9033755837467633,0.946
501,0.30336469232234486,0.924
502,0.5342179879134458,0.879
503,0.9526143235248316,0.926
504,0.3013803004918806,0.929
505,0.2807752343282647,0.871
506,0.829239617070425,0.857
507,0.8589860645241901,0.877
508,0.24289269205285163,0.837
509,0.22669207799081614,0.814
510,0.4667592062681386,0.781
511,0.7067164708416239,0.829
512,0.32264820993300264,0.819
513,0.7722086301379446,0.847
514,0.6407968626142009,0.89
515,0.9204358334112999,0.912
516,0.6776754085910109,0.912
517,0.61620623986568,0.899
518,0.8857791821339407,0.929
519,0.7149056554173847,0.947
520,0.7918251120945864,0.904
521,0.668956930908332,0.904
522,0.49160333843608794,0.932
523,0.6631860498482246,0.931
524,0.321725125820135,0.887
525,0.8200545446446063,0.9
526,0.9352183161478685,0.926
527,0.2468661254119028,0.891
528,0.802792558027855,0.851
529,0.9238324163574896,0.896
530,0.8104519487950715,0.887
531,0.3683736739702254,0.823
532,0.23005394708360724,0.81
533,0.40180712463279444,0.816
534,0.13806624855158,0.791
535,0.6166007621074734,0.752
536,0.5069654412534456,0.851
537,0.4291037588017871,0.859
538,0.8730587615975471,0.868
539,0.5781080008802509,0.88
540,0.3729751634038729,0.92
541,0.47956896605402577,0.929
542,0.2107751165148679,0.909
543,0.2939184808030928,0.935
544,0.3194830476500337,0.949
545,0.9482687311110981,0.942
546,0.42165590781665696,0.929
547,0.3514982449157448,0.959
548,0.3928274263113966,0.971
549,0.4347136893166672,0.924
550,0.25660606887578313,0.949
551,0.7904581691893149,0.968
552,0.2783450531617869,0.952
553,0.19045541491711995,0.932
554,0.34779347968482965,0.954
555,0.912054450645058,0.948
556,0.6495244646510614,0.924
557,0.48966270869262013,0.924
558,0.3687945463168829,0.918
559,0.5654581389682477,0.905
560,0.22444973592626807,0.897
561,0.6678141481444997,0.91
562,0.7610668852515992,0.877
563,0.5172332993506691,0.877
564,0.3841831603509345,0.835
565,0.45601000024704724,0.863
566,0.3009915899682286,0.889
567,0.7134117920729485,0.922
568,0.36981901153143837,0.927
569,0.6746371848042462,0.926
570,0.4971212240929448,0.924
571,0.5839792927646333,0.945
572,0.20735466293710272,0.953
573,0.7114032498482181,0.941
574,0.15262510974081225,0.951
575,0.5293005849279871,0.97
576,0.8774066495362876,0.968
577,0.3748637641217269,0.952
578,0.2893530246115124,0.961
579,0.1807842579753497,0.971
580,0.7007433029784766,0.953
581,0.6067244732764965,0.953
582,0.49280704138425263,0.956
583,0.9037761563966283,0.957
584,0.38941714946115724,0.953
585,0.11301204211812164,0.946
586,0.14792368927532423,0.939
587,0.878791576552711,0.948
588,0.6544243299342459,0.946
589,0.5592259760993566,0.927
590,0.36408271794208724,0.926
591,0.8617786717957101,0.944
592,0.7379538850468816,0.941
593,0.5776661920877725,0.919
594,0.665742366038014,0.924
595,0.8734410578353874,0.943
596,0.8103724431767945,0.922
597,0.7898932353499588,0.91
598,0.38081048397233874,0.936
599,0.9519431018876969,0.946
600,0.7157300516465621,0.906
601,0.9235651194964203,0.89
602,0.7812674924141824,0.934
603,0.7284737984376864,0.939
604,0.7098791773416759,0.924
605,0.9026507913321405,0.958
606,0.5287425185467761,0.974
607,0.7232413659124117,0.96
608,0.6975859821264236,0.965
609,0.8744345995941529,0.976
610,0.619339667708708,0.966
611,0.5814503563403929,0.961
612,0.6171206636534337,0.961
613,0.631541424605545,0.953
614,0.5309761107237427,0.948
615,0.5891031420459834,0.932
616,0.7309359916980734,0.917
617,0.15636647578651044,0.896
618,0.34425676933699156,0.903
619,0.4549074396373487,0.919
620,0.6703762461341545,0.904
621,0.501821276123264,0.919
622,0.7542044579442575,0.924
623,0.12228122281033423,0.924
624,0.5160156284248526,0.945
625,0.49126569282601384,0.957
626,0.6952724402688302,0.97
627,0.18872322538182998,0.959
628,0.5376418167048834,0.966
629,0.6805604472488527,0.971
630,0.7924258228001734,0.972
631,0.3301743322640611,0.953
632,0.5964520711172482,0.951
633,0.9660713960052489,0.975
634,0.6099244288859004,0.956
635,0.24011802351417239,0.917
636,0.7596133999840431,0.944
637,0.47151492816964147,0.964
638,0.16412533862667641,0.926
639,0.45315715583473914,0.921
640,0.9031301457142517,0.961
641,0.584479848551981,0.943
642,0.5335930066338028,0.907
643,0.8447553275197951,0.935
644,0.9633541234282251,0.959
645,0.632738149589382,0.924
646,0.6412916935706086,0.922
647,0.8461624192108673,0.946
648,0.8695722959725675,0.936
649,0.7556604815824446,0.914
650,0.7395350771523086,0.93
651,0.7588975246003706,0.892
652,0.47306446693994914,0.849
653,0.5641426486897468,0.829
654,0.8389957435288882,0.811
655,0.6868031097655397,0.836
656,0.22390950199525486,0.839
657,0.6766798050464844,0.892
658,0.8139519435613829,0.912
659,0.7666329313850282,0.87
660,0.605182257498665,0.907
661,0.8981380641683627,0.948
662,0.3249503351775668,0.916
663,0.47289918000552505,0.893
664,0.2864448598110705,0.946
665,0.6961411433227582,0.949
666,0.6169415085973633,0.905
667,0.21198031174512832,0.911
668,0.4365135439023278,0.946
669,0.6601285264015522,0.921
670,0.39913489494368,0.892
671,0.8543120240719704,0.923
672,0.8256858656819684,0.953
673,0.8939580086137277,0.932
674,0.8444308183162194,0.925
675,0.9679130648281038,0.957
676,0.4345024109155713,0.96
677,0.5994284482846556,0.928
678,0.9774445334947791,0.936
679,0.8391151231416989,0.953
680,0.7069831383760882,0.941
681,0.8344792231465481,0.914
682,0.7574508500986515,0.927
683,0.7662280377559573,0.919
684,0.34502767098758014,0.889
685,0.691837090576935,0.861
686,0.9038037806222947,0.858
687,0.678993855031437,0.85
688,0.7187115316255746,0.869
689,0.4223669102435357,0.901
690,0.7057369977007396,0.878
691,0.8494357509819808,0.902
692,0.32746776889165824,0.927
693,0.759681571405671,0.922
694,0.8803336938958256,0.921
695,0.8673878798919884,0.949
696,0.4887134114880011,0.948
697,0.5979435167976924,0.917
698,0.862094449043438,0.929
699,0.7276870035716244,0.957
700,0.7072494482566912,0.944
701,0.7187097447024452,0.918
702,0.9790642994352846,0.964
703,0.5920632211094589,0.97
704,0.7377635116196744,0.949
705,0.6963749142244838,0.953
706,0.6081383866182659,0.972
707,0.6910541918004909,0.948
708,0.4290257665777938,0.939
709,0.5519560123390808,0.966
710,0.7687574996536001,0.953
711,0.45226581417393336,0.93
712,0.7042509803936121,0.941
713,0.8462923612033225,0.958
714,0.913508460004181,0.927
715,0.8051163371325715,0.908
716,0.8589139711469558,0.931
717,0.7856880118321788,0.928
718,0.8243457080477258,0.916
719,0.7785818475853228,0.924
720,0.43053520041230475,0.917
721,0.6742068385300012,0.925
722,0.8136253027346503,0.934
723,0.835862059002419,0.945
724,0.4535268812753491,0.942
725,0.7843767312214325,0.931
726,0.8345936839423777,0.941
727,0.8708383169357523,0.949
728,0.5780641459497947,0.939
729,0.6702731823078468,0.938
730,0.9601694351134072,0.956
731,0.6693806991021224,0.962
732,0.6754127058796907,0.936
733,0.8569539406800676,0.946
734,0.4661957333518204,0.958
735,0.5527146576297007,0.956
736,0.7093850258347046,0.944
737,0.8695288140067455,0.95
738,0.3719142360109191,0.951
739,0.5495203774931984,0.953
740,0.8726201526613808,0.944
741,0.7060595893901128,0.929
742,0.5249565271590971,0.939
743,0.7276965796306629,0.943
744,0.18797189477652737,0.934
745,0.7690602428473557,0.932
746,0.7162580298137518,0.93
747,0.7250132322805065,0.919
748,0.5822839351105842,0.931
749,0.8251971773234608,0.938
750,0.7314612749444779,0.934
751,0.5355406432976864,0.916
752,0.6633841100534016,0.93
753,0.9055037401962929,0.947
754,0.810892755858614,0.924
755,0.7531544457906545,0.926
756,0.9236712331163003,0.955
757,0.8161705338996527,0.943
758,0.8904496435568069,0.92
759,0.8438764921903996,0.933
760,0.9484248429866707,0.957
761,0.7401895749136752,0.942
762,0.963501170076485,0.919
763,0.5471762381616972,0.95
764,0.7460353934525613,0.953
765,0.7024539469490655,0.922
766,0.8953358444323046,0.931
767,0.8677772440835638,0.95
768,0.7015080659395605,0.949
769,0.5778408548461716,0.918
770,0.8660987588008793,0.931
771,0.7118111295863467,0.951
772,0.8748048988794218,0.946
773,0.8268073521478485,0.931
774,0.7829215650198228,0.936
775,0.8355081205730776,0.936
776,0.85430082390531,0.922
777,0.7779544947175404,0.916
778,0.2622207483062165,0.909
779,0.9010717435645481,0.922
780,0.6978613147495528,0.945
781,0.4391177746621163,0.947
782,0.15816111843107952,0.948
783,0.943165924578987,0.954
784,0.6777271890528542,0.961
785,0.2379524601823617,0.968
786,0.7154446007633264,0.969
787,0.7197866538322446,0.971
788,0.7085876583520079,0.968
789,0.1921583734480172,0.97
790,1.0,0.974
791,0.5505582380240075,0.973
792,0.26468268461445194,0.971
793,0.742558056428769,0.969
794,0.8513302328180942,0.955
795,0.7348727202498072,0.956
796,0.8181446679373033,0.969
797,0.7431700114493978,0.966
798,0.7934652400848381,0.949
799,0.5016041663691153,0.949
800,0.39412191654789763,0.958
801,0.8044738663646797,0.948
802,0.800387338098239,0.944
803,0.6291584876741585,0.948
804,0.8420864210232467,0.948
805,0.8151179144444,0.917
806,0.502376749986915,0.919
807,0.7142497142336044,0.926
808,0.7503694335230804,0.919
809,0.3169318236252563,0.884
810,0.5672140484069282,0.934
811,0.3303496989938667,0.927
812,0.13141225047104363,0.94
813,0.49804136936586074,0.943
814,0.7150729271626123,0.941
815,0.5101585118236494,0.951
816,0.20924948502298857,0.958
817,0.48631055786290023,0.961
818,0.7400492984406712,0.954
819,0.7226466096156204,0.963
820,0.809909501296367,0.964
821,0.3760626731026163,0.951
822,0.23912768419849253,0.959
823,0.4354671305856468,0.968
824,0.9436268033557521,0.966
825,0.7670415213085782,0.957
826,0.3602564200884152,0.968
827,0.722752406374684,0.973
828,0.890391882317515,0.963
829,0.4040454475943139,0.954
830,0.5455139429285404,0.956
831,0.84398914739497,0.961
832,0.7314761652723206,0.944
833,0.5612235874059418,0.929
834,0.7077395686024904,0.934
835,0.7177914638382883,0.911
836,0.4569922540878937,0.83
837,0.5798920688409175,0.696
838,0.4742994077789269,0.619
839,0.6569352263163944,0.537
840,0.6801572455004397,0.568
841,0.5529113769084448,0.539
842,0.6652986983933625,0.526
843,0.7144482636562389,0.551
844,0.7282581133104936,0.582
845,0.7763366642536349,0.644
846,0.7673330281573196,0.658
847,0.7534661828992478,0.667
848,0.5937545021747592,0.62
849,0.6226951596898473,0.633
850,0.4001954880012787,0.619
851,0.44381091346743146,0.577
852,0.6816343939644238,0.546
853,0.14065599445512034,0.519
854,0.4331740878180464,0.532
855,0.2981610901187292,0.53
856,0.5949815915288174,0.507
857,0.39089653918726924,0.497
858,0.2521501564932311,0.521
859,0.6330653987436166,0.583
860,0.7569698094039459,0.606
861,0.7890883207194934,0.63
862,0.6892161211103565,0.565
863,0.7902632015840253,0.611
864,0.786618146440473,0.629
865,0.7366128679209044,0.558
866,0.7787138605859075,0.552
867,0.5249455441341101,0.519
868,0.6176887668997343,0.601
869,0.622140288327188,0.558
870,0.5446840587063071,0.666
871,0.7436247250342972,0.662
872,0.8223358151122253,0.718
873,0.713066194266858,0.761
874,0.730625220357041,0.661
875,0.7795328291240378,0.727
876,0.8286149625367705,0.632
877,0.7781840020638414,0.56
878,0.82596835652789,0.571
879,0.6643311256990219,0.538
880,0.6925185477269844,0.566
881,0.596080503864889,0.599
882,0.7261844144633771,0.656
883,0.7955793057737276,0.66
884,0.6521971457131518,0.684
885,0.7307135380006161,0.696
886,0.831827375872026,0.628
887,0.7495473951639905,0.538
888,0.5323284288220783,0.476
889,0.5385992541191403,0.358
890,0.3686003348000634,0.381
891,0.7977265127766537,0.378
892,0.6577732448767829,0.34
893,0.25035605910402636,0.355
894,0.3019910267318656,0.38
895,0.5359763752861658,0.436
896,0.6206735133300428,0.492
897,0.8621757594403726,0.562
898,0.8297133948082747,0.62
899,0.8196635993849586,0.625
900,0.531858079231055,0.672
901,0.8298799012034214,0.714
902,0.8208053125245911,0.708
903,0.7982672357707072,0.671
904,0.7403775190139936,0.743
905,0.877635875602861,0.753
906,0.8301147941514949,0.737
907,0.7127707360473645,0.731
908,0.8071193835529199,0.718
909,0.7781303885195797,0.694
910,0.8191058159958711,0.669
911,0.827103127124732,0.651
912,0.8690330263518462,0.577
913,0.8290272007730959,0.422
914,0.8612116278129288,0.382
915,0.8669743329625688,0.37
916,0.23642626194602925,0.388
917,0.0361634675374477,0.356
918,0.0,0.38
919,0.04623029764424522,0.389
920,0.08843003102851656,0.359
921,0.11681665980606606,0.362
922,0.18791844569602567,0.346
923,0.0318848493635665,0.378
924,0.11091098356215456,0.329
925,0.07509917648050202,0.377
926,0.05549517439481579,0.352
927,0.17017413454223448,0.355
928,0.14293077213356806,0.354
929,0.07732054443269333,0.375
930,0.35711832330362087,0.335
931,0.121689479259834,0.367
932,0.18932935459854058,0.356
933,0.10296176058265707,0.354
934,0.21049128396610375,0.35
935,0.238487549358395,0.357
936,0.10248618814799644,0.332
937,0.10687873469896877,0.345
938,0.15474356465577788,0.317
939,0.25913623945986447,0.331
940,0.13043701356907256,0.342
941,0.02074835281273737,0.283
942,0.15925836293602477,0.358
943,0.07716919183636009,0.337
944,0.3778858291962035,0.318
945,0.058261038443627046,0.317
946,0.4692714999540811,0.328
947,0.48355828645783033,0.32
948,0.47608129019735373,0.319
949,0.3134984324417934,0.367
950,0.4702768316875867,0.343
951,0.47683168526224146,0.414
952,0.48035145025509607,0.377
953,0.459569652519805,0.436
954,0.45078646149124496,0.39
955,0.20490916581175309,0.377
956,0.4127539698496043,0.407
957,0.30439766161457704,0.376
958,0.276764468386641,0.443
959,0.31416956205784274,0.523
960,0.4000933990818062,0.588
961,0.34756598712833975,0.718
962,0.4059314933545879,0.811
963,0.4687450196562806,0.854
964,0.4611734498043669,0.833
965,0.5280913280921745,0.857
966,0.2836359906720016,0.894
967,0.4399743266542056,0.886
968,0.42024111728558994,0.838
969,0.5013524897079997,0.886
970,0.5090090805694425,0.919
971,0.4305665450557485,0.876
972,0.18567021961225924,0.871
973,0.5041559915377427,0.922
974,0.4653934618897577,0.913
975,0.3136874256627979,0.879
976,0.4182565184919829,0.898
977,0.4674223778622745,0.919
978,0.3409791240513633,0.894
979,0.4707018368729365,0.892
980,0.5499717141570769,0.917
981,0.43818768011872267,0.899
982,0.4082607532208815,0.894
983,0.3951688019763878,0.867
984,0.41581271333155095,0.879
985,0.46940817044216565,0.928
986,0.4367197144621013,0.943
987,0.5176937837073551,0.949
988,0.531637388042767,0.951
989,0.2617243708283283,0.929
990,0.45408377493847124,0.953
991,0.5485347184374709,0.956
992,0.5217034193682989,0.934
993,0.4656849099179757,0.947
994,0.5455125527087493,0.962
995,0.54909804615112,0.942
996,0.4316406917279528,0.933
997,0.49315543970019504,0.947
998,0.529345031323482,0.946
999,0.42545600286116025,0.911
1000,0.4649030615797859,0.908
1001,0.5402253068302124,0.914
1002,0.4950522104542283,0.902
1003,0.42020607148541494,0.869
1004,0.4537542049076705,0.877
1005,0.45884382221490994,0.853
1006,0.5018751385372167,0.767
1007,0.5247261078945084,0.642
1008,0.3836452067645226,0.539
1009,0.3974161256539131,0.533
1010,0.4595689583406387,0.591
1011,0.24668820331224892,0.755
1012,0.5083083632493864,0.879
1013,0.4293689939767903,0.898
1014,0.4599509607961,0.907
1015,0.4575204457277499,0.919
1016,0.525675714697607,0.928
1017,0.3959424746924129,0.936
1018,0.4836997242800541,0.945
1019,0.5646785171090537,0.956
1020,0.4964457857067897,0.952
1021,0.39976815874517263,0.964
1022,0.5382433658896703,0.967
1023,0.505725157534887,0.959
1024,0.407429055753283,0.964
1025,0.4616340584765248,0.963
1026,0.5190167355707324,0.968
1027,0.43851477050340526,0.964
1028,0.4308040110883843,0.959
1029,0.5315319034321243,0.968
1030,0.41754993928234363,0.964
1031,0.4404089563694575,0.969
1032,0.4582644457283673,0.959
1033,0.5141411948629465,0.96
1034,0.48289293509181125,0.959
1035,0.4364389047240349,0.943
1036,0.49945669941449455,0.945
1037,0.5252719899951404,0.943
1038,0.4254671513695539,0.938
1039,0.45619453095913376,0.927
1040,0.5318196190406932,0.934
1041,0.4596095671342321,0.939
1042,0.518753157266977,0.941
1043,0.2792813767158938,0.939
1044,0.4580661826770327,0.909
1045,0.4467763752928052,0.921
1046,0.5312742597331503,0.948
1047,0.43038443041592434,0.919
1048,0.49560915335086525,0.899
1049,0.5912475298410867,0.94
1050,0.4770866782828594,0.936
1051,0.41061274844461504,0.876
1052,0.43189578176919136,0.901
1053,0.5079043569410714,0.929
1054,0.5023385668640058,0.907
1055,0.47271554588101555,0.9
1056,0.5337790850038231,0.941
1057,0.4342565476631091,0.941
1058,0.463329545601314,0.916
1059,0.47085207442632354,0.929
1060,0.5092238875011745,0.949
1061,0.43936417861344745,0.941
1062,0.5251524394414983,0.931
1063,0.5687427761272624,0.947
1064,0.46261133251153813,0.951
1065,0.48828318625246664,0.931
1066,0.4711707684888693,0.926
1067,0.47760568500366124,0.931
1068,0.43574925908801104,0.932
1069,0.49826449166776,0.916
1070,0.5051643640852325,0.897
1071,0.4852202916621164,0.907
1072,0.44333630289056347,0.891
1073,0.48299157977435797,0.864
1074,0.455933663493591,0.841
1075,0.4858293937479546,0.748
1076,0.4061568903220745,0.766
1077,0.41202262083789953,0.674
1078,0.37861442974127524,0.709
1079,0.4314084037102258,0.709
1080,0.40607252227426754,0.703
1081,0.33185443464597275,0.743
1082,0.3509589967389464,0.741
1083,0.45475576941454254,0.788
1084,0.4375372542920208,0.817
1085,0.42904827535603024,0.821
1086,0.5084383307684894,0.814
1087,0.49867266874714744,0.854
1088,0.46815879099081337,0.882
1089,0.31657544793424003,0.858
1090,0.4700008588347017,0.875
1091,0.5785465571243705,0.917
1092,0.5304924464581469,0.907
1093,0.4430054646678992,0.863
1094,0.507458798211686,0.915
1095,0.5685508486649709,0.944
1096,0.509031184368629,0.907
1097,0.5379765089126685,0.891
1098,0.5939763234022566,0.954
1099,0.5285926741592487,0.953
1100,0.45359753523092533,0.903
1101,0.5181079620589517,0.921
1102,0.5639738169476429,0.966
1103,0.45168042198020747,0.932
1104,0.45473817045247905,0.91
1105,0.5267873030049021,0.954
1106,0.5878594563138555,0.954
1107,0.5138695987567677,0.922
1108,0.41514903654084007,0.92
1109,0.478111367749063,0.949
1110,0.48248898691161524,0.934
1111,0.5178573182694154,0.909
1112,0.5717415892278207,0.926
1113,0.5401608813722321,0.897
1114,0.5119249778962555,0.869
1115,0.526312995771294,0.861
1116,0.48954794930950396,0.838
1117,0.4743534445019741,0.802
1118,0.4692459781651589,0.707
1119,0.48075409855093504,0.758
1120,0.3622933685917863,0.711
1121,0.5329849043073415,0.727
1122,0.25791444954500486,0.807
1123,0.46464996487068705,0.844
1124,0.5271071859058194,0.877
1125,0.4965444525991567,0.894
1126,0.5828645163191071,0.904
1127,0.4931079887950668,0.899
1128,0.550945180759714,0.888
1129,0.5660850586122183,0.844
1130,0.46384911056069605,0.828
1131,0.5567642162809675,0.784
1132,0.5682383337578009,0.77
1133,0.5717060203129741,0.713
1134,0.5376975435472052,0.655
