patch,s1_binding_sites,s2_binding_sites
0_7797_0,6685_1;6685_2,6685_1;6685_109;6685_2
0_7797_1,6685_3;6685_4,6685_3;6685_4
0_30351_1,6685_0;6685_200,29177_0
0_30351_0,6685_21,29177_1
0_7797_12,6685_17;6685_23;6685_275,6685_17;6685_23
0_7797_50,6685_1;6685_2,6685_1;6685_109;6685_2
0_7797_10,6685_1;6685_2;6685_216,6685_1;6685_109;6685_2;6685_274
0_84583_0,6685_261,67859_0
0_84583_1,6685_262;6685_265,67859_1
0_84583_2,6685_264,67859_2
0_65015_1,6685_6;6685_97,826_11;826_6
0_84583_3,6685_263,67859_3
0_68029_1,6685_141,58881_1
0_68029_0,6685_121,58881_0
0_84526_0,6685_257,67714_0
0_84528_0,6685_257,68960_0
0_84526_2,6685_259,67714_2
0_37133_0,6685_16;6685_29,50357_0
0_84526_1,6685_258,67714_1
0_84528_2,6685_258,68960_2
0_84528_1,6685_259,68960_1
0_36172_0,6685_141;6685_16,855_2
0_37133_1,6685_15,50357_1
0_36172_1,6685_0;6685_102,855_3
0_65015_0,6685_140;6685_193;6685_25,826_12;826_5
0_7797_45,6685_3,6685_4
0_71809_1,6685_180,61390_1;61390_5
0_71809_3,6685_179;6685_191,61390_3;61390_7
0_71809_0,6685_178,61390_0;61390_6
0_68025_2,6685_160,58988_2
0_37640_0,6685_68;6685_91,17396_6;17396_9
0_68025_0,6685_158,58988_0
0_68025_1,6685_159,58988_1
0_86523_0,6685_65,69254_0
0_58710_0,6685_95,53936_0
0_88672_0,6685_286;6685_287,70621_0
0_65066_0,6685_141,57692_0
0_65066_1,6685_0,57692_1
0_71809_2,6685_154,61390_2;61390_8
0_40054_0,6685_18;6685_6,48_1
0_39640_1,6685_0,19589_3
0_39640_0,6685_16,19589_2
0_86788_0,6685_144,69425_0
0_7797_33,6685_117;6685_4,6685_3
0_7797_34,6685_115;6685_2,6685_116
0_30898_0,6685_16,15620_0
0_54455_3,6685_170,18205_3
0_7797_53,6685_2;6685_216,6685_274
0_71809_5,6685_192,61390_9
0_71990_2,6685_192,29706_2
0_71990_1,6685_191,29706_1
0_71990_0,6685_189,29706_0
0_7797_37,6685_115;6685_2,6685_1;6685_171
0_64884_1,6685_138,57534_1
0_77539_0,6685_180,64640_0
0_64117_5,6685_135;6685_252,57138_6
0_65015_2,6685_193;6685_248,826_5
0_64884_0,6685_136,57534_0
0_78931_0,6685_250,65302_0
0_77539_2,6685_236,64640_2
0_84584_0,6685_266,67810_0
0_88388_2,6685_59,70377_2
0_88388_1,6685_164;6685_84,70377_1
0_88388_0,6685_282,70377_0
0_7797_31,6685_2,6685_274
0_78931_2,6685_249,65302_4
0_86788_1,6685_241,69425_1
0_27409_0,6685_6,1226_0
0_77539_3,6685_179,64640_3
0_39365_1,6685_16,21605_2
0_39365_0,6685_15,21605_1
0_76571_0,6685_231,1054_6
0_27409_1,6685_33,1226_1
0_30898_1,6685_15,15620_1
0_76571_1,6685_233,1054_8
0_64117_6,6685_139,57138_7
0_7797_32,6685_3,6685_4
0_77539_1,6685_235,64640_1
0_88672_1,6685_102;6685_231,70621_1
0_78931_1,6685_121,65302_3
0_65468_0,6685_113,30084_4
0_62487_0,6685_29,56034_0
0_65469_0,6685_114,30919_5
0_65427_2,6685_112,14619_7
0_71990_3,6685_190,29706_3
0_37640_3,6685_14;6685_92,17396_10;17396_14;17396_5
0_65426_0,6685_144,10005_5
0_39587_1,6685_3,52041_5
0_39587_0,6685_109,52041_4
0_55905_1,6685_142,7269_10
0_55905_0,6685_3,7269_3
0_68030_2,6685_59,59014_2
0_62487_1,6685_121,56034_1
0_64117_0,6685_128,57138_1
0_64117_1,6685_128;6685_130,57138_2
0_64117_2,6685_128;6685_129,57138_3
0_64117_3,6685_135,57138_4
0_64117_4,6685_137;6685_251,57138_5
0_68016_0,6685_150,58915_4
0_55905_3,6685_107,7269_13
0_68016_2,6685_152,58915_8
0_65426_2,6685_193,10005_6
0_68016_1,6685_151,58915_7
0_62065_1,6685_111;6685_184,16098_5
0_78738_2,6685_128,34091_4
0_65427_3,6685_146;6685_195,14619_5
0_65468_1,6685_194,30084_5
0_62130_0,6685_144;6685_15,10300_9
0_84584_1,6685_267,67810_2
0_40054_2,6685_25,48_2
0_88672_2,6685_0,70621_1
0_62132_0,6685_114,30848_8
0_62131_0,6685_113,29503_2
0_65427_4,6685_111,14619_2
0_62063_0,6685_3,7715_10
0_62063_2,6685_107,7715_12
0_62064_0,6685_109,8956_10
0_62064_1,6685_3,8956_11
0_62065_2,6685_112;6685_168,16098_6
0_78734_5,6685_246,65196_12
0_78738_1,6685_128;6685_129,34091_3
0_58710_1,6685_25,53936_1
0_74512_4,6685_220,62741_4
0_74512_5,6685_221,62741_5
0_74512_6,6685_222,62741_6
0_74512_2,6685_218,62741_0
0_74512_1,6685_218,62741_0
0_68030_1,6685_164,59014_1
0_74512_7,6685_223,62741_7
0_54455_2,6685_169;6685_90,18205_1;18205_11
0_68030_0,6685_162,59014_0
0_74517_0,6685_225,5616_6
0_71809_4,6685_181,61390_4
0_7797_35,6685_117,6685_3
0_74512_3,6685_219,62741_3
0_40054_1,6685_25,48_2
0_54455_5,6685_169,18205_16
0_27063_0,6685_6,386_0
0_27063_1,6685_80,386_1
0_78738_0,6685_128;6685_129,34091_1
0_74512_0,6685_0,62741_0
0_36173_0,6685_51,331_0
0_36173_1,6685_6,331_1
0_64117_8,6685_161,57138_22
0_65426_1,6685_145,10005_6
0_65427_0,6685_146,14619_5
0_68021_2,6685_152,58917_8
0_68021_3,6685_157,58917_11
0_71860_0,6685_187,61415_2
0_68021_1,6685_156,58917_7
0_68021_0,6685_155,58917_6
0_68016_4,6685_154,58915_13
0_68016_3,6685_153,58915_12
0_68030_3,6685_162,59014_0
0_65427_1,6685_147,14619_6
0_68030_4,6685_164,59014_1
0_68021_6,6685_166,58917_17
0_68021_4,6685_150,58917_14
0_54455_6,6685_89,18205_17
0_78572_1,6685_241,65149_1
0_78571_1,6685_241,65142_1
0_38911_0,6685_6,1128_2
0_38911_1,6685_69,1128_3
0_74516_2,6685_217,62746_3
0_74515_2,6685_26,62728_3
0_74514_2,6685_215,62727_3
0_62427_1,6685_120,55985_1
0_64117_7,6685_161,57138_22
0_71860_1,6685_188,61415_3
0_68021_5,6685_151,58917_16
0_71885_0,6685_186,61437_3
0_62131_1,6685_185,29503_3
0_62065_3,6685_183,16098_9
0_62130_1,6685_145,10300_11
0_62063_6,6685_182,7715_13
0_62063_5,6685_106,7715_11
0_68025_4,6685_168,58988_17
0_68025_3,6685_167,58988_16
0_74512_9,6685_200,62741_2
0_74512_8,6685_209,62741_8
0_62427_0,6685_119,55985_0
0_55905_2,6685_143,7269_11
0_84583_5,6685_260,67859_5
0_86523_1,6685_65,69254_0
0_74517_1,6685_200,5616_2
0_74517_2,6685_201,5616_3
0_74517_3,6685_211,5616_4
0_74517_4,6685_102,5616_5
0_7797_51,6685_17,6685_23
0_74517_5,6685_224,5616_5
0_76571_2,6685_232,1054_7
0_7797_44,6685_2,6685_1
0_76844_0,6685_234,64173_0
0_84583_4,6685_44,67859_4
0_74512_10,6685_210,62741_9
0_78571_0,6685_121,65142_0
0_78572_0,6685_102,65149_0
0_78734_0,6685_128,65196_2
0_78734_1,6685_130,65196_3
0_78734_2,6685_245,65196_1
0_78734_3,6685_128,65196_4
0_64117_10,6685_139,57138_32
0_64117_9,6685_137,57138_31
0_78734_4,6685_129,65196_1
0_78734_6,6685_247,65196_14
0_86523_2,6685_276,69254_1
0_7797_52,6685_216,6685_277
0_86523_3,6685_208,69254_1
0_37640_1,6685_278,17396_17
0_74512_11,6685_202,62741_10
0_74512_12,6685_211,62741_2
0_74514_0,6685_212,62727_0
0_74514_1,6685_213,62727_1
0_74515_0,6685_214,62728_0
0_7797_40,6685_4,6685_3
0_62065_0,6685_110,16098_4
0_74515_1,6685_211,62728_1
0_8920_1,6685_5,35233_0
0_74516_0,6685_214,62746_0
0_62063_3,6685_108,7715_13
0_7797_41,6685_4,6685_3
0_62063_1,6685_106,7715_11
0_74516_1,6685_200,62746_1
0_7797_42,6685_216,6685_1
0_37640_2,6685_92,17396_10
0_54455_1,6685_89,18205_10
0_7797_55,6685_283,6685_284
0_7797_54,6685_216,6685_171
0_54455_7,6685_279,18205_16
0_37640_5,6685_92,17396_17
0_88388_3,6685_285,70377_3
