patch,interaction_type,n_noeuds,n_arretes,n_interactions,s2_partners,n_s2_partners,ids_interactions,avg_contacts,s2_seq_clusters,n_s2_seq_clusters,binding_site_clusters,n_binding_site_clusters
0_7797_0,homo,1,1,640,[],0,"[np.int64(633), np.int64(600), np.int64(599), np.int64(632), np.int64(4712), np.int64(4713), np.int64(4693), np.int64(4672), np.int64(2297), np.int64(2298), np.int64(2321), np.int64(2309), np.int64(4520), np.int64(4519), np.int64(4494), np.int64(4447), np.int64(4581), np.int64(4561), np.int64(4598), np.int64(4615), np.int64(4281), np.int64(4298), np.int64(4301), np.int64(4237), np.int64(4190), np.int64(4168), np.int64(4170), np.int64(4129), np.int64(3947), np.int64(3970), np.int64(3973), np.int64(3908), np.int64(4081), np.int64(4080), np.int64(4057), np.int64(4019), np.int64(3831), np.int64(3811), np.int64(3870), np.int64(3868), np.int64(3685), np.int64(3760), np.int64(3758), np.int64(3735), np.int64(3129), np.int64(3147), np.int64(3150), np.int64(3090), np.int64(3437), np.int64(3460), np.int64(3484), np.int64(3503), np.int64(3589), np.int64(3588), np.int64(3631), np.int64(3629), np.int64(3237), np.int64(3258), np.int64(3261), np.int64(3195), np.int64(3331), np.int64(3307), np.int64(3385), np.int64(3383), np.int64(1256), np.int64(1305), np.int64(1235), np.int64(1278), np.int64(810), np.int64(809), np.int64(826), np.int64(846), np.int64(2856), np.int64(2876), np.int64(2879), np.int64(2808), np.int64(2989), np.int64(2988), np.int64(2967), np.int64(2921), np.int64(739), np.int64(703), np.int64(720), np.int64(721), np.int64(637), np.int64(638), np.int64(611), np.int64(578), np.int64(548), np.int64(520), np.int64(496), np.int64(480), np.int64(460), np.int64(441), np.int64(2933), np.int64(2934), np.int64(2913), np.int64(2893), np.int64(4922), np.int64(4910), np.int64(4895), np.int64(4880), np.int64(4832), np.int64(4849), np.int64(4848), np.int64(4821), np.int64(68), np.int64(51), np.int64(33), np.int64(13), np.int64(5009), np.int64(4989), np.int64(4970), np.int64(4951), np.int64(2734), np.int64(2709), np.int64(2684), np.int64(2662), np.int64(2094), np.int64(2074), np.int64(2055), np.int64(2033), np.int64(4036), np.int64(4079), np.int64(4078), np.int64(4054), np.int64(152), np.int64(99), np.int64(133), np.int64(112), np.int64(2604), np.int64(2605), np.int64(2580), np.int64(2562), np.int64(2724), np.int64(2726), np.int64(2698), np.int64(2652), np.int64(305), np.int64(349), np.int64(306), np.int64(327), np.int64(289), np.int64(4823), np.int64(4835), np.int64(4836), np.int64(4810), np.int64(4705), np.int64(4685), np.int64(4665), np.int64(4646), np.int64(4628), np.int64(4477), np.int64(4501), np.int64(4502), np.int64(4435), np.int64(3595), np.int64(3567), np.int64(3445), np.int64(3419), np.int64(3395), np.int64(3368), np.int64(3341), np.int64(3223), np.int64(3222), np.int64(3244), np.int64(3243), np.int64(3115), np.int64(3114), np.int64(3135), np.int64(3134), np.int64(3015), np.int64(3035), np.int64(3037), np.int64(2977), np.int64(2135), np.int64(2148), np.int64(2149), np.int64(2101), np.int64(2041), np.int64(2060), np.int64(2061), np.int64(1999), np.int64(1931), np.int64(1950), np.int64(1951), np.int64(1899), np.int64(1843), np.int64(1859), np.int64(1860), np.int64(1811), np.int64(1745), np.int64(1767), np.int64(1768), np.int64(1710), np.int64(1668), np.int64(1682), np.int64(1683), np.int64(1628), np.int64(2718), np.int64(2692), np.int64(2669), np.int64(2646), np.int64(2625), np.int64(2599), np.int64(4764), np.int64(4753), np.int64(4736), np.int64(4720), np.int64(4701), np.int64(4681), np.int64(2557), np.int64(2541), np.int64(2524), np.int64(2506), np.int64(2492), np.int64(2476), np.int64(2446), np.int64(2430), np.int64(2419), np.int64(2406), np.int64(2393), np.int64(2378), np.int64(3967), np.int64(3943), np.int64(3924), np.int64(3906), np.int64(3865), np.int64(3846), np.int64(3830), np.int64(3808), np.int64(3754), np.int64(3731), np.int64(3708), np.int64(3678), np.int64(3647), np.int64(3585), np.int64(3555), np.int64(3609), np.int64(3610), np.int64(4553), np.int64(4532), np.int64(4512), np.int64(4485), np.int64(4463), np.int64(4440), np.int64(4425), np.int64(2138), np.int64(2123), np.int64(2106), np.int64(2086), np.int64(2069), np.int64(1490), np.int64(1596), np.int64(1580), np.int64(1562), np.int64(1539), np.int64(1522), np.int64(3348), np.int64(3319), np.int64(3295), np.int64(3273), np.int64(3251), np.int64(3204), np.int64(3186), np.int64(3162), np.int64(3140), np.int64(3121), np.int64(2027), np.int64(2008), np.int64(1983), np.int64(1959), np.int64(1937), np.int64(1904), np.int64(1887), np.int64(1871), np.int64(1852), np.int64(1835), np.int64(4289), np.int64(4270), np.int64(4251), np.int64(4229), np.int64(4206), np.int64(4182), np.int64(4160), np.int64(4140), np.int64(4122), np.int64(4098), np.int64(4073), np.int64(4028), np.int64(4009), np.int64(3988), np.int64(3962), np.int64(3939), np.int64(3918), np.int64(3900), np.int64(3879), np.int64(3861), np.int64(3844), np.int64(4390), np.int64(4369), np.int64(4348), np.int64(4327), np.int64(1798), np.int64(1779), np.int64(1756), np.int64(1734), np.int64(1700), np.int64(1689), np.int64(1675), np.int64(1659), np.int64(1636), np.int64(1601), np.int64(1588), np.int64(1573), np.int64(1550), np.int64(1530), np.int64(1510), np.int64(1441), np.int64(1418), np.int64(1398), np.int64(1382), np.int64(1325), np.int64(1302), np.int64(1276), np.int64(1252), np.int64(1232), np.int64(1463), np.int64(1464), np.int64(1445), np.int64(1402), np.int64(2182), np.int64(2191), np.int64(2192), np.int64(2160), np.int64(1136), np.int64(1108), np.int64(1076), np.int64(1077), np.int64(1034), np.int64(1014), np.int64(3702), np.int64(3705), np.int64(3675), np.int64(3624), np.int64(3604), np.int64(3581), np.int64(3552), np.int64(3524), np.int64(1190), np.int64(1169), np.int64(1144), np.int64(1115), np.int64(1086), np.int64(1063), np.int64(1041), np.int64(997), np.int64(977), np.int64(950), np.int64(932), np.int64(914), np.int64(896), np.int64(879), np.int64(844), np.int64(805), np.int64(788), np.int64(772), np.int64(754), np.int64(738), np.int64(700), np.int64(662), np.int64(635), np.int64(607), np.int64(574), np.int64(545), np.int64(425), np.int64(408), np.int64(391), np.int64(373), np.int64(354), np.int64(332), np.int64(311), np.int64(293), np.int64(257), np.int64(232), np.int64(206), np.int64(188), np.int64(172), np.int64(157), np.int64(138), np.int64(118), np.int64(2768), np.int64(2745), np.int64(2722), np.int64(2696), np.int64(827), np.int64(812), np.int64(795), np.int64(779), np.int64(741), np.int64(723), np.int64(706), np.int64(687), np.int64(4572), np.int64(4550), np.int64(4528), np.int64(4507), np.int64(4480), np.int64(4436), np.int64(4421), np.int64(4405), np.int64(4387), np.int64(4364), np.int64(4306), np.int64(4287), np.int64(4267), np.int64(4246), np.int64(4223), np.int64(4153), np.int64(4134), np.int64(4114), np.int64(4091), np.int64(4066), np.int64(4025), np.int64(4005), np.int64(3981), np.int64(3955), np.int64(3933), np.int64(3894), np.int64(3874), np.int64(3855), np.int64(3839), np.int64(3821), np.int64(3770), np.int64(3745), np.int64(3722), np.int64(3695), np.int64(3664), np.int64(420), np.int64(457), np.int64(456), np.int64(438), np.int64(2245), np.int64(2233), np.int64(2218), np.int64(2203), np.int64(2179), np.int64(2169), np.int64(2156), np.int64(2144), np.int64(749), np.int64(731), np.int64(713), np.int64(695), np.int64(676), np.int64(629), np.int64(596), np.int64(564), np.int64(535), np.int64(470), np.int64(451), np.int64(433), np.int64(415), np.int64(398), np.int64(3618), np.int64(3598), np.int64(3571), np.int64(3541), np.int64(3514), np.int64(363), np.int64(342), np.int64(343), np.int64(319), np.int64(3189), np.int64(3166), np.int64(3167), np.int64(3143), np.int64(3144), np.int64(1257), np.int64(1237), np.int64(1218), np.int64(1199), np.int64(1178), np.int64(1155), np.int64(1126), np.int64(1098), np.int64(1069), np.int64(248), np.int64(250), np.int64(223), np.int64(226), np.int64(197), np.int64(181), np.int64(151), np.int64(1737), np.int64(1738), np.int64(1721), np.int64(1705), np.int64(4351), np.int64(4374), np.int64(4375), np.int64(4330), np.int64(4257), np.int64(4278), np.int64(4279), np.int64(4235), np.int64(4621), np.int64(4637), np.int64(4617), np.int64(4602), np.int64(4584), np.int64(3468), np.int64(3470), np.int64(3422), np.int64(3424), np.int64(3371), np.int64(643), np.int64(646), np.int64(584), np.int64(616), np.int64(525), np.int64(3269), np.int64(3291), np.int64(3247), np.int64(3226), np.int64(3316), np.int64(265), np.int64(241), np.int64(216), np.int64(192), np.int64(3137), np.int64(3158), np.int64(3182), np.int64(3184), np.int64(4496), np.int64(4497), np.int64(4473), np.int64(4452), np.int64(3406), np.int64(3379), np.int64(3353), np.int64(3326), np.int64(3303), np.int64(2823), np.int64(2825), np.int64(2799), np.int64(2774), np.int64(2776), np.int64(2729), np.int64(2677), np.int64(2655), np.int64(2633), np.int64(2608), np.int64(2583), np.int64(87), np.int64(71), np.int64(55), np.int64(37), np.int64(16), np.int64(5031), np.int64(5013), np.int64(4993), np.int64(4974), np.int64(4954), np.int64(1625), np.int64(1645), np.int64(1646), np.int64(1594), np.int64(1554), np.int64(1534), np.int64(1514), np.int64(1501), np.int64(3256), np.int64(3234), np.int64(3212), np.int64(3192), np.int64(3170), np.int64(2929), np.int64(2910), np.int64(2890), np.int64(2868), np.int64(2844), np.int64(3285), np.int64(3264), np.int64(3176), np.int64(3153), np.int64(3081), np.int64(3062), np.int64(3043), np.int64(3020), np.int64(2554), np.int64(2555), np.int64(2539), np.int64(2521), np.int64(2471), np.int64(2472), np.int64(2458), np.int64(2445), np.int64(4962), np.int64(4943), np.int64(4928), np.int64(4918), np.int64(4870), np.int64(4856), np.int64(4842), np.int64(4799), np.int64(4782), np.int64(4769), np.int64(2402), np.int64(2389), np.int64(2373), np.int64(2358), np.int64(2340), np.int64(2327), np.int64(2314), np.int64(4727), np.int64(4708), np.int64(4689), np.int64(4669), np.int64(4650), np.int64(4631), np.int64(4614), np.int64(2288), np.int64(2272), np.int64(2253), np.int64(2242), np.int64(2228), np.int64(2211), np.int64(2198), np.int64(4578), np.int64(4556), np.int64(4536), np.int64(4516), np.int64(4489), np.int64(4467), np.int64(4444), np.int64(2496), np.int64(2466), np.int64(2453), np.int64(2482)]",35.39,6685,1,"['6685_1', '6685_109', '6685_2']",3
0_7797_1,homo,1,1,520,[],0,"[np.int64(570), np.int64(631), np.int64(569), np.int64(4710), np.int64(4711), np.int64(4655), np.int64(2320), np.int64(2307), np.int64(2284), np.int64(4493), np.int64(4521), np.int64(4495), np.int64(4580), np.int64(4599), np.int64(4616), np.int64(4299), np.int64(4282), np.int64(4300), np.int64(4189), np.int64(4148), np.int64(4169), np.int64(3971), np.int64(3948), np.int64(3972), np.int64(4056), np.int64(4082), np.int64(4058), np.int64(3832), np.int64(3869), np.int64(3850), np.int64(3714), np.int64(3736), np.int64(3759), np.int64(3148), np.int64(3130), np.int64(3149), np.int64(3461), np.int64(3485), np.int64(3504), np.int64(3560), np.int64(3630), np.int64(3613), np.int64(3259), np.int64(3238), np.int64(3260), np.int64(3332), np.int64(3384), np.int64(3359), np.int64(1255), np.int64(1279), np.int64(1306), np.int64(825), np.int64(845), np.int64(792), np.int64(2877), np.int64(2857), np.int64(2878), np.int64(2966), np.int64(2990), np.int64(2968), np.int64(740), np.int64(719), np.int64(684), np.int64(639), np.int64(640), np.int64(610), np.int64(612), np.int64(579), np.int64(549), np.int64(521), np.int64(497), np.int64(481), np.int64(2931), np.int64(2932), np.int64(2872), np.int64(4923), np.int64(4911), np.int64(4896), np.int64(4846), np.int64(4808), np.int64(4847), np.int64(69), np.int64(52), np.int64(34), np.int64(5010), np.int64(4990), np.int64(4971), np.int64(2735), np.int64(2710), np.int64(2685), np.int64(4075), np.int64(4016), np.int64(4076), np.int64(113), np.int64(153), np.int64(134), np.int64(2602), np.int64(2603), np.int64(2548), np.int64(2725), np.int64(2727), np.int64(2699), np.int64(326), np.int64(350), np.int64(273), np.int64(304), np.int64(4833), np.int64(4834), np.int64(4795), np.int64(4706), np.int64(4686), np.int64(4666), np.int64(4647), np.int64(4500), np.int64(4456), np.int64(4504), np.int64(3446), np.int64(3396), np.int64(3369), np.int64(3181), np.int64(3242), np.int64(3201), np.int64(3080), np.int64(3133), np.int64(3096), np.int64(3036), np.int64(3016), np.int64(3038), np.int64(2147), np.int64(2119), np.int64(2150), np.int64(2059), np.int64(2019), np.int64(2062), np.int64(1949), np.int64(1917), np.int64(1952), np.int64(1858), np.int64(1829), np.int64(1861), np.int64(1766), np.int64(1724), np.int64(1769), np.int64(1681), np.int64(1650), np.int64(1684), np.int64(2719), np.int64(2693), np.int64(2670), np.int64(2647), np.int64(2626), np.int64(4765), np.int64(4754), np.int64(4737), np.int64(4721), np.int64(4702), np.int64(2558), np.int64(2542), np.int64(2525), np.int64(2507), np.int64(2493), np.int64(2447), np.int64(2431), np.int64(2420), np.int64(2407), np.int64(2394), np.int64(3968), np.int64(3944), np.int64(3923), np.int64(3866), np.int64(3847), np.int64(3829), np.int64(3755), np.int64(3732), np.int64(3709), np.int64(3679), np.int64(3607), np.int64(3608), np.int64(3527), np.int64(4554), np.int64(4533), np.int64(4513), np.int64(4486), np.int64(4464), np.int64(4441), np.int64(2139), np.int64(2124), np.int64(2107), np.int64(2087), np.int64(1597), np.int64(1581), np.int64(1563), np.int64(1540), np.int64(3349), np.int64(3320), np.int64(3296), np.int64(3274), np.int64(3205), np.int64(3187), np.int64(3163), np.int64(3141), np.int64(2028), np.int64(2009), np.int64(1984), np.int64(1960), np.int64(1905), np.int64(1888), np.int64(1872), np.int64(1853), np.int64(4290), np.int64(4271), np.int64(4252), np.int64(4230), np.int64(4207), np.int64(4183), np.int64(4161), np.int64(4141), np.int64(4123), np.int64(4099), np.int64(4029), np.int64(4010), np.int64(3989), np.int64(3963), np.int64(3940), np.int64(3919), np.int64(3901), np.int64(3880), np.int64(3862), np.int64(4391), np.int64(4370), np.int64(4349), np.int64(1799), np.int64(1780), np.int64(1757), np.int64(1701), np.int64(1690), np.int64(1676), np.int64(1660), np.int64(1602), np.int64(1589), np.int64(1574), np.int64(1551), np.int64(1531), np.int64(1483), np.int64(1460), np.int64(1442), np.int64(1419), np.int64(1399), np.int64(1347), np.int64(1326), np.int64(1303), np.int64(1277), np.int64(1253), np.int64(1462), np.int64(1465), np.int64(1423), np.int64(2190), np.int64(2173), np.int64(2193), np.int64(1137), np.int64(1107), np.int64(1078), np.int64(1056), np.int64(1033), np.int64(3701), np.int64(3644), np.int64(3625), np.int64(3605), np.int64(3582), np.int64(3553), np.int64(1191), np.int64(1170), np.int64(1145), np.int64(1116), np.int64(1087), np.int64(1064), np.int64(998), np.int64(978), np.int64(951), np.int64(933), np.int64(915), np.int64(897), np.int64(806), np.int64(789), np.int64(773), np.int64(755), np.int64(663), np.int64(636), np.int64(608), np.int64(575), np.int64(426), np.int64(409), np.int64(392), np.int64(374), np.int64(355), np.int64(333), np.int64(312), np.int64(258), np.int64(233), np.int64(207), np.int64(189), np.int64(173), np.int64(158), np.int64(139), np.int64(2769), np.int64(2746), np.int64(2723), np.int64(828), np.int64(813), np.int64(796), np.int64(742), np.int64(724), np.int64(707), np.int64(4573), np.int64(4551), np.int64(4529), np.int64(4508), np.int64(4437), np.int64(4422), np.int64(4406), np.int64(4388), np.int64(4307), np.int64(4288), np.int64(4268), np.int64(4247), np.int64(4154), np.int64(4135), np.int64(4115), np.int64(4092), np.int64(4026), np.int64(4006), np.int64(3982), np.int64(3956), np.int64(3895), np.int64(3875), np.int64(3856), np.int64(3840), np.int64(3771), np.int64(3746), np.int64(3723), np.int64(3696), np.int64(455), np.int64(403), np.int64(454), np.int64(2246), np.int64(2234), np.int64(2219), np.int64(2180), np.int64(2170), np.int64(2157), np.int64(750), np.int64(732), np.int64(714), np.int64(696), np.int64(630), np.int64(597), np.int64(565), np.int64(536), np.int64(362), np.int64(341), np.int64(299), np.int64(3188), np.int64(3165), np.int64(3124), np.int64(3104), np.int64(1258), np.int64(1238), np.int64(1219), np.int64(1200), np.int64(1179), np.int64(1156), np.int64(1127), np.int64(1099), np.int64(249), np.int64(224), np.int64(225), np.int64(198), np.int64(199), np.int64(182), np.int64(1739), np.int64(1740), np.int64(1720), np.int64(4372), np.int64(4312), np.int64(4373), np.int64(4276), np.int64(4212), np.int64(4277), np.int64(4587), np.int64(4638), np.int64(4618), np.int64(4601), np.int64(3469), np.int64(3448), np.int64(3423), np.int64(3400), np.int64(644), np.int64(645), np.int64(617), np.int64(618), np.int64(3270), np.int64(3317), np.int64(3248), np.int64(3292), np.int64(266), np.int64(242), np.int64(217), np.int64(3157), np.int64(3183), np.int64(3159), np.int64(4498), np.int64(4472), np.int64(4451), np.int64(3407), np.int64(3380), np.int64(3354), np.int64(3327), np.int64(2824), np.int64(2826), np.int64(2798), np.int64(2800), np.int64(2775), np.int64(2753), np.int64(2678), np.int64(2656), np.int64(2634), np.int64(2609), np.int64(88), np.int64(72), np.int64(56), np.int64(38), np.int64(17), np.int64(5032), np.int64(5014), np.int64(4994), np.int64(4975), np.int64(1644), np.int64(1608), np.int64(1647), np.int64(1555), np.int64(1535), np.int64(1515), np.int64(1467), np.int64(1427), np.int64(1470), np.int64(1371), np.int64(1353), np.int64(1333), np.int64(1311), np.int64(1285), np.int64(1028), np.int64(988), np.int64(890), np.int64(872), np.int64(854), np.int64(836), np.int64(689), np.int64(670), np.int64(653), np.int64(625), np.int64(590), np.int64(3257), np.int64(3235), np.int64(3213), np.int64(3193), np.int64(2930), np.int64(2911), np.int64(2891), np.int64(2869), np.int64(3334), np.int64(3310), np.int64(3286), np.int64(3217), np.int64(3198), np.int64(3177), np.int64(3082), np.int64(3063), np.int64(3044), np.int64(2556), np.int64(2538), np.int64(2520), np.int64(2473), np.int64(2457), np.int64(2444), np.int64(4963), np.int64(4944), np.int64(4929), np.int64(4887), np.int64(4871), np.int64(4857), np.int64(4813), np.int64(4800), np.int64(4783), np.int64(2403), np.int64(2390), np.int64(2374), np.int64(2359), np.int64(2341), np.int64(2328), np.int64(4728), np.int64(4709), np.int64(4690), np.int64(4670), np.int64(4651), np.int64(4632), np.int64(2289), np.int64(2273), np.int64(2254), np.int64(2243), np.int64(2229), np.int64(2212), np.int64(4579), np.int64(4557), np.int64(4537), np.int64(4517), np.int64(4490), np.int64(4468), np.int64(2497), np.int64(2467), np.int64(2481)]",94.64,6685,1,"['6685_3', '6685_4']",2
0_7797_12,homo,1,1,86,[],0,"[np.int64(4336), np.int64(4396), np.int64(4378), np.int64(1175), np.int64(1150), np.int64(1195), np.int64(1223), np.int64(1205), np.int64(1185), np.int64(1162), np.int64(1133), np.int64(1049), np.int64(1008), np.int64(963), np.int64(782), np.int64(762), np.int64(748), np.int64(508), np.int64(488), np.int64(469), np.int64(449), np.int64(395), np.int64(378), np.int64(361), np.int64(295), np.int64(280), np.int64(262), np.int64(3834), np.int64(3814), np.int64(3790), np.int64(3717), np.int64(3690), np.int64(3658), np.int64(3591), np.int64(3563), np.int64(3533), np.int64(3463), np.int64(3440), np.int64(3414), np.int64(3110), np.int64(3093), np.int64(3074), np.int64(3010), np.int64(2993), np.int64(2972), np.int64(2904), np.int64(2884), np.int64(2861), np.int64(2788), np.int64(2764), np.int64(2739), np.int64(2665), np.int64(2642), np.int64(2620), np.int64(2082), np.int64(2065), np.int64(2045), np.int64(2023), np.int64(2003), np.int64(1978), np.int64(1919), np.int64(1902), np.int64(1882), np.int64(1831), np.int64(1814), np.int64(1794), np.int64(1773), np.int64(1749), np.int64(1728), np.int64(1686), np.int64(1671), np.int64(1654), np.int64(1599), np.int64(1584), np.int64(1567), np.int64(1506), np.int64(1493), np.int64(1479), np.int64(1455), np.int64(1436), np.int64(1378), np.int64(1364), np.int64(1342), np.int64(1320), np.int64(1295), np.int64(1270)]",38.63,6685,1,"['6685_17', '6685_23', '6685_275']",3
0_30351_1,hetero,3,2,74,"['Cofilin-1', 'Cofilin-2']",2,"[np.int64(1123), np.int64(1152), np.int64(1196), np.int64(1225), np.int64(1207), np.int64(1187), np.int64(1164), np.int64(1135), np.int64(1051), np.int64(1010), np.int64(965), np.int64(692), np.int64(296), np.int64(281), np.int64(264), np.int64(238), np.int64(211), np.int64(3835), np.int64(3815), np.int64(3792), np.int64(3766), np.int64(3742), np.int64(3718), np.int64(3691), np.int64(3660), np.int64(3592), np.int64(3564), np.int64(3535), np.int64(3509), np.int64(3464), np.int64(3441), np.int64(3416), np.int64(3390), np.int64(3363), np.int64(3112), np.int64(3094), np.int64(3076), np.int64(3058), np.int64(3034), np.int64(3013), np.int64(2995), np.int64(2974), np.int64(2950), np.int64(2925), np.int64(2905), np.int64(2885), np.int64(2863), np.int64(2839), np.int64(2789), np.int64(2765), np.int64(2741), np.int64(2666), np.int64(2643), np.int64(2622), np.int64(2596), np.int64(2573), np.int64(4332), np.int64(4394), np.int64(4376), np.int64(1093), np.int64(906), np.int64(780), np.int64(759), np.int64(744), np.int64(726), np.int64(506), np.int64(485), np.int64(465), np.int64(445), np.int64(393), np.int64(375), np.int64(357), np.int64(335), np.int64(314)]",90.68,29177,1,"['29177_0', '6685_0', '6685_200']",3
0_7797_10,homo,1,1,70,[],0,"[np.int64(4355), np.int64(4354), np.int64(4397), np.int64(4395), np.int64(1194), np.int64(1121), np.int64(1174), np.int64(1151), np.int64(1482), np.int64(1459), np.int64(339), np.int64(294), np.int64(261), np.int64(236), np.int64(3833), np.int64(3813), np.int64(3789), np.int64(3764), np.int64(3716), np.int64(3689), np.int64(3657), np.int64(3590), np.int64(3562), np.int64(3532), np.int64(3507), np.int64(3462), np.int64(3439), np.int64(3413), np.int64(3388), np.int64(3109), np.int64(3092), np.int64(3073), np.int64(3056), np.int64(2992), np.int64(2971), np.int64(2948), np.int64(2903), np.int64(2883), np.int64(2860), np.int64(2763), np.int64(2664), np.int64(2641), np.int64(2619), np.int64(2594), np.int64(2081), np.int64(2064), np.int64(2044), np.int64(2022), np.int64(2002), np.int64(1977), np.int64(1955), np.int64(1901), np.int64(1881), np.int64(1864), np.int64(1830), np.int64(1813), np.int64(1793), np.int64(1772), np.int64(1748), np.int64(1727), np.int64(1713), np.int64(1685), np.int64(1670), np.int64(1653), np.int64(1631), np.int64(1583), np.int64(1454), np.int64(1414), np.int64(1363), np.int64(1319)]",33.04,6685,1,"['6685_1', '6685_109', '6685_2', '6685_216', '6685_274', '6685_293']",6
0_30351_0,hetero,3,2,62,"['Cofilin-1', 'Cofilin-2']",2,"[np.int64(1095), np.int64(1122), np.int64(1173), np.int64(1149), np.int64(1224), np.int64(1206), np.int64(1186), np.int64(1163), np.int64(1134), np.int64(1105), np.int64(1074), np.int64(1050), np.int64(1009), np.int64(964), np.int64(925), np.int64(655), np.int64(263), np.int64(237), np.int64(210), np.int64(3791), np.int64(3765), np.int64(3741), np.int64(3659), np.int64(3635), np.int64(3616), np.int64(3534), np.int64(3508), np.int64(3488), np.int64(3415), np.int64(3389), np.int64(3362), np.int64(3075), np.int64(3057), np.int64(3033), np.int64(2973), np.int64(2949), np.int64(2924), np.int64(2862), np.int64(2838), np.int64(2814), np.int64(2740), np.int64(2717), np.int64(2690), np.int64(2621), np.int64(2595), np.int64(2572), np.int64(4313), np.int64(4352), np.int64(4331), np.int64(905), np.int64(865), np.int64(758), np.int64(743), np.int64(725), np.int64(708), np.int64(464), np.int64(444), np.int64(427), np.int64(410), np.int64(356), np.int64(334), np.int64(313)]",58.44,29177,1,"['29177_1', '6685_21']",2
0_7797_50,homo,1,1,47,[],0,"[np.int64(1448), np.int64(1468), np.int64(1469), np.int64(1406), np.int64(1370), np.int64(1352), np.int64(1332), np.int64(1310), np.int64(1284), np.int64(1262), np.int64(1222), np.int64(1204), np.int64(1184), np.int64(1161), np.int64(1132), np.int64(1104), np.int64(1048), np.int64(1027), np.int64(1007), np.int64(987), np.int64(962), np.int64(943), np.int64(908), np.int64(889), np.int64(871), np.int64(853), np.int64(835), np.int64(819), np.int64(781), np.int64(761), np.int64(747), np.int64(729), np.int64(688), np.int64(669), np.int64(652), np.int64(624), np.int64(589), np.int64(558), np.int64(507), np.int64(487), np.int64(468), np.int64(448), np.int64(430), np.int64(394), np.int64(377), np.int64(360), np.int64(279)]",33.89,6685,1,"['6685_1', '6685_109', '6685_2']",3
0_90082_0,hetero,3,2,38,"['Cofilin', 'Cofilin (UNC-60B)']",2,"[np.int64(2083), np.int64(2066), np.int64(2048), np.int64(2026), np.int64(2006), np.int64(1980), np.int64(1920), np.int64(1903), np.int64(1885), np.int64(1868), np.int64(1849), np.int64(1832), np.int64(1815), np.int64(1797), np.int64(1777), np.int64(1753), np.int64(1731), np.int64(1687), np.int64(1672), np.int64(1656), np.int64(1633), np.int64(1614), np.int64(1600), np.int64(1586), np.int64(1570), np.int64(1547), np.int64(1527), np.int64(1507), np.int64(1494), np.int64(1481), np.int64(1457), np.int64(1438), np.int64(1379), np.int64(1365), np.int64(1345), np.int64(1323), np.int64(1299), np.int64(1273)]",94.42,71419,1,"['6685_0', '71419_0']",2
0_90082_1,hetero,3,2,32,"['Cofilin', 'Cofilin (UNC-60B)']",2,"[np.int64(2047), np.int64(2025), np.int64(2005), np.int64(1979), np.int64(1956), np.int64(1934), np.int64(1884), np.int64(1867), np.int64(1848), np.int64(1796), np.int64(1776), np.int64(1752), np.int64(1730), np.int64(1714), np.int64(1699), np.int64(1569), np.int64(1546), np.int64(1526), np.int64(1480), np.int64(1456), np.int64(1437), np.int64(1415), np.int64(1395), np.int64(1344), np.int64(1322), np.int64(1298), np.int64(1272), np.int64(1249), np.int64(1229), np.int64(1655), np.int64(1632), np.int64(1613)]",79.78,71419,1,"['6685_290', '71419_1']",2
0_84583_0,hetero,2,1,26,"['Coronin-1B,Methylated-DNA--protein-cysteine methyltransferase']",1,"[np.int64(1449), np.int64(1429), np.int64(1466), np.int64(1407), np.int64(1389), np.int64(1372), np.int64(1355), np.int64(1335), np.int64(1313), np.int64(1287), np.int64(1264), np.int64(1243), np.int64(1029), np.int64(989), np.int64(944), np.int64(690), np.int64(672), np.int64(626), np.int64(592), np.int64(560), np.int64(532), np.int64(886), np.int64(848), np.int64(831), np.int64(814), np.int64(798)]",76.12,67859,1,"['6685_261', '67859_0']",2
0_84583_1,hetero,2,1,23,"['Coronin-1B,Methylated-DNA--protein-cysteine methyltransferase']",1,"[np.int64(1450), np.int64(1472), np.int64(1408), np.int64(1373), np.int64(1356), np.int64(1336), np.int64(1314), np.int64(1288), np.int64(1265), np.int64(1052), np.int64(1012), np.int64(967), np.int64(691), np.int64(656), np.int64(627), np.int64(593), np.int64(561), np.int64(1425), np.int64(907), np.int64(867), np.int64(850), np.int64(830), np.int64(816)]",15.26,67859,1,"['6685_262', '6685_265', '67859_1']",3
0_84583_2,hetero,2,1,22,"['Coronin-1B,Methylated-DNA--protein-cysteine methyltransferase']",1,"[np.int64(1428), np.int64(1471), np.int64(1388), np.int64(1354), np.int64(1334), np.int64(1312), np.int64(1286), np.int64(1263), np.int64(1242), np.int64(1011), np.int64(966), np.int64(926), np.int64(671), np.int64(654), np.int64(591), np.int64(559), np.int64(531), np.int64(1404), np.int64(866), np.int64(829), np.int64(815), np.int64(797)]",37.32,67859,1,"['6685_264', '67859_2']",2
0_65015_1,hetero,5,4,19,"['Myosin heavy chain 4', 'Myosin-6', 'Myosin-7', 'beta-cardiac myosin II']",4,"[np.int64(4640), np.int64(4620), np.int64(4603), np.int64(4585), np.int64(3471), np.int64(3449), np.int64(3427), np.int64(3373), np.int64(3403), np.int64(3347), np.int64(648), np.int64(586), np.int64(555), np.int64(528), np.int64(504), np.int64(620), np.int64(3606), np.int64(4545), np.int64(4562)]",97.32,826,1,"['6685_6', '6685_97', '826_11', '826_6']",4
0_84583_3,hetero,2,1,18,"['Coronin-1B,Methylated-DNA--protein-cysteine methyltransferase']",1,"[np.int64(1430), np.int64(1473), np.int64(1374), np.int64(1357), np.int64(1337), np.int64(1315), np.int64(1289), np.int64(1030), np.int64(990), np.int64(673), np.int64(657), np.int64(628), np.int64(594), np.int64(1447), np.int64(887), np.int64(868), np.int64(849), np.int64(832)]",55.06,67859,1,"['6685_263', '67859_3']",2
0_68029_0,hetero,2,1,16,['Spectrin beta chain'],1,"[np.int64(4291), np.int64(4272), np.int64(4254), np.int64(4232), np.int64(4209), np.int64(4185), np.int64(4163), np.int64(4143), np.int64(4030), np.int64(4011), np.int64(3991), np.int64(3965), np.int64(3942), np.int64(3921), np.int64(3903), np.int64(3882)]",28.25,58881,1,"['58881_0', '6685_121']",2
0_68029_1,hetero,2,1,16,['Spectrin beta chain'],1,"[np.int64(4253), np.int64(4231), np.int64(4208), np.int64(4184), np.int64(4162), np.int64(4142), np.int64(4124), np.int64(4100), np.int64(3990), np.int64(3964), np.int64(3941), np.int64(3920), np.int64(3902), np.int64(3881), np.int64(3863), np.int64(3845)]",117.06,58881,1,"['58881_1', '6685_141']",2
0_84526_0,hetero,2,1,12,['VopV'],1,"[np.int64(2827), np.int64(2802), np.int64(2777), np.int64(2756), np.int64(2730), np.int64(2705), np.int64(2680), np.int64(2658), np.int64(2636), np.int64(2611), np.int64(2585), np.int64(2566)]",96.08,67714,1,"['6685_257', '67714_0']",2
0_84528_0,hetero,2,1,11,['Vibrio VopV'],1,"[np.int64(89), np.int64(74), np.int64(58), np.int64(40), np.int64(19), np.int64(5034), np.int64(5016), np.int64(4996), np.int64(4977), np.int64(4956), np.int64(4937)]",97.45,68960,1,"['6685_257', '68960_0']",2
0_84526_2,hetero,2,1,11,['VopV'],1,"[np.int64(2829), np.int64(2801), np.int64(2779), np.int64(2755), np.int64(2704), np.int64(2679), np.int64(2657), np.int64(2635), np.int64(2610), np.int64(2584), np.int64(2565)]",55.91,67714,1,"['6685_259', '67714_2']",2
0_84526_1,hetero,2,1,11,['VopV'],1,"[np.int64(2828), np.int64(2803), np.int64(2778), np.int64(2754), np.int64(2731), np.int64(2703), np.int64(2681), np.int64(2659), np.int64(2637), np.int64(2612), np.int64(2586)]",51.64,67714,1,"['6685_258', '67714_1']",2
0_37133_0,hetero,2,1,11,['Epididymis secretory protein Li 37'],1,"[np.int64(641), np.int64(613), np.int64(580), np.int64(551), np.int64(522), np.int64(499), np.int64(482), np.int64(462), np.int64(442), np.int64(424), np.int64(406)]",76.55,50357,1,"['50357_0', '6685_16', '6685_29']",3
0_84528_1,hetero,2,1,10,['Vibrio VopV'],1,"[np.int64(90), np.int64(75), np.int64(59), np.int64(41), np.int64(20), np.int64(5035), np.int64(5017), np.int64(4997), np.int64(4978), np.int64(4957)]",63.6,68960,1,"['6685_259', '68960_1']",2
0_84528_2,hetero,2,1,10,['Vibrio VopV'],1,"[np.int64(73), np.int64(57), np.int64(39), np.int64(18), np.int64(5033), np.int64(5015), np.int64(4995), np.int64(4976), np.int64(4955), np.int64(4936)]",50.1,68960,1,"['6685_258', '68960_2']",2
0_36172_1,hetero,2,1,9,['Catenin alpha-1'],1,"[np.int64(2010), np.int64(1985), np.int64(1961), np.int64(1939), np.int64(1923), np.int64(346), np.int64(320), np.int64(2963), np.int64(2900)]",70.33,855,1,"['6685_0', '6685_102', '855_3']",3
0_65015_0,hetero,4,3,9,"['Myosin heavy chain 4', 'Myosin-7', 'beta-cardiac myosin II']",3,"[np.int64(4604), np.int64(4586), np.int64(4568), np.int64(3425), np.int64(3401), np.int64(3372), np.int64(3346), np.int64(3583), np.int64(4636)]",14.67,826,1,"['6685_140', '6685_193', '6685_25', '826_12', '826_5']",5
0_37133_1,hetero,2,1,9,['Epididymis secretory protein Li 37'],1,"[np.int64(642), np.int64(614), np.int64(581), np.int64(550), np.int64(523), np.int64(498), np.int64(483), np.int64(461), np.int64(423)]",32.78,50357,1,"['50357_1', '6685_15']",2
0_90083_0,hetero,2,1,9,['Actin-interacting protein 1'],1,"[np.int64(2046), np.int64(1883), np.int64(1866), np.int64(1795), np.int64(1775), np.int64(1585), np.int64(1545), np.int64(1343), np.int64(1297)]",36.67,2353,1,"['2353_0', '6685_266']",2
0_36172_0,hetero,2,1,9,['Catenin alpha-1'],1,"[np.int64(2029), np.int64(2011), np.int64(1986), np.int64(1962), np.int64(1938), np.int64(364), np.int64(344), np.int64(2943), np.int64(2964)]",89.89,855,1,"['6685_141', '6685_16', '855_2']",3
0_71809_1,hetero,2,1,8,['Cell invasion protein SipA'],1,"[np.int64(995), np.int64(1015), np.int64(1057), np.int64(1110), np.int64(999), np.int64(980), np.int64(916), np.int64(899)]",104.5,61390,1,"['61390_1', '61390_5', '6685_180']",3
0_7797_45,homo,1,1,8,[],0,"[np.int64(471), np.int64(452), np.int64(434), np.int64(416), np.int64(3619), np.int64(3599), np.int64(3572), np.int64(3542)]",103.25,6685,1,"['6685_3', '6685_4']",2
0_71809_0,hetero,2,1,7,['Cell invasion protein SipA'],1,"[np.int64(1037), np.int64(994), np.int64(1109), np.int64(1139), np.int64(1000), np.int64(934), np.int64(917)]",67.14,61390,1,"['61390_0', '61390_6', '6685_178']",3
0_71809_3,hetero,2,1,7,['Cell invasion protein SipA'],1,"[np.int64(1016), np.int64(1079), np.int64(1058), np.int64(979), np.int64(954), np.int64(898), np.int64(881)]",67.29,61390,1,"['61390_3', '61390_7', '6685_179', '6685_191']",4
0_7797_53,homo,1,1,7,[],0,"[np.int64(2836), np.int64(2787), np.int64(2738), np.int64(2714), np.int64(1918), np.int64(1598), np.int64(1566)]",31.29,6685,1,"['6685_2', '6685_216', '6685_274', '6685_293']",4
0_90083_2,hetero,2,1,6,['Actin-interacting protein 1'],1,"[np.int64(2004), np.int64(1846), np.int64(1750), np.int64(1729), np.int64(1544), np.int64(1296)]",37.0,2353,1,"['2353_2', '6685_292']",2
0_90083_1,hetero,2,1,6,['Actin-interacting protein 1'],1,"[np.int64(2024), np.int64(1865), np.int64(1774), np.int64(1751), np.int64(1568), np.int64(1321)]",35.0,2353,1,"['2353_1', '6685_291']",2
0_37640_0,hetero,2,1,6,['F-actin-capping protein subunit alpha-1'],1,"[np.int64(1617), np.int64(2812), np.int64(2688), np.int64(3001), np.int64(4704), np.int64(3479)]",27.5,17396,1,"['17396_6', '17396_9', '6685_68', '6685_91']",4
0_68025_0,hetero,2,1,6,['Dematin actin binding protein'],1,"[np.int64(4248), np.int64(4203), np.int64(4157), np.int64(3985), np.int64(3936), np.int64(3897)]",101.0,58988,1,"['58988_0', '6685_158']",2
0_68025_1,hetero,2,1,6,['Dematin actin binding protein'],1,"[np.int64(4226), np.int64(4179), np.int64(4137), np.int64(3959), np.int64(3915), np.int64(3876)]",114.67,58988,1,"['58988_1', '6685_159']",2
0_68025_2,hetero,2,1,6,['Dematin actin binding protein'],1,"[np.int64(4202), np.int64(4156), np.int64(4119), np.int64(3935), np.int64(3896), np.int64(3858)]",28.33,58988,1,"['58988_2', '6685_160']",2
0_71809_2,hetero,2,1,5,['Cell invasion protein SipA'],1,"[np.int64(1081), np.int64(1035), np.int64(1138), np.int64(952), np.int64(935)]",25.4,61390,1,"['61390_2', '61390_8', '6685_154']",3
0_86523_0,hetero,2,1,5,['Adenylyl cyclase-associated protein 1'],1,"[np.int64(3335), np.int64(3199), np.int64(3111), np.int64(3011), np.int64(2994)]",83.8,69254,1,"['6685_65', '69254_0']",2
0_58710_0,hetero,2,1,5,"['Maltose/maltodextrin-binding periplasmic protein,Adenylate cyclase ExoY']",1,"[np.int64(4476), np.int64(4455), np.int64(4499), np.int64(4434), np.int64(4419)]",138.0,53936,1,"['53936_0', '6685_95']",2
0_88672_0,hetero,2,1,5,['Gelsolin'],1,"[np.int64(2342), np.int64(4652), np.int64(2230), np.int64(4491), np.int64(4469)]",94.4,70621,1,"['6685_286', '6685_287', '70621_0']",3
0_7797_57,homo,1,1,5,[],0,"[np.int64(1505), np.int64(1492), np.int64(1377), np.int64(1294), np.int64(1269)]",43.8,6685,1,"['6685_274', '6685_293', '6685_294']",3
0_40054_0,hetero,2,1,5,['Myosin-7'],1,"[np.int64(4053), np.int64(4035), np.int64(4074), np.int64(3883), np.int64(3777)]",104.2,48,1,"['48_1', '6685_18', '6685_6']",3
0_65066_1,hetero,2,1,5,['Alpha-catenin-like protein hmp-1'],1,"[np.int64(2125), np.int64(2108), np.int64(2088), np.int64(2071), np.int64(2051)]",59.0,57692,1,"['57692_1', '6685_0']",2
0_65066_0,hetero,2,1,5,['Alpha-catenin-like protein hmp-1'],1,"[np.int64(2140), np.int64(2126), np.int64(2109), np.int64(2089), np.int64(2070)]",91.6,57692,1,"['57692_0', '6685_141']",2
0_30898_0,hetero,2,1,5,['Filamin-A'],1,"[np.int64(3715), np.int64(3686), np.int64(3761), np.int64(3653), np.int64(3738)]",120.0,15620,1,"['15620_0', '6685_16']",2
0_86788_0,hetero,2,1,5,['Inositol-trisphosphate 3-kinase A'],1,"[np.int64(2501), np.int64(2553), np.int64(2517), np.int64(2486), np.int64(2537)]",46.0,69425,1,"['6685_144', '69425_0']",2
0_39640_0,hetero,2,1,5,['Catenin alpha-1'],1,"[np.int64(351), np.int64(308), np.int64(328), np.int64(274), np.int64(256)]",86.0,19589,1,"['19589_2', '6685_16']",2
0_39640_1,hetero,2,1,5,['Catenin alpha-1'],1,"[np.int64(307), np.int64(290), np.int64(329), np.int64(275), np.int64(255)]",77.2,19589,1,"['19589_3', '6685_0']",2
0_7797_33,homo,1,1,5,[],0,"[np.int64(3596), np.int64(3568), np.int64(3420), np.int64(3342), np.int64(3315)]",80.4,6685,1,"['6685_117', '6685_3', '6685_4']",3
0_7797_34,homo,1,1,5,[],0,"[np.int64(3538), np.int64(3489), np.int64(3466), np.int64(3314), np.int64(3289)]",24.4,6685,1,"['6685_115', '6685_116', '6685_2']",3
0_7797_56,homo,1,1,5,[],0,"[np.int64(1543), np.int64(1478), np.int64(1435), np.int64(1341), np.int64(1247)]",37.4,6685,1,"['6685_274', '6685_293', '6685_294']",3
0_71809_5,hetero,2,1,4,['Cell invasion protein SipA'],1,"[np.int64(953), np.int64(936), np.int64(880), np.int64(862)]",14.5,61390,1,"['61390_9', '6685_192']",2
0_77539_0,hetero,2,1,4,['Cell invasion protein SipA'],1,"[np.int64(126), np.int64(107), np.int64(147), np.int64(165)]",76.25,64640,1,"['64640_0', '6685_180']",2
0_78931_0,hetero,2,1,4,['Talin-1'],1,"[np.int64(243), np.int64(218), np.int64(193), np.int64(178)]",134.25,65302,1,"['65302_0', '6685_250']",2
0_7797_37,homo,1,1,4,[],0,"[np.int64(1346), np.int64(3309), np.int64(3197), np.int64(4886)]",31.0,6685,1,"['6685_1', '6685_115', '6685_171', '6685_2']",4
0_71990_1,hetero,2,1,4,['Cell invasion protein SipA'],1,"[np.int64(1171), np.int64(1147), np.int64(1065), np.int64(1043)]",68.25,29706,1,"['29706_1', '6685_191']",2
0_54455_3,hetero,2,1,4,['F-actin-capping protein subunit beta'],1,"[np.int64(1618), np.int64(2813), np.int64(2689), np.int64(3002)]",76.25,18205,1,"['18205_3', '6685_170']",2
0_65015_2,hetero,2,1,4,['Myosin-6'],1,"[np.int64(527), np.int64(649), np.int64(505), np.int64(621)]",13.25,826,1,"['6685_193', '6685_248', '826_5']",3
0_71990_2,hetero,2,1,4,['Cell invasion protein SipA'],1,"[np.int64(1146), np.int64(1118), np.int64(1042), np.int64(1020)]",16.0,29706,1,"['29706_2', '6685_192']",2
0_64884_0,hetero,3,2,4,"['Isoform A2 of Troponin T, cardiac muscle', 'Troponin T2, cardiac type']",2,"[np.int64(3757), np.int64(3734), np.int64(3408), np.int64(3382)]",31.0,57534,1,"['57534_0', '6685_136']",2
0_64117_5,hetero,2,1,4,['Tropomyosin alpha-1 chain'],1,"[np.int64(3711), np.int64(3681), np.int64(3356), np.int64(3329)]",7.5,57138,1,"['57138_6', '6685_135', '6685_252']",3
0_64884_1,hetero,3,2,4,"['Isoform A2 of Troponin T, cardiac muscle', 'Troponin T2, cardiac type']",2,"[np.int64(3712), np.int64(3682), np.int64(3357), np.int64(3330)]",53.25,57534,1,"['57534_1', '6685_138']",2
0_71990_0,hetero,2,1,4,['Cell invasion protein SipA'],1,"[np.int64(1192), np.int64(1172), np.int64(1088), np.int64(1066)]",68.0,29706,1,"['29706_0', '6685_189']",2
0_88388_2,hetero,2,1,3,['Leiomodin-2'],1,"[np.int64(4858), np.int64(4801), np.int64(4784)]",22.33,70377,1,"['6685_59', '70377_2']",2
0_88388_1,hetero,2,1,3,['Leiomodin-2'],1,"[np.int64(4872), np.int64(4814), np.int64(4802)]",123.67,70377,1,"['6685_164', '6685_84', '70377_1']",3
0_88672_1,hetero,2,1,3,['Gelsolin'],1,"[np.int64(2255), np.int64(4538), np.int64(4518)]",60.67,70621,1,"['6685_102', '6685_231', '70621_1']",3
0_77539_2,hetero,2,1,3,['Cell invasion protein SipA'],1,"[np.int64(194), np.int64(247), np.int64(222)]",16.0,64640,1,"['64640_2', '6685_236']",2
0_90083_3,hetero,2,1,3,['Actin-interacting protein 1'],1,"[np.int64(1847), np.int64(1525), np.int64(1271)]",65.0,2353,1,"['2353_1', '6685_267']",2
0_39587_0,hetero,2,1,3,['Actin-related protein 2'],1,"[np.int64(1489), np.int64(843), np.int64(699)]",41.33,52041,1,"['52041_4', '6685_109']",2
0_76571_0,hetero,2,1,3,['Gelsolin'],1,"[np.int64(697), np.int64(566), np.int64(537)]",81.67,1054,1,"['1054_6', '6685_231']",2
0_88388_0,hetero,2,1,3,['Leiomodin-2'],1,"[np.int64(4888), np.int64(4815), np.int64(4744)]",40.67,70377,1,"['6685_282', '70377_0']",2
0_76571_1,hetero,2,1,3,['Gelsolin'],1,"[np.int64(660), np.int64(512), np.int64(491)]",204.67,1054,1,"['1054_8', '6685_233']",2
0_7797_31,homo,1,1,3,[],0,"[np.int64(3634), np.int64(3333), np.int64(3216)]",30.33,6685,1,"['6685_2', '6685_274']",2
0_77539_3,hetero,2,1,3,['Cell invasion protein SipA'],1,"[np.int64(146), np.int64(195), np.int64(179)]",59.0,64640,1,"['64640_3', '6685_179']",2
0_30898_1,hetero,2,1,3,['Filamin-A'],1,"[np.int64(3654), np.int64(3687), np.int64(3737)]",39.0,15620,1,"['15620_1', '6685_15']",2
0_27409_1,hetero,2,1,3,['Unconventional myosin-Ib'],1,"[np.int64(4448), np.int64(2663), np.int64(4596)]",43.0,1226,1,"['1226_1', '6685_33']",2
0_27409_0,hetero,2,1,3,['Unconventional myosin-Ib'],1,"[np.int64(4522), np.int64(2711), np.int64(4539)]",105.0,1226,1,"['1226_0', '6685_6']",2
0_86788_1,hetero,2,1,3,['Inositol-trisphosphate 3-kinase A'],1,"[np.int64(2516), np.int64(2485), np.int64(2536)]",20.33,69425,1,"['6685_241', '69425_1']",2
0_78931_1,hetero,2,1,3,['Talin-1'],1,"[np.int64(267), np.int64(244), np.int64(219)]",39.33,65302,1,"['65302_3', '6685_121']",2
0_78931_2,hetero,2,1,3,['Talin-1'],1,"[np.int64(268), np.int64(245), np.int64(220)]",22.33,65302,1,"['65302_4', '6685_249']",2
0_84584_0,hetero,2,1,3,"['WD repeat-containing protein 1,Methylated-DNA--protein-cysteine methyltransferase']",1,"[np.int64(239), np.int64(213), np.int64(336)]",54.33,67810,1,"['6685_266', '67810_0']",2
0_65469_0,hetero,2,1,3,['Actin-related protein 2/3 complex subunit 4'],1,"[np.int64(1519), np.int64(735), np.int64(542)]",65.0,30919,1,"['30919_5', '6685_114']",2
0_39365_0,hetero,2,1,3,['Utrophin'],1,"[np.int64(100), np.int64(86), np.int64(114)]",31.67,21605,1,"['21605_1', '6685_15']",2
0_7797_32,homo,1,1,3,[],0,"[np.int64(2095), np.int64(2075), np.int64(2056)]",83.67,6685,1,"['6685_3', '6685_4']",2
0_37640_3,hetero,2,1,3,['F-actin-capping protein subunit alpha-1'],1,"[np.int64(1637), np.int64(3703), np.int64(3021)]",71.0,17396,1,"['17396_10', '17396_14', '17396_5', '6685_14', '6685_92']",5
0_64117_6,hetero,2,1,3,['Tropomyosin alpha-1 chain'],1,"[np.int64(3648), np.int64(3628), np.int64(3278)]",14.0,57138,1,"['57138_7', '6685_139']",2
0_64117_4,hetero,2,1,3,['Tropomyosin alpha-1 chain'],1,"[np.int64(3710), np.int64(3680), np.int64(3355)]",11.33,57138,1,"['57138_5', '6685_137', '6685_251']",3
0_64117_3,hetero,2,1,3,['Tropomyosin alpha-1 chain'],1,"[np.int64(3756), np.int64(3733), np.int64(3381)]",11.33,57138,1,"['57138_4', '6685_135']",2
0_77539_1,hetero,2,1,3,['Cell invasion protein SipA'],1,"[np.int64(221), np.int64(246), np.int64(127)]",44.0,64640,1,"['64640_1', '6685_235']",2
0_65468_0,hetero,2,1,3,['Actin-related protein 2/3 complex subunit 3'],1,"[np.int64(1595), np.int64(804), np.int64(661)]",11.33,30084,1,"['30084_4', '6685_113']",2
0_65427_2,hetero,2,1,3,['Actin-related protein 2/3 complex subunit 2'],1,"[np.int64(1502), np.int64(716), np.int64(515)]",60.67,14619,1,"['14619_7', '6685_112']",2
0_71990_3,hetero,2,1,3,['Cell invasion protein SipA'],1,"[np.int64(1193), np.int64(1117), np.int64(1089)]",35.67,29706,1,"['29706_3', '6685_190']",2
0_65426_0,hetero,2,1,3,['Actin-related protein 2/3 complex subunit 1'],1,"[np.int64(1558), np.int64(767), np.int64(602)]",39.0,10005,1,"['10005_5', '6685_144']",2
0_39587_1,hetero,2,1,3,['Actin-related protein 2'],1,"[np.int64(1474), np.int64(823), np.int64(679)]",93.33,52041,1,"['52041_5', '6685_3']",2
0_68030_2,hetero,2,1,3,['Tropomodulin-1'],1,"[np.int64(4255), np.int64(3992), np.int64(1304)]",21.67,59014,1,"['59014_2', '6685_59']",2
0_64117_2,hetero,2,1,3,['Tropomyosin alpha-1 chain'],1,"[np.int64(3888), np.int64(3782), np.int64(3611)]",18.67,57138,1,"['57138_3', '6685_128', '6685_129']",3
0_55905_1,hetero,2,1,3,['Actin-related protein 3'],1,"[np.int64(1557), np.int64(766), np.int64(601)]",32.0,7269,1,"['6685_142', '7269_10']",2
0_55905_0,hetero,2,1,3,['Actin-related protein 3'],1,"[np.int64(1488), np.int64(842), np.int64(698)]",128.0,7269,1,"['6685_3', '7269_3']",2
0_64117_1,hetero,2,1,3,['Tropomyosin alpha-1 chain'],1,"[np.int64(3945), np.int64(3848), np.int64(3556)]",16.0,57138,1,"['57138_2', '6685_128', '6685_130']",3
0_64117_0,hetero,2,1,3,['Tropomyosin alpha-1 chain'],1,"[np.int64(3969), np.int64(3867), np.int64(3586)]",22.33,57138,1,"['57138_1', '6685_128']",2
0_62487_1,hetero,2,1,3,['Plastin-3'],1,"[np.int64(3039), np.int64(2978), np.int64(2953)]",32.67,56034,1,"['56034_1', '6685_121']",2
0_62487_0,hetero,2,1,3,['Plastin-3'],1,"[np.int64(2998), np.int64(3017), np.int64(3040)]",73.33,56034,1,"['56034_0', '6685_29']",2
0_39365_1,hetero,2,1,3,['Utrophin'],1,"[np.int64(154), np.int64(115), np.int64(135)]",112.67,21605,1,"['21605_2', '6685_16']",2
0_65426_2,hetero,2,1,2,['Actin-related protein 2/3 complex subunit 1'],1,"[np.int64(733), np.int64(540)]",11.0,10005,1,"['10005_6', '6685_193']",2
0_65427_3,hetero,2,1,2,['Actin-related protein 2/3 complex subunit 2'],1,"[np.int64(768), np.int64(603)]",31.0,14619,1,"['14619_5', '6685_146', '6685_195']",3
0_65427_4,hetero,2,1,2,['Actin-related protein 2/3 complex subunit 2'],1,"[np.int64(734), np.int64(541)]",27.5,14619,1,"['14619_2', '6685_111']",2
0_55905_3,hetero,2,1,2,['Actin-related protein 3'],1,"[np.int64(751), np.int64(571)]",19.0,7269,1,"['6685_107', '7269_13']",2
0_62063_0,hetero,2,1,2,['Actin-related protein 3'],1,"[np.int64(3593), np.int64(3670)]",118.5,7715,1,"['6685_3', '7715_10']",2
0_68016_0,hetero,2,1,2,['Adducin 1'],1,"[np.int64(4044), np.int64(3825)]",104.5,58915,1,"['58915_4', '6685_150']",2
0_68016_2,hetero,2,1,2,['Adducin 1'],1,"[np.int64(4068), np.int64(3823)]",65.5,58915,1,"['58915_8', '6685_152']",2
0_84584_1,hetero,2,1,2,"['WD repeat-containing protein 1,Methylated-DNA--protein-cysteine methyltransferase']",1,"[np.int64(212), np.int64(315)]",83.0,67810,1,"['6685_267', '67810_2']",2
0_68016_1,hetero,2,1,2,['Adducin 1'],1,"[np.int64(4118), np.int64(3857)]",70.5,58915,1,"['58915_7', '6685_151']",2
0_62063_2,hetero,2,1,2,['Actin-related protein 3'],1,"[np.int64(3364), np.int64(3549)]",16.5,7715,1,"['6685_107', '7715_12']",2
0_88672_2,hetero,2,1,2,['Gelsolin'],1,"[np.int64(2375), np.int64(4691)]",41.0,70621,1,"['6685_0', '70621_1']",2
0_40054_2,hetero,2,1,2,['Myosin-7'],1,"[np.int64(3966), np.int64(3864)]",16.0,48,1,"['48_2', '6685_25']",2
0_62132_0,hetero,2,1,2,['Actin-related protein 2/3 complex subunit 4'],1,"[np.int64(3338), np.int64(3521)]",59.0,30848,1,"['30848_8', '6685_114']",2
0_62131_0,hetero,2,1,2,['Actin-related protein 2/3 complex subunit 3'],1,"[np.int64(3442), np.int64(3623)]",12.0,29503,1,"['29503_2', '6685_113']",2
0_62065_2,hetero,2,1,2,['Actin-related protein 2/3 complex subunit 2'],1,"[np.int64(3311), np.int64(3497)]",45.0,16098,1,"['16098_6', '6685_112', '6685_168']",3
0_62065_1,hetero,2,1,2,['Actin-related protein 2/3 complex subunit 2'],1,"[np.int64(3337), np.int64(3520)]",26.5,16098,1,"['16098_5', '6685_111', '6685_184']",3
0_62130_0,hetero,2,1,2,['Actin-related protein 2/3 complex subunit 1B'],1,"[np.int64(3392), np.int64(3576)]",29.0,10300,1,"['10300_9', '6685_144', '6685_15']",3
0_62064_1,hetero,2,1,2,['Actin-related protein 2'],1,"[np.int64(3565), np.int64(3641)]",94.5,8956,1,"['6685_3', '8956_11']",2
0_62064_0,hetero,2,1,2,['Actin-related protein 2'],1,"[np.int64(3594), np.int64(3671)]",39.5,8956,1,"['6685_109', '8956_10']",2
0_65468_1,hetero,2,1,2,['Actin-related protein 2/3 complex subunit 3'],1,"[np.int64(769), np.int64(604)]",10.5,30084,1,"['30084_5', '6685_194']",2
0_78738_2,hetero,2,1,2,['Tropomyosin alpha-1 chain'],1,"[np.int64(526), np.int64(503)]",17.5,34091,1,"['34091_4', '6685_128']",2
0_74512_3,hetero,2,1,2,['Inverted formin-2'],1,"[np.int64(4116), np.int64(3983)]",13.0,62741,1,"['62741_3', '6685_219']",2
0_74512_6,hetero,2,1,2,['Inverted formin-2'],1,"[np.int64(4094), np.int64(3958)]",48.0,62741,1,"['62741_6', '6685_222']",2
0_68030_1,hetero,2,1,2,['Tropomodulin-1'],1,"[np.int64(4273), np.int64(4012)]",191.0,59014,1,"['59014_1', '6685_164']",2
0_68030_0,hetero,2,1,2,['Tropomodulin-1'],1,"[np.int64(4293), np.int64(4032)]",214.0,59014,1,"['59014_0', '6685_162']",2
0_54455_2,hetero,3,2,2,"['F-actin-capping protein subunit beta', 'Isoform 2 of F-actin-capping protein subunit beta']",2,"[np.int64(1638), np.int64(4682)]",9.5,18205,1,"['18205_1', '18205_11', '6685_169', '6685_90']",4
0_74512_1,hetero,2,1,2,['Inverted formin-2'],1,"[np.int64(4155), np.int64(4027)]",28.0,62741,1,"['62741_0', '6685_218']",2
0_74512_2,hetero,2,1,2,['Inverted formin-2'],1,"[np.int64(4136), np.int64(4007)]",25.0,62741,1,"['62741_0', '6685_218']",2
0_7797_35,homo,1,1,2,[],0,"[np.int64(3490), np.int64(3467)]",65.5,6685,1,"['6685_117', '6685_3']",2
0_58710_1,hetero,2,1,2,"['Maltose/maltodextrin-binding periplasmic protein,Adenylate cyclase ExoY']",1,"[np.int64(4503), np.int64(4474)]",8.0,53936,1,"['53936_1', '6685_25']",2
0_40054_1,hetero,2,1,2,['Myosin-7'],1,"[np.int64(4077), np.int64(4052)]",16.5,48,1,"['48_2', '6685_25']",2
0_71809_4,hetero,2,1,2,['Cell invasion protein SipA'],1,"[np.int64(1036), np.int64(1080)]",12.0,61390,1,"['61390_4', '6685_181']",2
0_74512_7,hetero,2,1,2,['Inverted formin-2'],1,"[np.int64(4067), np.int64(3934)]",32.0,62741,1,"['62741_7', '6685_223']",2
0_54455_5,hetero,3,2,2,"['F-actin-capping protein subunit beta', 'Isoform 2 of F-actin-capping protein subunit beta']",2,"[np.int64(3704), np.int64(3022)]",9.5,18205,1,"['18205_16', '6685_169']",2
0_74512_5,hetero,2,1,2,['Inverted formin-2'],1,"[np.int64(4093), np.int64(3957)]",17.0,62741,1,"['62741_5', '6685_221']",2
0_36173_1,hetero,2,1,2,['Vinculin'],1,"[np.int64(2881), np.int64(2809)]",75.5,331,1,"['331_1', '6685_6']",2
0_36173_0,hetero,2,1,2,['Vinculin'],1,"[np.int64(2833), np.int64(2880)]",93.5,331,1,"['331_0', '6685_51']",2
0_74512_4,hetero,2,1,2,['Inverted formin-2'],1,"[np.int64(4117), np.int64(3984)]",33.0,62741,1,"['62741_4', '6685_220']",2
0_78734_5,hetero,2,1,2,['Tropomyosin beta chain'],1,"[np.int64(3426), np.int64(3402)]",19.0,65196,1,"['65196_12', '6685_246']",2
0_74512_0,hetero,2,1,2,['Inverted formin-2'],1,"[np.int64(4552), np.int64(4530)]",37.0,62741,1,"['62741_0', '6685_0']",2
0_27063_1,hetero,2,1,2,"['Myosin-14,Alpha-actinin A']",1,"[np.int64(2308), np.int64(2266)]",27.0,386,1,"['386_1', '6685_80']",2
0_27063_0,hetero,2,1,2,"['Myosin-14,Alpha-actinin A']",1,"[np.int64(2296), np.int64(2283)]",120.0,386,1,"['386_0', '6685_6']",2
0_78738_0,hetero,2,1,2,['Tropomyosin alpha-1 chain'],1,"[np.int64(647), np.int64(619)]",18.5,34091,1,"['34091_1', '6685_128', '6685_129']",3
0_78738_1,hetero,2,1,2,['Tropomyosin alpha-1 chain'],1,"[np.int64(554), np.int64(585)]",28.0,34091,1,"['34091_3', '6685_128', '6685_129']",3
0_74517_0,hetero,2,1,2,['Protein diaphanous homolog 1'],1,"[np.int64(3697), np.int64(3665)]",15.0,5616,1,"['5616_6', '6685_225']",2
0_68021_3,hetero,2,1,1,['Beta-adducin'],1,[np.int64(4048)],71.0,58917,1,"['58917_11', '6685_157']",2
0_68021_4,hetero,2,1,1,['Beta-adducin'],1,[np.int64(4070)],106.0,58917,1,"['58917_14', '6685_150']",2
0_64117_8,hetero,2,1,1,['Tropomyosin-1.9'],1,[np.int64(4031)],25.0,57138,1,"['57138_22', '6685_161']",2
0_64117_10,hetero,2,1,1,['Tropomyosin alpha-1 chain'],1,[np.int64(3304)],14.0,57138,1,"['57138_32', '6685_139']",2
0_68021_2,hetero,2,1,1,['Beta-adducin'],1,[np.int64(4047)],43.0,58917,1,"['58917_8', '6685_152']",2
0_68021_1,hetero,2,1,1,['Beta-adducin'],1,[np.int64(4069)],94.0,58917,1,"['58917_7', '6685_156']",2
0_68021_0,hetero,2,1,1,['Beta-adducin'],1,[np.int64(4095)],128.0,58917,1,"['58917_6', '6685_155']",2
0_68016_4,hetero,2,1,1,['Adducin 1'],1,[np.int64(4046)],24.0,58915,1,"['58915_13', '6685_154']",2
0_68016_3,hetero,2,1,1,['Adducin 1'],1,[np.int64(4045)],8.0,58915,1,"['58915_12', '6685_153']",2
0_68030_3,hetero,2,1,1,['Tropomodulin-1'],1,[np.int64(1348)],159.0,59014,1,"['59014_0', '6685_162']",2
0_71860_0,hetero,2,1,1,['Src substrate cortactin'],1,[np.int64(3700)],38.0,61415,1,"['61415_2', '6685_187']",2
0_65427_1,hetero,2,1,1,['Actin-related protein 2/3 complex subunit 2'],1,[np.int64(1518)],15.0,14619,1,"['14619_6', '6685_147']",2
0_65427_0,hetero,2,1,1,['Actin-related protein 2/3 complex subunit 2'],1,[np.int64(1559)],26.0,14619,1,"['14619_5', '6685_146']",2
0_65426_1,hetero,2,1,1,['Actin-related protein 2/3 complex subunit 1'],1,[np.int64(1517)],11.0,10005,1,"['10005_6', '6685_145']",2
0_68030_4,hetero,2,1,1,['Tropomodulin-1'],1,[np.int64(1327)],172.0,59014,1,"['59014_1', '6685_164']",2
0_68025_3,hetero,2,1,1,['Dematin actin binding protein'],1,[np.int64(4345)],12.0,58988,1,"['58988_16', '6685_167']",2
0_68021_5,hetero,2,1,1,['Beta-adducin'],1,[np.int64(3841)],69.0,58917,1,"['58917_16', '6685_151']",2
0_68021_6,hetero,2,1,1,['Beta-adducin'],1,[np.int64(3824)],40.0,58917,1,"['58917_17', '6685_166']",2
0_78572_1,hetero,2,1,1,['Inositol-trisphosphate 3-kinase A'],1,[np.int64(4234)],15.0,65149,1,"['65149_1', '6685_241']",2
0_78571_1,hetero,2,1,1,['Inositol-trisphosphate 3-kinase A'],1,[np.int64(4329)],15.0,65142,1,"['65142_1', '6685_241']",2
0_38911_0,hetero,2,1,1,['Myosin-A'],1,[np.int64(2935)],105.0,1128,1,"['1128_2', '6685_6']",2
0_38911_1,hetero,2,1,1,['Myosin-A'],1,[np.int64(2894)],38.0,1128,1,"['1128_3', '6685_69']",2
0_74516_2,hetero,2,1,1,['Inverted formin-2'],1,[np.int64(4178)],9.0,62746,1,"['62746_3', '6685_217']",2
0_74515_2,hetero,2,1,1,['Inverted formin-2'],1,[np.int64(4322)],15.0,62728,1,"['62728_3', '6685_26']",2
0_74514_2,hetero,2,1,1,['Inverted formin-2'],1,[np.int64(4321)],53.0,62727,1,"['62727_3', '6685_215']",2
0_62427_1,hetero,2,1,1,"['Maltose/maltodextrin-binding periplasmic protein,TccC3']",1,[np.int64(3241)],70.0,55985,1,"['55985_1', '6685_120']",2
0_64117_7,hetero,2,1,1,['Tropomyosin-1.9'],1,[np.int64(4292)],32.0,57138,1,"['57138_22', '6685_161']",2
0_54455_6,hetero,2,1,1,['Isoform 2 of F-actin-capping protein subunit beta'],1,[np.int64(3480)],74.0,18205,1,"['18205_17', '6685_89']",2
0_71860_1,hetero,2,1,1,['Src substrate cortactin'],1,[np.int64(3674)],149.0,61415,1,"['61415_3', '6685_188']",2
0_71885_0,hetero,2,1,1,['Actin-related protein 2/3 complex subunit 5-like protein'],1,[np.int64(3672)],15.0,61437,1,"['61437_3', '6685_186']",2
0_62131_1,hetero,2,1,1,['Actin-related protein 2/3 complex subunit 3'],1,[np.int64(3578)],11.0,29503,1,"['29503_3', '6685_185']",2
0_62065_3,hetero,2,1,1,['Actin-related protein 2/3 complex subunit 2'],1,[np.int64(3577)],47.0,16098,1,"['16098_9', '6685_183']",2
0_62130_1,hetero,2,1,1,['Actin-related protein 2/3 complex subunit 1B'],1,[np.int64(3519)],9.0,10300,1,"['10300_11', '6685_145']",2
0_62063_6,hetero,2,1,1,['Actin-related protein 3'],1,[np.int64(3518)],21.0,7715,1,"['6685_182', '7715_13']",2
0_62063_5,hetero,2,1,1,['Actin-related protein 3'],1,[np.int64(3575)],72.0,7715,1,"['6685_106', '7715_11']",2
0_68025_4,hetero,2,1,1,['Dematin actin binding protein'],1,[np.int64(4324)],27.0,58988,1,"['58988_17', '6685_168']",2
0_74512_9,hetero,2,1,1,['Inverted formin-2'],1,[np.int64(4481)],75.0,62741,1,"['62741_2', '6685_200']",2
0_74512_8,hetero,2,1,1,['Inverted formin-2'],1,[np.int64(4509)],15.0,62741,1,"['62741_8', '6685_209']",2
0_74514_0,hetero,2,1,1,['Inverted formin-2'],1,[np.int64(4389)],20.0,62727,1,"['62727_0', '6685_212']",2
0_55905_2,hetero,2,1,1,['Actin-related protein 3'],1,[np.int64(1536)],11.0,7269,1,"['6685_143', '7269_11']",2
0_76844_0,hetero,2,1,1,['Afadin'],1,[np.int64(345)],19.0,64173,1,"['64173_0', '6685_234']",2
0_74517_5,hetero,2,1,1,['Protein diaphanous homolog 1'],1,[np.int64(3724)],49.0,5616,1,"['5616_5', '6685_224']",2
0_76571_2,hetero,2,1,1,['Gelsolin'],1,[np.int64(677)],122.0,1054,1,"['1054_7', '6685_232']",2
0_54455_7,hetero,2,1,1,['F-actin-capping protein subunit beta'],1,[np.int64(2716)],9.0,18205,1,"['18205_16', '6685_279']",2
0_37640_5,hetero,2,1,1,['F-actin-capping protein subunit alpha-1'],1,[np.int64(2715)],50.0,17396,1,"['17396_17', '6685_92']",2
0_37640_1,hetero,2,1,1,['F-actin-capping protein subunit alpha-1'],1,[np.int64(2837)],33.0,17396,1,"['17396_17', '6685_278']",2
0_7797_44,homo,1,1,1,[],0,[np.int64(511)],36.0,6685,1,"['6685_1', '6685_2']",2
0_86523_3,hetero,2,1,1,['Adenylyl cyclase-associated protein 1'],1,[np.int64(3012)],12.0,69254,1,"['6685_208', '69254_1']",2
0_7797_52,homo,1,1,1,[],0,[np.int64(3009)],16.0,6685,1,"['6685_216', '6685_277']",2
0_86523_2,hetero,2,1,1,['Adenylyl cyclase-associated protein 1'],1,[np.int64(3219)],11.0,69254,1,"['6685_276', '69254_1']",2
0_86523_1,hetero,2,1,1,['Adenylyl cyclase-associated protein 1'],1,[np.int64(3218)],88.0,69254,1,"['6685_65', '69254_0']",2
0_78571_0,hetero,2,1,1,['Inositol-trisphosphate 3-kinase A'],1,[np.int64(4371)],47.0,65142,1,"['65142_0', '6685_121']",2
0_74512_10,hetero,2,1,1,['Inverted formin-2'],1,[np.int64(4482)],16.0,62741,1,"['62741_9', '6685_210']",2
0_78572_0,hetero,2,1,1,['Inositol-trisphosphate 3-kinase A'],1,[np.int64(4275)],51.0,65149,1,"['65149_0', '6685_102']",2
0_78734_0,hetero,2,1,1,['Tropomyosin alpha-1 chain'],1,[np.int64(4639)],15.0,65196,1,"['65196_2', '6685_128']",2
0_7797_51,homo,1,1,1,[],0,[np.int64(909)],57.0,6685,1,"['6685_17', '6685_23']",2
0_78734_1,hetero,2,1,1,['Tropomyosin alpha-1 chain'],1,[np.int64(4619)],13.0,65196,1,"['65196_3', '6685_130']",2
0_78734_2,hetero,2,1,1,['Tropomyosin alpha-1 chain'],1,[np.int64(4605)],26.0,65196,1,"['65196_1', '6685_245']",2
0_78734_3,hetero,2,1,1,['Tropomyosin alpha-1 chain'],1,[np.int64(4588)],15.0,65196,1,"['65196_4', '6685_128']",2
0_78734_4,hetero,2,1,1,['Tropomyosin alpha-1 chain'],1,[np.int64(4567)],18.0,65196,1,"['65196_1', '6685_129']",2
0_84583_5,hetero,2,1,1,"['Coronin-1B,Methylated-DNA--protein-cysteine methyltransferase']",1,[np.int64(1516)],61.0,67859,1,"['6685_260', '67859_5']",2
0_84583_4,hetero,2,1,1,"['Coronin-1B,Methylated-DNA--protein-cysteine methyltransferase']",1,[np.int64(1556)],36.0,67859,1,"['6685_44', '67859_4']",2
0_78734_6,hetero,2,1,1,['Tropomyosin beta chain'],1,[np.int64(3450)],12.0,65196,1,"['65196_14', '6685_247']",2
0_7797_54,homo,1,1,1,[],0,[np.int64(4812)],23.0,6685,1,"['6685_171', '6685_216']",2
0_7797_55,homo,1,1,1,[],0,[np.int64(4803)],48.0,6685,1,"['6685_283', '6685_284']",2
0_74517_4,hetero,2,1,1,['Protein diaphanous homolog 1'],1,[np.int64(3747)],37.0,5616,1,"['5616_5', '6685_102']",2
0_74517_3,hetero,2,1,1,['Protein diaphanous homolog 1'],1,[np.int64(3799)],77.0,5616,1,"['5616_4', '6685_211']",2
0_74512_11,hetero,2,1,1,['Inverted formin-2'],1,[np.int64(4459)],24.0,62741,1,"['62741_10', '6685_202']",2
0_74512_12,hetero,2,1,1,['Inverted formin-2'],1,[np.int64(4460)],99.0,62741,1,"['62741_2', '6685_211']",2
0_62427_0,hetero,2,1,1,"['Maltose/maltodextrin-binding periplasmic protein,TccC3']",1,[np.int64(3221)],38.0,55985,1,"['55985_0', '6685_119']",2
0_64117_9,hetero,2,1,1,['Tropomyosin alpha-1 chain'],1,[np.int64(3328)],10.0,57138,1,"['57138_31', '6685_137']",2
0_74514_1,hetero,2,1,1,['Inverted formin-2'],1,[np.int64(4365)],25.0,62727,1,"['62727_1', '6685_213']",2
0_74515_0,hetero,2,1,1,['Inverted formin-2'],1,[np.int64(4366)],24.0,62728,1,"['62728_0', '6685_214']",2
0_7797_40,homo,1,1,1,[],0,[np.int64(4367)],77.0,6685,1,"['6685_3', '6685_4']",2
0_62065_0,hetero,2,1,1,['Actin-related protein 2/3 complex subunit 2'],1,[np.int64(3365)],9.0,16098,1,"['16098_4', '6685_110']",2
0_74515_1,hetero,2,1,1,['Inverted formin-2'],1,[np.int64(4344)],111.0,62728,1,"['62728_1', '6685_211']",2
0_8920_1,hetero,2,1,1,['Profilin-1'],1,[np.int64(4323)],77.0,35233,1,"['35233_0', '6685_5']",2
0_74516_0,hetero,2,1,1,['Inverted formin-2'],1,[np.int64(4224)],22.0,62746,1,"['62746_0', '6685_214']",2
0_62063_3,hetero,2,1,1,['Actin-related protein 3'],1,[np.int64(3336)],20.0,7715,1,"['6685_108', '7715_13']",2
0_7797_41,homo,1,1,1,[],0,[np.int64(4225)],82.0,6685,1,"['6685_3', '6685_4']",2
0_62063_1,hetero,2,1,1,['Actin-related protein 3'],1,[np.int64(3391)],67.0,7715,1,"['6685_106', '7715_11']",2
0_74516_1,hetero,2,1,1,['Inverted formin-2'],1,[np.int64(4200)],74.0,62746,1,"['62746_1', '6685_200']",2
0_7797_42,homo,1,1,1,[],0,[np.int64(4201)],24.0,6685,1,"['6685_1', '6685_216']",2
0_37640_2,hetero,2,1,1,['F-actin-capping protein subunit alpha-1'],1,[np.int64(4683)],66.0,17396,1,"['17396_10', '6685_92']",2
0_54455_1,hetero,2,1,1,['Isoform 2 of F-actin-capping protein subunit beta'],1,[np.int64(4703)],74.0,18205,1,"['18205_10', '6685_89']",2
0_90083_4,hetero,2,1,1,['Actin-interacting protein 1'],1,[np.int64(1248)],87.0,2353,1,"['2353_8', '6685_295']",2
0_74517_1,hetero,2,1,1,['Protein diaphanous homolog 1'],1,[np.int64(3822)],85.0,5616,1,"['5616_2', '6685_200']",2
0_74517_2,hetero,2,1,1,['Protein diaphanous homolog 1'],1,[np.int64(3798)],17.0,5616,1,"['5616_3', '6685_201']",2
0_88388_3,hetero,2,1,1,['Leiomodin-2'],1,[np.int64(4745)],25.0,70377,1,"['6685_285', '70377_3']",2
