patch,pdb_id,chain
6685_0,9q7k,9q7k_A
6685_1,6vau,6vau_C
6685_102,7utj,7utj_B
6685_106,7tpt,7tpt_P
6685_107,7tpt,7tpt_Q
6685_108,7tpt,7tpt_R
6685_109,9qf2,9qf2_B
6685_110,7tpt,7tpt_Q
6685_111,7tpt,7tpt_R
6685_112,7tpt,7tpt_S
6685_113,7tpt,7tpt_N
6685_114,7tpt,7tpt_R
6685_115,7tpt,7tpt_J
6685_116,7tpt,7tpt_K
6685_117,7tpt,7tpt_L
6685_119,7z7h,7z7h_B
6685_120,7z7h,7z7h_D
6685_121,8iah,8iah_A
6685_128,8efi,8efi_B
6685_129,8efi,8efi_F
6685_130,8enc,8enc_C
6685_135,8dd0,8dd0_A
6685_136,8dd0,8dd0_A
6685_137,8dd0,8dd0_C
6685_138,8dd0,8dd0_C
6685_139,8dd0,8dd0_E
6685_14,8p94,8p94_H
6685_140,8efh,8efh_B
6685_141,8iah,8iah_C
6685_142,8uxw,8uxw_O
6685_143,8e9b,8e9b_P
6685_144,8uxw,8uxw_O
6685_145,8e9b,8e9b_Q
6685_146,8e9b,8e9b_O
6685_147,8e9b,8e9b_Q
6685_15,6vec,6vec_A
6685_150,8iah,8iah_L
6685_151,8iah,8iah_I
6685_152,8iah,8iah_K
6685_153,8iah,8iah_L
6685_154,8uee,8uee_I
6685_155,8iah,8iah_J
6685_156,8iah,8iah_K
6685_157,8iah,8iah_L
6685_158,8iah,8iah_C
6685_159,8iah,8iah_D
6685_16,6vec,6vec_C
6685_160,8iah,8iah_E
6685_161,8iah,8iah_A
6685_162,8iah,8iah_A
6685_164,8iah,8iah_B
6685_166,8iai,8iai_K
6685_167,8ib2,8ib2_D
6685_168,8ib2,8ib2_E
6685_169,8f8q,8f8q_E
6685_17,9qfd,9qfd_A
6685_170,9y9l,9y9l_E
6685_171,9zzj,9zzj_B
6685_178,8uee,8uee_K
6685_179,8uee,8uee_L
6685_18,7jh7,7jh7_A
6685_180,8c4e,8c4e_A
6685_181,8uee,8uee_K
6685_182,8p94,8p94_R
6685_183,8p94,8p94_P
6685_184,8p94,8p94_R
6685_185,8p94,8p94_P
6685_186,8p94,8p94_J
6685_187,8p94,8p94_H
6685_188,8p94,8p94_J
6685_189,8c4c,8c4c_A
6685_190,8c4c,8c4c_A
6685_191,8c4c,8c4c_B
6685_192,8c4c,8c4c_C
6685_193,8zbm,8zbm_O
6685_194,8uxw,8uxw_O
6685_195,8uxx,8uxx_O
6685_2,6vau,6vau_A
6685_200,9qfd,9qfd_A
6685_201,9b27,9b27_F
6685_202,9az4,9az4_F
6685_208,9y9j,9y9j_A
6685_209,9az4,9az4_D
6685_21,9qfd,9qfd_A
6685_210,9az4,9az4_E
6685_211,9az4,9az4_F
6685_212,9azp,9azp_D
6685_213,9azp,9azp_E
6685_214,9azp,9azp_E
6685_215,9azp,9azp_I
6685_216,9q7l,9q7l_B
6685_217,9azq,9azq_I
6685_218,9b03,9b03_A
6685_219,9b03,9b03_C
6685_220,9b03,9b03_C
6685_221,9b03,9b03_D
6685_222,9b03,9b03_D
6685_223,9b03,9b03_E
6685_224,9b3d,9b3d_C
6685_225,9b3d,9b3d_D
6685_23,9q7k,9q7k_C
6685_231,8viz,8viz_D
6685_232,8viz,8viz_E
6685_233,8viz,8viz_F
6685_234,9dva,9dva_B
6685_235,8vfm,8vfm_L
6685_236,8vfm,8vfm_M
6685_241,9qgk,9qgk_H
6685_245,8zb7,8zb7_D
6685_246,8zbm,8zbm_O
6685_247,8zbm,8zbm_H
6685_248,8zbn,8zbn_B
6685_249,9az6,9az6_A
6685_25,7jh7,7jh7_A
6685_250,9az6,9az6_B
6685_251,9e2e,9e2e_C
6685_252,9e2e,9e2e_C
6685_257,9p1i,9p1i_Q
6685_258,9p1i,9p1i_Q
6685_259,9p1i,9p1i_Q
6685_26,9azp,9azp_I
6685_260,9qey,9qey_C
6685_261,9qf2,9qf2_A
6685_262,9qf2,9qf2_A
6685_263,9qf2,9qf2_B
6685_264,9qf2,9qf2_B
6685_265,9qfg,9qfg_A
6685_266,9qfw,9qfw_D
6685_267,9qfw,9qfw_E
6685_274,9q7l,9q7l_B
6685_275,9q7n,9q7n_B
6685_276,9xye,9xye_A
6685_277,9y9j,9y9j_B
6685_278,9y9l,9y9l_D
6685_279,9y9m,9y9m_D
6685_282,9zzj,9zzj_A
6685_283,9zzm,9zzm_B
6685_284,9zzm,9zzm_O
6685_285,9zzm,9zzm_O
6685_286,12bw,12bw_E
6685_287,12bz,12bz_E
6685_29,6vec,6vec_A
6685_3,6vau,6vau_D
6685_33,6c1g,6c1g_D
6685_4,6vau,6vau_A
6685_44,9qey,9qey_A
6685_5,9azp,9azp_I
6685_51,6upw,6upw_A
6685_59,9zzj,9zzj_C
6685_6,8zb7,8zb7_B
6685_65,9q7o,9q7o_A
6685_68,9y9l,9y9l_E
6685_69,7aln,7aln_C
6685_80,5jlh,5jlh_C
6685_84,9zzm,9zzm_A
6685_89,7pdz,7pdz_I
6685_90,7pdz,7pdz_J
6685_91,7pdz,7pdz_I
6685_92,8f8q,8f8q_E
6685_95,7p1g,7p1g_A
6685_97,8zbm,8zbm_E
