s1_binding_site,supercluster,n_residues,jaccard_threshold
6685_146,1,16,0.75
6685_195,1,14,0.75
6685_183,2,21,0.75
6685_222,3,21,0.75
6685_187,4,20,0.75
6685_188,5,60,0.75
6685_159,6,71,0.75
6685_232,7,51,0.75
6685_218,8,17,0.75
6685_234,9,10,0.75
6685_200,10,67,0.75
6685_211,11,51,0.75
6685_0,12,56,0.75
6685_52,13,43,0.75
6685_151,14,38,0.75
6685_158,15,51,0.75
6685_155,16,53,0.75
6685_138,17,28,0.75
6685_150,18,47,0.75
6685_120,19,28,0.75
6685_280,20,29,0.75
6685_102,21,33,0.75
6685_231,22,41,0.75
6685_121,23,25,0.75
6685_144,24,26,0.75
6685_15,25,22,0.75
6685_224,26,25,0.75
6685_18,27,41,0.75
6685_97,27,46,0.75
6685_6,28,59,0.75
6685_95,29,50,0.75
6685_213,30,12,0.75
6685_139,31,10,0.75
6685_252,32,4,0.75
6685_135,33,8,0.75
6685_161,34,17,0.75
6685_166,35,19,0.75
6685_249,36,11,0.75
6685_157,37,31,0.75
6685_156,38,38,0.75
6685_219,39,9,0.75
6685_179,40,33,0.75
6685_191,40,33,0.75
6685_261,41,35,0.75
6685_257,42,54,0.75
6685_111,43,24,0.75
6685_184,44,17,0.75
6685_147,45,11,0.75
6685_202,46,14,0.75
6685_26,47,12,0.75
6685_201,48,10,0.75
6685_217,49,8,0.75
6685_199,50,15,0.75
6685_220,51,18,0.75
6685_221,52,10,0.75
6685_106,53,27,0.75
6685_142,54,15,0.75
6685_167,55,8,0.75
6685_210,56,10,0.75
6685_169,57,8,0.75
6685_279,58,6,0.75
6685_90,59,6,0.75
6685_214,60,13,0.75
6685_212,60,12,0.75
6685_263,61,25,0.75
6685_266,62,21,0.75
6685_44,63,15,0.75
6685_113,64,10,0.75
6685_190,65,26,0.75
6685_235,66,26,0.75
6685_178,67,52,0.75
6685_278,68,16,0.75
6685_5,69,30,0.75
6685_170,70,40,0.75
6685_89,71,41,0.75
6685_92,72,33,0.75
6685_14,73,70,0.75
6685_3,74,42,0.75
6685_38,75,26,0.75
6685_65,76,40,0.75
6685_162,77,97,0.75
6685_164,78,83,0.75
6685_215,79,29,0.75
6685_136,80,11,0.75
6685_160,80,14,0.75
6685_182,81,11,0.75
6685_108,82,9,0.75
6685_152,83,24,0.75
6685_69,84,14,0.75
6685_80,85,12,0.75
6685_33,86,20,0.75
6685_241,87,12,0.75
6685_29,88,29,0.75
6685_119,89,16,0.75
6685_193,90,8,0.75
6685_25,90,7,0.75
6685_145,91,5,0.75
6685_140,91,5,0.75
6685_248,92,7,0.75
6685_225,93,10,0.75
6685_209,94,11,0.75
6685_185,95,8,0.75
6685_194,96,10,0.75
6685_233,97,82,0.75
6685_273,97,68,0.75
6685_16,98,47,0.75
6685_21,99,39,0.75
6685_141,100,74,0.75
6685_250,101,51,0.75
6685_51,102,41,0.75
6685_114,103,30,0.75
6685_260,104,27,0.75
6685_186,105,8,0.75
6685_137,106,7,0.75
6685_251,107,5,0.75
6685_246,108,11,0.75
6685_247,109,7,0.75
6685_128,110,19,0.75
6685_129,110,17,0.75
6685_245,111,15,0.75
6685_130,112,11,0.75
6685_68,113,13,0.75
6685_91,113,14,0.75
6685_154,114,13,0.75
6685_259,115,30,0.75
6685_228,116,12,0.75
6685_276,117,8,0.75
6685_208,118,7,0.75
6685_1,119,16,0.75
6685_109,120,27,0.75
6685_180,121,51,0.75
6685_189,122,35,0.75
6685_265,123,11,0.75
6685_262,123,14,0.75
6685_267,124,31,0.75
6685_110,125,7,0.75
6685_153,126,4,0.75
6685_143,127,6,0.75
6685_107,127,8,0.75
6685_112,128,22,0.75
6685_168,128,22,0.75
6685_192,129,13,0.75
6685_181,129,10,0.75
6685_236,130,10,0.75
6685_264,131,17,0.75
6685_223,132,12,0.75
6685_258,133,23,0.75
6685_59,134,12,0.75
6685_24,135,12,0.75
6685_63,136,9,0.75
