c70,PDB_count,PDB_denominator,PDB_fraction,context_present,context_total,other_present,other_total,odds_ratio,p_value,PDB_ids,q_BH
0_7797_1,132,151,0.8741721854304636,6,22,126,129,0.008928571428571428,4.146204283111943e-14,12bw; 12bx; 12by; 12bz; 3j8a; 5jlf; 5jlh; 5ogw; 5ooc; 5ood; 5ooe; 5oof; 6c1d; 6c1g; 6c1h; 6d8c; 6fhl; 6m5g; 6t1y; 6t20; 6t23; 6t24; 6t25; 6tu4; 6u96; 6upv; 6upw; 6vau; 6vec; 6wvt; 7ad9; 7ahn; 7ahq; 7aln; 7bt7; 7bti; 7jh7; 7p1g; 7pdz; 7r8v; 7r94; 7tpt; 7utj; 7uuw; 7uxf; 7z7h; 7z7i; 7ztc; 8a2r; 8a2s; 8a2t; 8a2u; 8a2y; 8a2z; 8c4c; 8c4e; 8ccn; 8cco; 8d15; 8d16; 8d17; 8d18; 8dd0; 8e9b; 8efh; 8efi; 8enc; 8f8p; 8f8q; 8f8r; 8f8s; 8f8t; 8iah; 8iai; 8ib2; 8oi8; 8ord; 8p94; 8pvx; 8r3h; 8thx; 8thy; 8uee; 8uxw; 8uxx; 8uz0; 8uz1; 8v2o; 8v2z; 8v30; 8vaa; 8vfm; 8viz; 8vkh; 8w36; 8zb7; 8zbm; 8zbn; 8zix; 9az4; 9az6; 9azp; 9azq; 9b03; 9b0k; 9b27; 9b3d; 9c21; 9dva; 9e2e; 9go5; 9gob; 9hm9; 9p1i; 9p3d; 9q7o; 9qew; 9qey; 9qf2; 9qfb; 9qfe; 9qfg; 9qfk; 9qgk; 9sgk; 9xye; 9yim; 9zbl; 9zbp; 9zzi; 9zzj; 9zzm,2.90234299817836e-13
0_7797_0,130,151,0.8609271523178808,1,22,129,129,0.0,8.425377922333473e-25,12bw; 12bx; 12by; 12bz; 3j8a; 5jlf; 5jlh; 5ogw; 5ooc; 5ood; 5ooe; 5oof; 6c1d; 6c1g; 6c1h; 6d8c; 6fhl; 6iug; 6m5g; 6t1y; 6t20; 6t23; 6t24; 6t25; 6tu4; 6u96; 6upv; 6upw; 6vau; 6vec; 6wvt; 7ad9; 7ahn; 7ahq; 7aln; 7bt7; 7bti; 7jh7; 7p1g; 7pdz; 7r8v; 7r94; 7tpt; 7utj; 7uuw; 7uxf; 7z7h; 7z7i; 7ztc; 8a2r; 8a2s; 8a2t; 8a2u; 8a2y; 8a2z; 8c4c; 8c4e; 8ccn; 8cco; 8d15; 8d16; 8d17; 8d18; 8dd0; 8e9b; 8efh; 8efi; 8enc; 8f8p; 8f8q; 8f8r; 8f8s; 8f8t; 8iah; 8iai; 8ib2; 8oi8; 8ord; 8p94; 8pvx; 8r3h; 8thx; 8thy; 8uee; 8uxw; 8uxx; 8uz0; 8uz1; 8v2o; 8v2z; 8v30; 8vaa; 8vfm; 8viz; 8vkh; 8w36; 8zb7; 8zbm; 8zbn; 8zix; 9az4; 9az6; 9azp; 9azq; 9b03; 9b0k; 9b27; 9b3d; 9c21; 9duu; 9duv; 9dva; 9e2e; 9go5; 9gob; 9hm9; 9p1i; 9p3d; 9q7o; 9qew; 9qey; 9qgk; 9sgk; 9xye; 9yim; 9zbl; 9zbp; 9zzi; 9zzj; 9zzm,1.7693293636900295e-23
0_7797_12,17,151,0.11258278145695365,17,22,0,129,inf,2.1637635996316294e-18,5yu8; 6vao; 9q7k; 9q7l; 9q7m; 9q7n; 9qfd; 9qfe; 9qfj; 9qfo; 9qfq; 9qfw; 9y52; 9y9j; 9y9l; 9y9m; 9y9p,2.271951779613211e-17
0_7797_10,14,151,0.09271523178807947,13,22,1,129,184.88888888888889,3.2666145870460178e-12,5yu8; 6vao; 8f8s; 9q7k; 9q7l; 9q7m; 9q7n; 9qfq; 9qfw; 9y52; 9y9j; 9y9l; 9y9m; 9y9p,1.7149726581991594e-11
0_7797_50,10,151,0.06622516556291391,10,22,0,129,inf,5.162836496836412e-10,9qf2; 9qfb; 9qfd; 9qfe; 9qfg; 9qfj; 9qfk; 9qfo; 9qfq; 9qfw,2.168391328671293e-09
0_7797_37,4,151,0.026490066225165563,0,22,4,129,0.0,1.0,8f8t; 9q7o; 9xye; 9zzj,1.0
0_7797_31,3,151,0.019867549668874173,1,22,2,129,3.0238095238095237,0.3786319391972977,9q7l; 9q7o; 9xye,0.8834745247936947
0_7797_45,2,151,0.013245033112582781,0,22,2,129,0.0,1.0,9duu; 9duv,1.0
0_7797_53,2,151,0.013245033112582781,2,22,0,129,inf,0.020397350993377486,9y9l; 9y9m,0.0713907284768212
0_7797_32,1,151,0.006622516556291391,0,22,1,129,0.0,1.0,6iug,1.0
0_7797_33,1,151,0.006622516556291391,0,22,1,129,0.0,1.0,7tpt,1.0
0_7797_34,1,151,0.006622516556291391,0,22,1,129,0.0,1.0,7tpt,1.0
0_7797_35,1,151,0.006622516556291391,0,22,1,129,0.0,1.0,7tpt,1.0
0_7797_40,1,151,0.006622516556291391,0,22,1,129,0.0,1.0,9azp,1.0
0_7797_41,1,151,0.006622516556291391,0,22,1,129,0.0,1.0,9azq,1.0
0_7797_42,1,151,0.006622516556291391,0,22,1,129,0.0,1.0,9azq,1.0
0_7797_44,1,151,0.006622516556291391,0,22,1,129,0.0,1.0,8vkh,1.0
0_7797_51,1,151,0.006622516556291391,1,22,0,129,inf,0.14569536423841062,9qfg,0.3824503311258279
0_7797_52,1,151,0.006622516556291391,1,22,0,129,inf,0.14569536423841062,9y9j,0.3824503311258279
0_7797_54,1,151,0.006622516556291391,0,22,1,129,0.0,1.0,9zzm,1.0
0_7797_55,1,151,0.006622516556291391,0,22,1,129,0.0,1.0,9zzm,1.0
