site,PDB_count,PDB_denominator,PDB_fraction,context_present,context_total,other_present,other_total,odds_ratio,p_value,PDB_ids,q_BH
6685_2,151,151,1.0,22,22,129,129,,1.0,12bw; 12bx; 12by; 12bz; 3j8a; 5jlf; 5jlh; 5ogw; 5ooc; 5ood; 5ooe; 5oof; 5yu8; 6c1d; 6c1g; 6c1h; 6d8c; 6fhl; 6iug; 6m5g; 6t1y; 6t20; 6t23; 6t24; 6t25; 6tu4; 6u96; 6upv; 6upw; 6vao; 6vau; 6vec; 6wvt; 7ad9; 7ahn; 7ahq; 7aln; 7bt7; 7bti; 7jh7; 7p1g; 7pdz; 7r8v; 7r94; 7tpt; 7utj; 7uuw; 7uxf; 7z7h; 7z7i; 7ztc; 8a2r; 8a2s; 8a2t; 8a2u; 8a2y; 8a2z; 8c4c; 8c4e; 8ccn; 8cco; 8d15; 8d16; 8d17; 8d18; 8dd0; 8e9b; 8efh; 8efi; 8enc; 8f8p; 8f8q; 8f8r; 8f8s; 8f8t; 8iah; 8iai; 8ib2; 8oi8; 8ord; 8p94; 8pvx; 8r3h; 8thx; 8thy; 8uee; 8uxw; 8uxx; 8uz0; 8uz1; 8v2o; 8v2z; 8v30; 8vaa; 8vfm; 8viz; 8vkh; 8w36; 8zb7; 8zbm; 8zbn; 8zix; 9az4; 9az6; 9azp; 9azq; 9b03; 9b0k; 9b27; 9b3d; 9c21; 9duu; 9duv; 9dva; 9e2e; 9go5; 9gob; 9hm9; 9p1i; 9p3d; 9q7k; 9q7l; 9q7m; 9q7n; 9q7o; 9qew; 9qey; 9qf2; 9qfb; 9qfd; 9qfe; 9qfg; 9qfj; 9qfk; 9qfo; 9qfq; 9qfw; 9qgk; 9sgk; 9xye; 9y52; 9y9j; 9y9l; 9y9m; 9y9p; 9yim; 9zbl; 9zbp; 9zzi; 9zzj; 9zzm,1.0
6685_1,142,151,0.9403973509933775,13,22,129,129,0.0,5.639406019621312e-09,12bw; 12bx; 12by; 12bz; 3j8a; 5jlf; 5jlh; 5ogw; 5ooc; 5ood; 5ooe; 5oof; 5yu8; 6c1d; 6c1g; 6c1h; 6d8c; 6fhl; 6iug; 6m5g; 6t1y; 6t20; 6t23; 6t24; 6t25; 6tu4; 6u96; 6upv; 6upw; 6vao; 6vau; 6vec; 6wvt; 7ad9; 7ahn; 7ahq; 7aln; 7bt7; 7bti; 7jh7; 7p1g; 7pdz; 7r8v; 7r94; 7tpt; 7utj; 7uuw; 7uxf; 7z7h; 7z7i; 7ztc; 8a2r; 8a2s; 8a2t; 8a2u; 8a2y; 8a2z; 8c4c; 8c4e; 8ccn; 8cco; 8d15; 8d16; 8d17; 8d18; 8dd0; 8e9b; 8efh; 8efi; 8enc; 8f8p; 8f8q; 8f8r; 8f8s; 8f8t; 8iah; 8iai; 8ib2; 8oi8; 8ord; 8p94; 8pvx; 8r3h; 8thx; 8thy; 8uee; 8uxw; 8uxx; 8uz0; 8uz1; 8v2o; 8v2z; 8v30; 8vaa; 8vfm; 8viz; 8vkh; 8w36; 8zb7; 8zbm; 8zbn; 8zix; 9az4; 9az6; 9azp; 9azq; 9b03; 9b0k; 9b27; 9b3d; 9c21; 9duu; 9duv; 9dva; 9e2e; 9go5; 9gob; 9hm9; 9p1i; 9p3d; 9q7k; 9q7o; 9qew; 9qey; 9qf2; 9qfd; 9qfe; 9qfg; 9qfj; 9qfk; 9qfo; 9qfq; 9qfw; 9qgk; 9sgk; 9xye; 9yim; 9zbl; 9zbp; 9zzi; 9zzj; 9zzm,1.917398046671246e-08
6685_3,135,151,0.8940397350993378,6,22,129,129,0.0,4.868468099171167e-17,12bw; 12bx; 12by; 12bz; 3j8a; 5jlf; 5jlh; 5ogw; 5ooc; 5ood; 5ooe; 5oof; 6c1d; 6c1g; 6c1h; 6d8c; 6fhl; 6iug; 6m5g; 6t1y; 6t20; 6t23; 6t24; 6t25; 6tu4; 6u96; 6upv; 6upw; 6vau; 6vec; 6wvt; 7ad9; 7ahn; 7ahq; 7aln; 7bt7; 7bti; 7jh7; 7p1g; 7pdz; 7r8v; 7r94; 7tpt; 7utj; 7uuw; 7uxf; 7z7h; 7z7i; 7ztc; 8a2r; 8a2s; 8a2t; 8a2u; 8a2y; 8a2z; 8c4c; 8c4e; 8ccn; 8cco; 8d15; 8d16; 8d17; 8d18; 8dd0; 8e9b; 8efh; 8efi; 8enc; 8f8p; 8f8q; 8f8r; 8f8s; 8f8t; 8iah; 8iai; 8ib2; 8oi8; 8ord; 8p94; 8pvx; 8r3h; 8thx; 8thy; 8uee; 8uxw; 8uxx; 8uz0; 8uz1; 8v2o; 8v2z; 8v30; 8vaa; 8vfm; 8viz; 8vkh; 8w36; 8zb7; 8zbm; 8zbn; 8zix; 9az4; 9az6; 9azp; 9azq; 9b03; 9b0k; 9b27; 9b3d; 9c21; 9duu; 9duv; 9dva; 9e2e; 9go5; 9gob; 9hm9; 9p1i; 9p3d; 9q7o; 9qew; 9qey; 9qf2; 9qfb; 9qfe; 9qfg; 9qfk; 9qgk; 9sgk; 9xye; 9yim; 9zbl; 9zbp; 9zzi; 9zzj; 9zzm,2.758798589530328e-16
6685_4,135,151,0.8940397350993378,6,22,129,129,0.0,4.868468099171167e-17,12bw; 12bx; 12by; 12bz; 3j8a; 5jlf; 5jlh; 5ogw; 5ooc; 5ood; 5ooe; 5oof; 6c1d; 6c1g; 6c1h; 6d8c; 6fhl; 6iug; 6m5g; 6t1y; 6t20; 6t23; 6t24; 6t25; 6tu4; 6u96; 6upv; 6upw; 6vau; 6vec; 6wvt; 7ad9; 7ahn; 7ahq; 7aln; 7bt7; 7bti; 7jh7; 7p1g; 7pdz; 7r8v; 7r94; 7tpt; 7utj; 7uuw; 7uxf; 7z7h; 7z7i; 7ztc; 8a2r; 8a2s; 8a2t; 8a2u; 8a2y; 8a2z; 8c4c; 8c4e; 8ccn; 8cco; 8d15; 8d16; 8d17; 8d18; 8dd0; 8e9b; 8efh; 8efi; 8enc; 8f8p; 8f8q; 8f8r; 8f8s; 8f8t; 8iah; 8iai; 8ib2; 8oi8; 8ord; 8p94; 8pvx; 8r3h; 8thx; 8thy; 8uee; 8uxw; 8uxx; 8uz0; 8uz1; 8v2o; 8v2z; 8v30; 8vaa; 8vfm; 8viz; 8vkh; 8w36; 8zb7; 8zbm; 8zbn; 8zix; 9az4; 9az6; 9azp; 9azq; 9b03; 9b0k; 9b27; 9b3d; 9c21; 9duu; 9duv; 9dva; 9e2e; 9go5; 9gob; 9hm9; 9p1i; 9p3d; 9q7o; 9qew; 9qey; 9qf2; 9qfb; 9qfe; 9qfg; 9qfk; 9qgk; 9sgk; 9xye; 9yim; 9zbl; 9zbp; 9zzi; 9zzj; 9zzm,2.758798589530328e-16
6685_23,18,151,0.11920529801324503,18,22,0,129,inf,8.073744774744887e-20,5yu8; 6vao; 9q7k; 9q7l; 9q7m; 9q7n; 9qfd; 9qfe; 9qfg; 9qfj; 9qfo; 9qfq; 9qfw; 9y52; 9y9j; 9y9l; 9y9m; 9y9p,1.3725366117066309e-18
6685_109,15,151,0.09933774834437085,4,22,11,129,2.3838383838383836,0.23690902557961743,7tpt; 8e9b; 8ord; 8p94; 8uxw; 8uxx; 8uz1; 8vkh; 9b3d; 9c21; 9p3d; 9qf2; 9qfb; 9qfk; 9qfw,0.4027453434853497
6685_17,13,151,0.08609271523178808,13,22,0,129,inf,2.4837069587457324e-13,5yu8; 6vao; 9q7k; 9q7l; 9q7m; 9q7n; 9qfd; 9qfe; 9qfg; 9qfj; 9qfo; 9qfq; 9qfw,1.0555754574669362e-12
6685_274,10,151,0.06622516556291391,8,22,2,129,36.285714285714285,2.1595464252662733e-06,9q7l; 9q7m; 9q7n; 9q7o; 9xye; 9y52; 9y9j; 9y9l; 9y9m; 9y9p,6.118714871587774e-06
6685_216,6,151,0.039735099337748346,4,22,2,129,14.11111111111111,0.004289478914165431,9azq; 9q7l; 9y9j; 9y9l; 9y9m; 9zzm,0.009115142692601542
6685_275,6,151,0.039735099337748346,6,22,0,129,inf,5.011417877864911e-06,9q7n; 9y52; 9y9j; 9y9l; 9y9m; 9y9p,1.2170586274814785e-05
6685_171,3,151,0.019867549668874173,0,22,3,129,0.0,1.0,8f8t; 9zzj; 9zzm,1.0
6685_115,2,151,0.013245033112582781,0,22,2,129,0.0,1.0,7tpt; 9zzj,1.0
6685_116,1,151,0.006622516556291391,0,22,1,129,0.0,1.0,7tpt,1.0
6685_117,1,151,0.006622516556291391,0,22,1,129,0.0,1.0,7tpt,1.0
6685_277,1,151,0.006622516556291391,1,22,0,129,inf,0.14569536423841062,9y9j,0.2752023546725534
6685_283,1,151,0.006622516556291391,0,22,1,129,0.0,1.0,9zzm,1.0
6685_284,1,151,0.006622516556291391,0,22,1,129,0.0,1.0,9zzm,1.0
