P60709 position,Hydrophobic,Polar,Basic (K/R/H),Acidic (D/E),Glycine,Other / modified,ABP source names,Dominant partner class
1,,,,,,,0,No usable contact
2,0.015067384796618117,0.13782970671942318,0.8468238906268158,0.0002790178571428572,0.0,0.0,4,Basic (K/R/H)
3,0.04815923010699473,0.2415986080185752,0.6766175158437691,0.03362464603066107,0.0,0.0,5,Basic (K/R/H)
4,0.2103409426353573,0.1908928183041347,0.5858551544760179,0.012911084584490168,0.0,0.0,10,Basic (K/R/H)
5,0.32255734504638395,0.18493248755224545,0.448228790883152,0.041666666666666664,0.002614709851551957,0.0,12,Basic (K/R/H)
6,0.4477040666540473,0.00954697700015278,0.5362642187228933,0.004394861392832996,0.0020898762300735805,0.0,12,Basic (K/R/H)
7,0.5,0.0,0.5,0.0,0.0,0.0,2,Tied classes
8,1.0,0.0,0.0,0.0,0.0,0.0,1,Hydrophobic
9,,,,,,,0,No usable contact
10,,,,,,,0,No usable contact
11,,,,,,,0,No usable contact
12,,,,,,,0,No usable contact
13,,,,,,,0,No usable contact
14,,,,,,,0,No usable contact
15,,,,,,,0,No usable contact
16,0.5527704485488126,0.07222955145118733,0.0,0.125,0.25,0.0,4,Hydrophobic
17,,,,,,,0,No usable contact
18,0.0,1.0,0.0,0.0,0.0,0.0,1,Polar
19,,,,,,,0,No usable contact
20,,,,,,,0,No usable contact
21,0.4294044213883208,0.10745840248472523,0.39693683024593235,0.0,0.06620034588102161,0.0,18,Hydrophobic
22,0.09158742286067523,0.0,0.857929563315642,0.041990740740740745,0.008492273082942097,0.0,12,Basic (K/R/H)
23,0.47501261400246936,0.031231973104777728,0.4632890413941427,0.004281565332559608,0.02618480616605062,0.0,28,Hydrophobic
24,0.44315536822748053,0.07105483165102604,0.3876544212799617,0.041126528166578045,0.057008850674953704,0.0,32,Hydrophobic
25,0.37721118963630923,0.15164888885976957,0.41267970265356807,0.02875658816867545,0.02970363068167768,0.0,34,Basic (K/R/H)
26,0.39102243526988995,0.16321450855195643,0.2530589562239823,0.12682352424933677,0.06588057570483453,0.0,24,Hydrophobic
27,0.5251298851106283,0.21147159195896945,0.09227519638948499,0.03549996676723491,0.1356233597736823,0.0,22,Hydrophobic
28,0.27344463018368825,0.1325579843788772,0.318577234307797,0.08445160151394926,0.19096854961568832,0.0,24,Basic (K/R/H)
29,0.3079532482948747,0.15373522434071718,0.28927529347677755,0.0,0.24903623388763055,0.0,18,Hydrophobic
30,0.41373042643177066,0.15103242622723728,0.1944326889581289,0.05221858050457674,0.18858587787828643,0.0,20,Hydrophobic
31,0.1111111111111111,0.1111111111111111,0.7777777777777778,0.0,0.0,0.0,9,Basic (K/R/H)
32,0.09974747474747475,0.27525252525252525,0.25,0.125,0.25,0.0,4,Polar
33,,,,,,,0,No usable contact
34,,,,,,,0,No usable contact
35,0.0,1.0,0.0,0.0,0.0,0.0,1,Polar
36,,,,,,,0,No usable contact
37,0.08357103788718792,0.3886875073734743,0.37846725521159486,0.13127019973193607,0.018003999795806802,0.0,9,Polar
38,0.234937240017955,0.435650373775238,0.32210711775753875,0.0016033352404118786,0.005701933208856345,0.0,12,Polar
39,0.33843207531216823,0.4085821542198164,0.17561780226167922,0.06979493959170927,0.007573028614626896,0.0,13,Polar
40,0.4067856158973618,0.2691761216102694,0.21612816662780301,0.08417868877269795,0.023731407091867846,0.0,12,Hydrophobic
41,0.5028605630325024,0.13957290549751827,0.3346178941094108,0.0,0.022948637360568607,0.0,13,Hydrophobic
42,0.5014776030885465,0.16689155226158325,0.30692991594246627,0.012962962962962963,0.01173796574444097,0.0,12,Hydrophobic
43,0.7616893648790891,0.07180644556975808,0.08174374946491744,0.07305194805194805,0.011708492034287402,0.0,12,Hydrophobic
44,0.7629442906307092,0.1428290188953557,0.04161310098491503,0.044692196864562744,0.007921392624457372,0.0,36,Hydrophobic
45,0.6150892485665509,0.17431049328594467,0.07513133301931699,0.11984031511971062,0.015628610008476804,0.0,37,Hydrophobic
46,0.31622074752552387,0.25451164800610304,0.2373233608114902,0.172395098402888,0.019549145253994895,0.0,38,Hydrophobic
47,0.43034639249742995,0.26359826859807695,0.21723317415208276,0.07462594340676311,0.01419622134564726,0.0,37,Hydrophobic
48,0.20639135311042792,0.3152903630973891,0.2685472312197208,0.1544432278497503,0.05532782472271186,0.0,36,Polar
49,0.17619845828973843,0.39507391557002924,0.20553106147769895,0.19535013932575324,0.02784642533678013,0.0,32,Polar
50,0.2056911757869731,0.28218447485633696,0.1899867043314369,0.2847418459569608,0.037395799068292226,0.0,33,Acidic (D/E)
51,0.2626527671228834,0.2695588826209026,0.34761839196827354,0.11037714876696768,0.009792809520972811,0.0,24,Basic (K/R/H)
52,0.16025456663263377,0.3204804746629217,0.0,0.42393186675557565,0.09533309194886887,0.0,14,Acidic (D/E)
53,0.19240097347254692,0.3617427293397588,0.2763658941782191,0.15549184924992238,0.013998553759552742,0.0,17,Polar
54,0.24311322234786378,0.45129140252083566,0.0,0.16367059102176973,0.14192478410953085,0.0,8,Polar
55,,,,,,,0,No usable contact
56,0.07744526184073504,0.37526804084905374,0.5207434334378936,0.00606060606060606,0.020482657811711467,0.0,21,Basic (K/R/H)
57,0.1438480095827933,0.29064655947271834,0.24571043681725854,0.2466180172783114,0.07317697684891841,0.0,18,Polar
58,,,,,,,0,No usable contact
59,0.2948246547502841,0.28117647058823525,0.20682240407324537,0.017176470588235293,0.2,0.0,5,Hydrophobic
60,0.1305107823805634,0.1814425373080719,0.4891814494171676,0.14249738335809572,0.05636784753610136,0.0,11,Basic (K/R/H)
61,0.09869902656970868,0.17562461625325887,0.41156192068585634,0.3141144364911761,0.0,0.0,17,Basic (K/R/H)
62,0.27784334234619595,0.17418982024184448,0.17137254901960786,0.3765942883923517,0.0,0.0,6,Acidic (D/E)
63,0.2899644236273735,0.2404021847682091,0.0,0.4696333916044174,0.0,0.0,5,Acidic (D/E)
64,0.4105925384850353,0.23070099240359943,0.08933937952225196,0.2693670895891134,0.0,0.0,4,Hydrophobic
65,0.39999999999999997,0.3333333333333333,0.0,0.26666666666666666,0.0,0.0,3,Hydrophobic
66,0.16379948148396326,0.444217831980344,0.17296731502185958,0.1111111111111111,0.10790426040272211,0.0,9,Polar
67,0.271938691444133,0.4253314780955566,0.0,0.0,0.3027298304603103,0.0,3,Polar
68,0.13334173213828163,0.4342312088522809,0.2758044607498051,0.08312218437255028,0.07350041388708213,0.0,8,Polar
69,0.001973684210526316,0.5909540441029781,0.4,0.0,0.007072271686495592,0.0,5,Polar
70,0.0,0.75,0.25,0.0,0.0,0.0,4,Polar
71,0.0,1.0,0.0,0.0,0.0,0.0,3,Polar
72,0.11007615529577877,0.33586531147822807,0.4737738083014703,0.0,0.08028472492452282,0.0,5,Basic (K/R/H)
73,0.20096382690852863,0.41716747857826647,0.11177250157747937,0.09097681261488753,0.17911938032083805,0.0,3,Polar
74,,,,,,,0,No usable contact
75,0.08772740631594016,0.18650939285531193,0.6456957756285793,0.08006742520016856,0.0,0.0,7,Basic (K/R/H)
76,0.2557211488016403,0.07142857142857142,0.5742704891899976,0.09857979057979059,0.0,0.0,7,Basic (K/R/H)
77,0.17456255165864784,0.10513367644478973,0.560965074065307,0.15933869783125537,0.0,0.0,7,Basic (K/R/H)
78,0.16048277638320788,0.30139887143733163,0.3294814978076633,0.1723903126186056,0.036246541753191565,0.0,6,Basic (K/R/H)
79,0.25155859585288554,0.18674120169731076,0.40980779254792327,0.151270829934208,0.0006215799676724718,0.0,9,Basic (K/R/H)
80,0.07216999794769026,0.10962839811481023,0.7141431784895542,0.01555529085933174,0.08850313458861349,0.0,9,Basic (K/R/H)
81,0.19861010101010101,0.35830197724553897,0.2,0.24169802275446103,0.0013898989898989901,0.0,5,Polar
82,,,,,,,0,No usable contact
83,0.06438233530434326,0.21887125699925705,0.5803406522079086,0.1281346937290094,0.008271061759481673,0.0,12,Basic (K/R/H)
84,0.3598501780668614,0.19591496578165682,0.17169927673059268,0.2555957790844848,0.016939800336404284,0.0,16,Hydrophobic
85,,,,,,,0,No usable contact
86,,,,,,,0,No usable contact
87,0.31124716160233806,0.22533867084647766,0.33617415041002835,0.07719612573074433,0.05004389141041156,0.0,21,Basic (K/R/H)
88,0.25533211509423775,0.2598749312366658,0.38761605687923745,0.060516517763239706,0.03666037902661927,0.0,13,Basic (K/R/H)
89,,,,,,,0,No usable contact
90,1.0,0.0,0.0,0.0,0.0,0.0,3,Hydrophobic
91,0.4205302759826964,0.1313240392469599,0.39272765981324936,0.024819857427060436,0.030598167530033936,0.0,23,Hydrophobic
92,0.3660062616258225,0.23457257265802078,0.2058935369453113,0.11329377664975145,0.08023385212109399,0.0,23,Hydrophobic
93,0.1559074056149027,0.14825825533373918,0.6266952337319901,0.021462473505874127,0.047676631813493894,0.0,21,Basic (K/R/H)
94,0.3122398100714408,0.1293985334810822,0.5029215826094882,0.0,0.05544007383798877,0.0,14,Basic (K/R/H)
95,0.4618387233970806,0.1191654565308483,0.29381422140871666,0.08618942113494875,0.03899217752840569,0.0,29,Hydrophobic
96,0.5989343501419033,0.12423906155950375,0.25267783263043975,0.0,0.024148755668153204,0.0,25,Hydrophobic
97,0.3933891217874604,0.2001126648489628,0.4045402725585657,0.0019579408050111164,0.0,0.0,23,Basic (K/R/H)
98,0.2781276761839781,0.1111111111111111,0.6107612127049108,0.0,0.0,0.0,9,Basic (K/R/H)
99,0.2222912755737921,0.13935241681892369,0.6320579377433171,0.005349929765905373,0.000948440098061655,0.0,20,Basic (K/R/H)
100,0.30686427537456235,0.3150216808540215,0.37682268295982574,0.0012913608115904345,0.0,0.0,18,Basic (K/R/H)
101,0.3405651056370473,0.2543214082524882,0.3538314348284132,0.0,0.05128205128205128,0.0,13,Basic (K/R/H)
102,0.7699106942408946,0.22028985507246376,0.009799450686641698,0.0,0.0,0.0,5,Hydrophobic
103,,,,,,,0,No usable contact
104,,,,,,,0,No usable contact
105,,,,,,,0,No usable contact
106,,,,,,,0,No usable contact
107,,,,,,,0,No usable contact
108,,,,,,,0,No usable contact
109,,,,,,,0,No usable contact
110,0.0,0.6666666666666666,0.3333333333333333,0.0,0.0,0.0,3,Polar
111,0.0,1.0,0.0,0.0,0.0,0.0,1,Polar
112,0.5633033749447008,0.41396897303992636,0.022727652015372708,0.0,0.0,0.0,5,Hydrophobic
113,0.11915641476274166,0.5877526761463493,0.2756363636363636,0.017454545454545452,0.0,0.0,5,Polar
114,0.3576379681656026,0.26061484495890375,0.3178013789717582,0.06394580790373544,0.0,0.0,9,Hydrophobic
115,0.5,0.0,0.5,0.0,0.0,0.0,4,Tied classes
116,0.0,0.0,1.0,0.0,0.0,0.0,2,Basic (K/R/H)
117,0.3457377309964864,0.3197218294887512,0.23333291025018185,0.1012075292645805,0.0,0.0,10,Hydrophobic
118,0.2673230170003045,0.2161283626363644,0.17015511605517694,0.3463935043081542,0.0,0.0,11,Acidic (D/E)
119,,,,,,,0,No usable contact
120,,,,,,,0,No usable contact
121,0.417448786671059,0.24115760635042027,0.11197502765580913,0.22941857932271154,0.0,0.0,13,Hydrophobic
122,0.09758298034661018,0.456310803891449,0.2794395490952741,0.16666666666666666,0.0,0.0,6,Polar
123,,,,,,,0,No usable contact
124,0.125,0.125,0.6787391819973868,0.0,0.07126081800261318,0.0,8,Basic (K/R/H)
125,0.13077076235666238,0.19384479412245,0.5857253082744224,0.08245761406272754,0.0072015211837377115,0.0,16,Basic (K/R/H)
126,0.054708703880926794,0.14303253260891477,0.7575899623919609,0.043919233604767786,0.0007495675134298463,0.0,15,Basic (K/R/H)
127,0.05956194794500943,0.22096472941935394,0.7194733226356367,0.0,0.0,0.0,9,Basic (K/R/H)
128,0.1195492989862305,0.1434120698145818,0.6892219547813371,0.027882477734913844,0.019934198682936898,0.0,14,Basic (K/R/H)
129,0.0,1.0,0.0,0.0,0.0,0.0,1,Polar
130,0.5344180613576685,0.24029982461107502,0.06069013616127026,0.16459197786998617,0.0,0.0,6,Hydrophobic
131,0.6666666666666666,0.16666666666666666,0.0,0.16666666666666666,0.0,0.0,6,Hydrophobic
132,,,,,,,0,No usable contact
133,0.7149825249244682,0.09243509208316644,0.17472524013522253,0.0,0.0,0.017857142857142856,14,Hydrophobic
134,1.0,0.0,0.0,0.0,0.0,0.0,1,Hydrophobic
135,1.0,0.0,0.0,0.0,0.0,0.0,1,Hydrophobic
136,0.5,0.0,0.5,0.0,0.0,0.0,4,Tied classes
137,,,,,,,0,No usable contact
138,,,,,,,0,No usable contact
139,0.4,0.2,0.4,0.0,0.0,0.0,5,Tied classes
140,1.0,0.0,0.0,0.0,0.0,0.0,2,Hydrophobic
141,,,,,,,0,No usable contact
142,0.7,0.3,0.0,0.0,0.0,0.0,20,Hydrophobic
143,0.7670872589068978,0.15679961400538478,0.02039758289223514,0.04227996239701746,0.007880026242909337,0.005555555555555556,36,Hydrophobic
144,0.574320041897845,0.21229283131331525,0.20826516656348257,0.00509523797641271,2.672224894447117e-05,0.0,28,Hydrophobic
145,0.3997472829232972,0.20466484179775865,0.23885780408764426,0.15673007119129986,0.0,0.0,30,Hydrophobic
146,0.4947474807571838,0.29086962016295115,0.19054887795029457,0.012895788344623764,0.010938232784946697,0.0,35,Hydrophobic
147,0.41866438837832387,0.24565872083987378,0.15967221590548047,0.16251710247071097,0.013487572405610947,0.0,37,Hydrophobic
148,0.44741874646696644,0.19394925045432457,0.24156954870015504,0.0769035409318671,0.03427656050551038,0.0058823529411764705,34,Hydrophobic
149,0.07803586280925809,0.31662320830004403,0.4702443095538199,0.03245763012300422,0.10263898921387381,0.0,13,Basic (K/R/H)
150,,,,,,,0,No usable contact
151,,,,,,,0,No usable contact
152,,,,,,,0,No usable contact
153,,,,,,,0,No usable contact
154,,,,,,,0,No usable contact
155,,,,,,,0,No usable contact
156,,,,,,,0,No usable contact
157,,,,,,,0,No usable contact
158,0.0,0.0,1.0,0.0,0.0,0.0,1,Basic (K/R/H)
159,,,,,,,0,No usable contact
160,,,,,,,0,No usable contact
161,,,,,,,0,No usable contact
162,,,,,,,0,No usable contact
163,,,,,,,0,No usable contact
164,,,,,,,0,No usable contact
165,,,,,,,0,No usable contact
166,0.16031577913751868,0.09175210514335654,0.44870851968046027,0.2700757575757576,0.029147838462906958,0.0,11,Basic (K/R/H)
167,0.1862947612333253,0.20520169870898242,0.4673151771411075,0.12120371727233235,0.011651312310919088,0.008333333333333333,24,Basic (K/R/H)
168,0.5596722360375158,0.20595352916768056,0.12022103120839148,0.06666666666666667,0.0344784068384447,0.013008130081300813,15,Hydrophobic
169,0.1880998420652717,0.2568270730592393,0.4442729141875209,0.11070514978336905,9.502090459901178e-05,0.0,18,Basic (K/R/H)
170,0.10030864197530864,0.5,0.39969135802469136,0.0,0.0,0.0,4,Polar
171,0.2815951986623119,0.14060009990307198,0.3278047014346161,0.25,0.0,0.0,4,Basic (K/R/H)
172,0.22692837465564739,0.3333333333333333,0.43973829201101927,0.0,0.0,0.0,6,Basic (K/R/H)
173,0.07085866261398177,0.6085280590797916,0.0973438462573241,0.22326943204890262,0.0,0.0,8,Polar
174,,,,,,,0,No usable contact
175,,,,,,,0,No usable contact
176,0.0782051282051282,0.0,0.0,0.9217948717948719,0.0,0.0,4,Acidic (D/E)
177,0.0,1.0,0.0,0.0,0.0,0.0,2,Polar
178,,,,,,,0,No usable contact
179,0.13811272696659996,0.2632663390817247,0.14308882346064586,0.0521317829060875,0.403400327584942,0.0,3,Glycine
180,,,,,,,0,No usable contact
181,,,,,,,0,No usable contact
182,,,,,,,0,No usable contact
183,0.02403242996717836,0.28952508858372344,0.21669248697292476,0.0009764958824208872,0.4687734985937526,0.0,3,Glycine
184,0.046965914914760404,0.5,0.45303408508523957,0.0,0.0,0.0,2,Polar
185,,,,,,,0,No usable contact
186,,,,,,,0,No usable contact
187,0.05535336984213162,0.0,0.2779799634912017,0.1848441261217095,0.48182254054495716,0.0,3,Glycine
188,0.0,0.3333333333333333,0.6666666666666666,0.0,0.0,0.0,3,Basic (K/R/H)
189,,,,,,,0,No usable contact
190,0.0,0.0,0.0,1.0,0.0,0.0,1,Acidic (D/E)
191,0.2644240910759792,0.4472518206665903,0.2853183329507902,0.0,0.003005755306640262,0.0,2,Polar
192,0.0,1.0,0.0,0.0,0.0,0.0,1,Polar
193,,,,,,,0,No usable contact
194,0.2799811195872595,0.6880901661620303,0.03192871425071012,0.0,0.0,0.0,3,Polar
195,0.5098871857198268,0.3589467379077861,0.13116607637238706,0.0,0.0,0.0,8,Hydrophobic
196,0.6101346267571155,0.2713977469975775,0.10471718718536924,0.010384529048521754,0.003365910011416093,0.0,9,Hydrophobic
197,0.620772758093412,0.2866892487114111,0.07020333724091617,0.02233465595426062,0.0,0.0,7,Hydrophobic
198,0.4594802595371592,0.28683520298817045,0.16528031944005822,0.012544354155463015,0.07585986387914916,0.0,8,Hydrophobic
199,0.28388530122144257,0.3930647937593552,0.09391299849781637,0.17356240231501277,0.05557450420637311,0.0,6,Polar
200,0.5894832866081575,0.40727774206960743,0.002437148277456279,0.0006587615283267456,0.00014306151645207438,0.0,6,Hydrophobic
201,0.3725849099561568,0.24691608536669837,0.22918094236584005,0.11049864118149522,0.04081942112980955,0.0,5,Hydrophobic
202,0.3326068548156149,0.3392754545816182,0.04400658561668608,0.2833371560405223,0.0007739489455585865,0.0,7,Polar
203,0.4793890913825651,0.2,0.0,0.30766875100208435,0.012942157615350586,0.0,5,Hydrophobic
204,0.29506782402292236,0.36474225726431575,0.0,0.3401899187127619,0.0,0.0,6,Polar
205,0.44940305732912805,0.4689126212597804,0.045468515615191225,0.03621580579590029,0.0,0.0,7,Polar
206,0.4657621219791528,0.3403242184965623,0.0,0.057671321250883985,0.13624233827340085,0.0,3,Hydrophobic
207,0.2689433325998977,0.6563323766877792,0.07472429071232294,0.0,0.0,0.0,3,Polar
208,0.393159604165951,0.4817296989934185,0.018270301006581495,0.10684039583404896,0.0,0.0,6,Polar
209,,,,,,,0,No usable contact
210,0.25,0.25,0.25,0.0,0.25,0.0,4,Tied classes
211,0.3188577568455617,0.2798194918316869,0.2013227513227513,0.0,0.2,0.0,5,Hydrophobic
212,,,,,,,0,No usable contact
213,0.0,1.0,0.0,0.0,0.0,0.0,1,Polar
214,0.025853413654618476,0.33122568093385213,0.03664658634538153,0.5625,0.043774319066147864,0.0,8,Acidic (D/E)
215,0.2134960046057322,0.35524391634898844,0.4207933655262403,0.0104667135190391,0.0,0.0,10,Basic (K/R/H)
216,0.12472677595628416,0.35333553405474893,0.5160692763793231,0.005868413609643858,0.0,0.0,5,Basic (K/R/H)
217,0.0,0.3333333333333333,0.6666666666666666,0.0,0.0,0.0,3,Basic (K/R/H)
218,0.33945679763942477,0.060485819477845176,0.40726749762016357,0.11585194482155721,0.07693794044100932,0.0,4,Basic (K/R/H)
219,0.45416666666666666,0.0,0.5228333333333334,0.023,0.0,0.0,4,Basic (K/R/H)
220,0.3333333333333333,0.0,0.6666666666666666,0.0,0.0,0.0,3,Basic (K/R/H)
221,0.25932143840428706,0.17522289773370345,0.396482135485354,0.11183067123379835,0.05714285714285715,0.0,7,Basic (K/R/H)
222,0.14185079991102967,0.2875011376046596,0.39853695606086414,0.1721111064234466,0.0,0.0,8,Basic (K/R/H)
223,0.5,0.2628704123008785,0.06548703834026001,0.1716425493588615,0.0,0.0,4,Hydrophobic
224,0.1775704980181588,0.3453077424199931,0.27154182247132047,0.2055799370905275,0.0,0.0,12,Polar
225,0.2,0.29135517007646994,0.50864482992353,0.0,0.0,0.0,5,Basic (K/R/H)
226,0.4,0.075,0.375,0.0,0.15,0.0,5,Hydrophobic
227,0.24940568501191415,0.26550019023223437,0.4564743776691309,0.01749361841189382,0.011126128674826648,0.0,4,Basic (K/R/H)
228,0.5086843225302249,0.20457259887056886,0.24117186172611005,0.0,0.04557121687309623,0.0,6,Hydrophobic
229,0.8159140710712155,0.12891550685405956,0.05517042207472488,0.0,0.0,0.0,4,Hydrophobic
230,0.16666666666666666,0.40487573264371646,0.16983638245732635,0.12575513887432657,0.13286607935796396,0.0,6,Polar
231,0.36079754440128764,0.18291433454441147,0.30200007362090764,0.043279375972748446,0.11100867146064476,0.0,8,Hydrophobic
232,0.3803813320755271,0.33429031201569237,0.1908228632632767,0.057486639895729885,0.037018852749774,0.0,9,Hydrophobic
233,0.4155024757353226,0.22282837196182276,0.2548834478339204,0.026822344322344323,0.07996336014658985,0.0,10,Hydrophobic
234,0.29973362408345006,0.2672016777409808,0.24311985805010325,0.14696129019225312,0.042983549933212836,0.0,9,Hydrophobic
235,0.2784090756222195,0.29452526347553354,0.2721860164186832,0.15487964448356384,0.0,0.0,7,Polar
236,0.10582884996947498,0.3125,0.3333333333333333,0.16666666666666666,0.08167115003052502,0.0,4,Basic (K/R/H)
237,0.171032221780087,0.4474063534803128,0.28510927373689493,0.09447848118195291,0.001973669820752316,0.0,7,Polar
238,0.3350386759855557,0.12489276956658804,0.34023272835914353,0.15864408295207738,0.04119174313663532,0.0,9,Basic (K/R/H)
239,0.3803534360345662,0.0860991937343267,0.2924566529440554,0.23567485655204204,0.005415860735009671,0.0,11,Hydrophobic
240,0.40203821896542813,0.0696728118252782,0.3060667469870715,0.2222222222222222,0.0,0.0,9,Hydrophobic
241,0.16185409465271958,0.08235334383844915,0.5131973485615888,0.20919909252803928,0.03339612041920309,0.0,12,Basic (K/R/H)
242,0.5159678569496993,0.061547922562958914,0.3224842204873419,0.1,0.0,0.0,10,Hydrophobic
243,0.3160746377581036,0.2614816984995296,0.26717395921635595,0.1552697045260108,0.0,0.0,8,Hydrophobic
244,0.5791002352786602,0.12932843627957805,0.16238254709611766,0.1291887813456441,0.0,0.0,9,Hydrophobic
245,0.1414536450128003,0.4108652629262632,0.2928354288881851,0.14198686718488698,0.012858795987864428,0.0,9,Polar
246,0.3958063346539426,0.32588680611335197,0.2434887893774479,0.012660497696967692,0.022157572158289795,0.0,9,Hydrophobic
247,0.3998804892390954,0.18642868905579504,0.27210922873876187,0.12065328153297616,0.020928311433371472,0.0,12,Hydrophobic
248,0.48357974666498016,0.3,0.125,0.005238727515135619,0.08618152581988421,0.0,8,Hydrophobic
249,0.3256924433072136,0.3244658804327784,0.29903734187462405,0.0029097621206904917,0.047894572264693444,0.0,10,Hydrophobic
250,,,,,,,0,No usable contact
251,0.0,0.6666666666666666,0.0,0.3333333333333333,0.0,0.0,3,Polar
252,0.003796095444685466,0.45530926678742645,0.25,0.2035844425401224,0.08731019522776573,0.0,4,Polar
253,0.0,0.9866942418212716,0.0016025641025641027,0.011703194076164219,0.0,0.0,2,Polar
254,0.02933049195935794,0.1751712634444593,0.49252404068691613,0.20557160650666922,0.09740259740259741,0.0,4,Basic (K/R/H)
255,,,,,,,0,No usable contact
256,0.16475972540045764,0.4185736079328757,0.4166666666666667,0.0,0.0,0.0,3,Polar
257,,,,,,,0,No usable contact
258,,,,,,,0,No usable contact
259,0.5,0.5,0.0,0.0,0.0,0.0,2,Tied classes
260,,,,,,,0,No usable contact
261,,,,,,,0,No usable contact
262,0.33055555555555555,0.4303015873015873,0.23914285714285716,0.0,0.0,0.0,5,Polar
263,0.38554891390677226,0.33804789858992823,0.2714772855236437,0.004925901979655759,0.0,0.0,8,Hydrophobic
264,0.2,0.4,0.4,0.0,0.0,0.0,5,Tied classes
265,0.4613842821879338,0.14349983667725144,0.3951158811348147,0.0,0.0,0.0,10,Hydrophobic
266,0.3689092007971352,0.1494394266435447,0.4676360211389534,0.014015351420366678,0.0,0.0,8,Basic (K/R/H)
267,0.40384615384615385,0.25,0.34615384615384615,0.0,0.0,0.0,4,Hydrophobic
268,0.25300762912297287,0.39930982336116266,0.3472897992835667,0.00039274823229784524,0.0,0.0,7,Polar
269,0.41631644505776283,0.2708787593956576,0.3098740311327134,0.0,0.00293076441386621,0.0,7,Hydrophobic
270,0.2198445880653843,0.19112687998532796,0.392530625186928,0.18627322256112208,0.010224684201237677,0.0,11,Basic (K/R/H)
271,0.3888682745825603,0.325417439703154,0.2857142857142857,0.0,0.0,0.0,7,Hydrophobic
272,0.28529279612888436,0.47380923166049094,0.20650026343519495,0.03439770877542976,0.0,0.0,8,Polar
273,0.2,0.4,0.4,0.0,0.0,0.0,5,Tied classes
274,,,,,,,0,No usable contact
275,0.29252682775944683,0.3154328536413549,0.39204031859919825,0.0,0.0,0.0,6,Basic (K/R/H)
276,0.33921068403630295,0.15369095663493695,0.50709835932876,0.0,0.0,0.0,10,Basic (K/R/H)
277,0.0,0.0,0.0,1.0,0.0,0.0,1,Acidic (D/E)
278,,,,,,,0,No usable contact
279,0.2699112529679417,0.45914336343657725,0.2185378041033432,0.0,0.05240757949213779,0.0,11,Polar
280,0.4827137358482565,0.21981480601683429,0.03528480046461708,0.2611134729784588,0.0010731846918333899,0.0,7,Hydrophobic
281,,,,,,,0,No usable contact
282,,,,,,,0,No usable contact
283,0.4114768603685792,0.2958300262116999,0.185046161987375,0.052099979346598865,0.05554697208574711,0.0,11,Hydrophobic
284,0.21337289632898251,0.28905498384654715,0.17973245898273577,0.23381480318272949,0.08402485765900508,0.0,8,Polar
285,0.20200892857142858,0.4479910714285714,0.35,0.0,0.0,0.0,8,Polar
286,0.12680487495262394,0.49024830577491557,0.370637526623362,0.0,0.012309292649098474,0.0,8,Polar
287,0.15916702564099264,0.6200192294341373,0.17646382680645828,0.04434991811841181,0.0,0.0,8,Polar
288,0.10979979162814871,0.29425806463251397,0.3927510460528268,0.20319109768651053,0.0,0.0,11,Basic (K/R/H)
289,0.30549645390070923,0.3333333333333333,0.36117021276595745,0.0,0.0,0.0,3,Basic (K/R/H)
290,0.4585541016967089,0.2465455435202954,0.2,0.08902423053575988,0.0058761242472358,0.0,10,Hydrophobic
291,0.08409750701879809,0.35668392857038383,0.2753402497258135,0.2838783146850046,0.0,0.0,9,Polar
292,0.06641987251779842,0.18623925104196598,0.6034608677558895,0.03442554958999229,0.10945445909435382,0.0,9,Basic (K/R/H)
293,,,,,,,0,No usable contact
294,0.0,1.0,0.0,0.0,0.0,0.0,1,Polar
295,0.11191335740072203,0.40874448455675894,0.11485642946317104,0.32958801498127344,0.03489771359807461,0.0,9,Polar
296,0.06847319347319349,0.5175819260926077,0.1955128205128205,0.1624880039773224,0.05594405594405594,0.0,13,Polar
297,,,,,,,0,No usable contact
298,0.0,0.0,1.0,0.0,0.0,0.0,1,Basic (K/R/H)
299,,,,,,,0,No usable contact
300,,,,,,,0,No usable contact
301,,,,,,,0,No usable contact
302,,,,,,,0,No usable contact
303,,,,,,,0,No usable contact
304,,,,,,,0,No usable contact
305,0.44319046882661056,0.09292832589713693,0.0898072429906542,0.3740739622855983,0.0,0.0,16,Hydrophobic
306,0.0,0.3333333333333333,0.23404255319148937,0.4326241134751773,0.0,0.0,3,Acidic (D/E)
307,0.18726723687571364,0.2097979407910292,0.39741946711452014,0.205515355218737,0.0,0.0,6,Basic (K/R/H)
308,0.22491049995653714,0.04,0.33568361882125036,0.39940588122221254,0.0,0.0,6,Acidic (D/E)
309,0.0,0.0,0.0,1.0,0.0,0.0,2,Acidic (D/E)
310,0.17939830191557307,0.347204262186991,0.1,0.3733974358974359,0.0,0.0,4,Acidic (D/E)
311,0.1651362548851144,0.09790604381083796,0.6430846909998262,0.09387301030422142,0.0,0.0,12,Basic (K/R/H)
312,0.3333333333333333,0.3333333333333333,0.0,0.3333333333333333,0.0,0.0,3,Tied classes
313,,,,,,,0,No usable contact
314,0.23041590746252547,0.28962302378755594,0.4468153538245426,0.03314571492537594,0.0,0.0,11,Basic (K/R/H)
315,0.34634726218331885,0.13868934816739478,0.11621624297556328,0.353946262494285,0.044800884179438005,0.0,6,Acidic (D/E)
316,0.20063068841243661,0.4199361284233081,0.25439547308616894,0.053307171834727794,0.07173053824335858,0.0,6,Polar
317,,,,,,,0,No usable contact
318,0.12127436956982413,0.2555555555555556,0.6031228962235455,0.020047178651074752,0.0,0.0,12,Basic (K/R/H)
319,0.21141450885531263,0.20837818045912623,0.49982375116087624,0.015690289975520924,0.06469326954916393,0.0,11,Basic (K/R/H)
320,0.2507314949174535,0.17678165487509945,0.4660840237993184,0.0006369426751592357,0.10576588373296936,0.0,12,Basic (K/R/H)
321,0.0,0.29924490826489264,0.7007550917351073,0.0,0.0,0.0,10,Basic (K/R/H)
322,0.0,0.5014314836186312,0.33478730047637334,0.05518582806432469,0.10859538784067087,0.0,10,Polar
323,0.04531117897686127,0.3697716569032509,0.43412521367872703,0.07466265242872341,0.07612929801243741,0.0,12,Basic (K/R/H)
324,0.09483174420131042,0.5173710526591645,0.2254921673757186,0.09374487789652854,0.06856015786727786,0.0,9,Polar
325,0.3298059964726631,0.6666666666666666,0.0035273368606701942,0.0,0.0,0.0,3,Polar
326,0.18232974637854765,0.23298672284833546,0.11883785945117924,0.46355483466855124,0.0022908366533864544,0.0,10,Acidic (D/E)
327,0.3125,0.4375,0.25,0.0,0.0,0.0,4,Polar
328,0.14453423431663492,0.23509301609312735,0.15778014029229376,0.449684139551664,0.012908469746280016,0.0,22,Acidic (D/E)
329,0.1715404339583201,0.21593959134574647,0.16666666666666666,0.4166666666666667,0.029186641362600116,0.0,12,Acidic (D/E)
330,0.1582523495839129,0.15629436605887626,0.12725828866388725,0.5374363727119187,0.020758622981404972,0.0,23,Acidic (D/E)
331,0.16002663932476135,0.15625124897747664,0.0,0.5730974819639368,0.11062462973382514,0.0,12,Acidic (D/E)
332,0.2781517968102382,0.11694072972415596,0.3627770998908127,0.13544696409326581,0.10668340948152728,0.0,24,Basic (K/R/H)
333,0.3546619288001661,0.23358367562852148,0.19811689813151453,0.15121855058429534,0.06241894685550249,0.0,28,Hydrophobic
334,0.49702580843140404,0.11379173207255672,0.3578917821771008,0.01126960106866453,0.02002107625027389,0.0,32,Hydrophobic
335,0.2006535947712418,0.333500837520938,0.10457516339869281,0.3612704043091273,0.0,0.0,6,Acidic (D/E)
336,0.3194568909079897,0.04040698284136535,0.023300344500110346,0.6011144717402028,0.015721310010331814,0.0,15,Acidic (D/E)
337,0.596700203791423,0.07379767996798497,0.08131174795136649,0.23501878466722512,0.013171583622000405,0.0,23,Hydrophobic
338,0.5,0.25,0.25,0.0,0.0,0.0,4,Hydrophobic
339,,,,,,,0,No usable contact
340,0.75,0.08333333333333333,0.16666666666666666,0.0,0.0,0.0,6,Hydrophobic
341,0.5831548457245403,0.03593088033921452,0.3556606897466586,0.016048076603032785,0.009205507586553778,0.0,32,Hydrophobic
342,1.0,0.0,0.0,0.0,0.0,0.0,3,Hydrophobic
343,1.0,0.0,0.0,0.0,0.0,0.0,1,Hydrophobic
344,0.7746996968280279,0.0031677913304378005,0.21794375256263726,0.0002827854365500176,0.0039059738423471192,0.0,23,Hydrophobic
345,0.6320936289626898,0.08506062889360688,0.20979369219374608,0.04404499806688974,0.029007051883067517,0.0,35,Hydrophobic
346,0.8381080173492599,0.14462064570622837,0.0004480286738351255,0.0,0.00015664160401002505,0.016666666666666666,12,Hydrophobic
347,0.0,0.0,1.0,0.0,0.0,0.0,2,Basic (K/R/H)
348,0.3603377464602,0.13421852882288365,0.4751172680320699,0.028980715263277838,0.0013457414215686276,0.0,32,Basic (K/R/H)
349,0.44615025241834066,0.17240964285145863,0.17196598476898423,0.19568893776106044,0.00807089648587031,0.005714285714285714,35,Hydrophobic
350,0.2503812236517461,0.2458043420266868,0.20018471176506497,0.29499263234247347,0.008637090214028607,0.0,36,Acidic (D/E)
351,0.20583561830884017,0.26582605237834245,0.1927349252012655,0.3011327859630954,0.0336285128852986,0.0008421052631578947,40,Acidic (D/E)
352,0.5934417772947337,0.2125375889272062,0.0625,0.125,0.006520633778060072,0.0,16,Hydrophobic
353,0.38875337069179433,0.124274015208435,0.4432689103960669,0.0,0.0437037037037037,0.0,15,Basic (K/R/H)
354,0.42060246287019887,0.18362895693069553,0.2698932634533535,0.04555204450188761,0.0803232722438645,0.0,29,Hydrophobic
355,0.4657600971244087,0.14625114880909432,0.31266722053602714,0.011696169406807205,0.058065220991265175,0.005560143132397467,21,Hydrophobic
356,0.5093645096210458,0.10202766520377617,0.3185528801202329,0.07005494505494506,0.0,0.0,7,Hydrophobic
357,0.06655081870719161,0.0,0.9334491812928084,0.0,0.0,0.0,1,Basic (K/R/H)
358,0.47164084864197015,0.1908636691629185,0.2894753134852875,0.04802016870982389,0.0,0.0,6,Hydrophobic
359,0.11917208045066119,0.1374435254222595,0.6552647360074212,0.08811965811965812,0.0,0.0,12,Basic (K/R/H)
360,0.13326677968440676,0.3305012879931536,0.4385316462643601,0.06597381747549771,0.031726468582581886,0.0,7,Basic (K/R/H)
361,0.17704899817997344,0.12900239704740002,0.6413030517557864,0.05264555301684015,0.0,0.0,12,Basic (K/R/H)
362,0.29034106596311093,0.1381085269354574,0.5638258747308199,0.007724532370611833,0.0,0.0,15,Basic (K/R/H)
363,0.2249198417167178,0.16599034450396025,0.6081870360015441,0.0,0.0009027777777777777,0.0,15,Basic (K/R/H)
364,0.3724724533099716,0.07529133982180854,0.38495108816037193,0.13952974888091638,0.027755369826931574,0.0,16,Basic (K/R/H)
365,0.41864941380883797,0.021284462868294125,0.43951187039483847,0.0954525630703167,0.025101689857712724,0.0,16,Basic (K/R/H)
366,0.4326109495600173,0.14441865024032602,0.40439103765106577,0.018579362548590862,0.0,0.0,14,Hydrophobic
367,0.4645008707597457,0.20721050478474076,0.22637788042598198,0.10191074402953158,0.0,0.0,14,Hydrophobic
368,0.38748478697807276,0.2630588738826325,0.2101118827160494,0.13934445642324542,0.0,0.0,9,Hydrophobic
369,0.1203402069250263,0.3,0.4231995484266557,0.15,0.006460244648318042,0.0,10,Basic (K/R/H)
370,,,,,,,0,No usable contact
371,0.5338137472283814,0.262441404001949,0.08889976062760994,0.1148450881420597,0.0,0.0,11,Hydrophobic
372,0.41284898072199927,0.3241703031858592,0.17470752596991862,0.06423184595294032,0.024041344169282622,0.0,16,Hydrophobic
373,0.4252193570805822,0.12574550366173956,0.40865239037180845,0.026347661166571553,0.014035087719298248,0.0,19,Hydrophobic
374,0.606700218540125,0.09419496166484119,0.29910481979503384,0.0,0.0,0.0,11,Hydrophobic
375,0.6052673377158364,0.1268477388780988,0.21187540151803366,0.027945418914456652,0.0251995196402412,0.002864583333333333,15,Hydrophobic
