ca,n_abp,id_cons,prop_cons,entropy,dom_class,asa,aa_a,cons,gemme
5,2,0.5,0.5,1.0,Polaire,66.9,D,0.9695817490494296,0.0278658838394027
6,4,0.75,1.0,0.8112781244591328,Basique (+),28.6,D,0.6456392887383573,0.0886807122566623
7,5,0.8,0.8,0.7219280948873623,Basique (+),23.8,D,0.502475968540635,0.1332682232153695
8,6,0.3333333333333333,0.5,2.2516291673878226,Basique (+),35.9,D,0.5044404973357016,0.1492867923482334
9,11,0.45454545454545453,0.45454545454545453,2.0403733936884962,Basique (+),42.2,T,0.3601351351351351,0.0111003560460353
10,11,0.45454545454545453,0.5454545454545454,1.971747257128181,Basique (+),52.3,T,0.3241234756097561,0.0527515730303428
11,1,1.0,1.0,-0.0,Basique (+),47.3,A,0.6136468418626095,0.2781370684658407
20,4,0.5,0.75,1.5,Hydrophobe,35.3,L,0.4247333603348184,0.5157258973305948
22,1,1.0,1.0,-0.0,Polaire,88.4,K,0.9834914377232968,0.751204446457162
25,16,0.25,0.4375,2.577819531114783,Basique (+),77.0,F,0.6905609426782865,0.4617162561567711
26,11,0.7272727272727273,1.0,0.8453509366224364,Basique (+),36.7,A,0.8063647490820074,0.4820642947206641
27,25,0.32,0.48,2.5990795706241747,Hydrophobe,63.7,G,0.8854115927910375,0.6259303232154495
28,29,0.3448275862068966,0.4827586206896552,3.0228333762008956,Basique (+),38.1,D,0.5097872340425532,0.4670950452348255
29,32,0.28125,0.46875,3.123778124459133,Basique (+),67.9,D,0.5844865258557902,0.3827578678710815
30,24,0.25,0.4583333333333333,3.4072682296173897,Hydrophobe,76.9,A,0.46527105517909,0.3111308226620333
31,22,0.22727272727272727,0.6363636363636364,3.3176400059662177,Hydrophobe,99.4,P,0.9539037045975625,0.8184985224540906
32,22,0.2727272727272727,0.36363636363636365,2.867633890971212,Basique (+),69.9,R,0.5095863981671289,0.3850107777289945
33,18,0.3333333333333333,0.3888888888888889,2.5996659733039564,Basique (+),69.65,A,0.4405392392874338,0.4067510127523545
34,20,0.35,0.35,2.6016094970590276,Hydrophobe,50.0,V,0.603355302576393,0.4450643161644696
35,9,0.5555555555555556,0.7777777777777778,1.6577427265048887,Basique (+),60.9,F,0.7007046458855846,0.5808834649652924
36,4,0.25,0.25,2.0,Gly/Pro,53.1,P,0.8076190476190476,0.5709239228068104
39,2,1.0,1.0,-0.0,Polaire,55.3,V,0.8351051263879046,0.7532209300744709
41,6,0.3333333333333333,0.5,2.2516291673878226,Basique (+),82.5,R,0.589649455234486,0.3207899070793212
42,9,0.2222222222222222,0.3333333333333333,2.94770277922009,Polaire,46.9,P,0.6983559685489635,0.5784766615352787
43,10,0.3,0.4,2.6464393446710157,Polaire,14.0,R,0.40750509531231266,0.3200770446666383
44,9,0.2222222222222222,0.3333333333333333,2.725480556997868,Basique (+),29.200000000000003,H,0.4436271554322923,0.1716170437790286
45,10,0.2,0.3,2.7219280948873625,Basique (+),46.8,Q,0.28972188633615475,0.0699888427690043
46,10,0.2,0.5,3.121928094887362,Hydrophobe,52.5,G,0.42516588842467434,0.237236712008638
47,9,0.3333333333333333,0.8888888888888888,2.197159723424149,Hydrophobe,16.4,V,0.45948308153327505,0.2203388379933508
48,32,0.1875,0.65625,3.3431390622295662,Hydrophobe,16.4,M,0.545836422041018,0.4552856587922472
49,32,0.15625,0.5625,3.7539280318460246,Hydrophobe,17.7,V,0.43283582089552236,0.2983134925269013
50,32,0.15625,0.34375,3.6371987351738495,Polaire,69.7,G,0.6374651641827215,0.5230539140173966
51,32,0.1875,0.375,3.3050365325772657,Hydrophobe,48.7,M,0.41798313338876353,0.3020955866521659
52,29,0.1724137931034483,0.3793103448275862,3.5224963070861737,Polaire,53.4,G,0.4353893058161351,0.254757888742869
53,28,0.17857142857142858,0.4642857142857143,3.4547012441673464,Polaire,30.3,Q,0.4267816091954023,0.1820504618905901
54,29,0.1724137931034483,0.3103448275862069,3.4661007200723897,Acide (−),75.2,K,0.5224471333257944,0.492262293241843
55,20,0.2,0.4,3.384183719779189,Polaire,55.3,D,0.551534842034506,0.4728799473080621
56,12,0.16666666666666666,0.4166666666666667,2.918295834054489,Polaire,64.7,S,0.2751305120515384,0.2039471198006025
57,16,0.25,0.375,2.952819531114783,Polaire,51.9,Y,0.5398015435501654,0.5956224141866102
58,8,0.25,0.5,2.5,Polaire,99.55,V,0.5338641073181372,0.5321567484947008
60,21,0.3333333333333333,0.5238095238095238,2.337019353315419,Basique (+),24.6,D,0.5082233282839212,0.4488464244607617
61,18,0.16666666666666666,0.2777777777777778,3.239097917988786,Polaire,48.2,E,0.5596716708067826,0.5193258663933753
62,1,1.0,1.0,-0.0,Polaire,100.0,A,0.6548930654569022,0.6828483898413705
63,5,0.2,0.4,2.321928094887362,Polaire,60.6,Q,0.48352598033920274,0.3945556483239091
64,10,0.6,0.6,1.7709505944546688,Basique (+),51.9,S,0.39982700832522433,0.2592027673819686
65,16,0.25,0.4375,2.75,Basique (+),31.8,K,0.4858842617631152,0.5316941139718451
66,5,0.2,0.4,2.321928094887362,Acide (−),61.1,R,0.5831896551724138,0.6012109747264086
67,4,0.5,0.75,1.5,Acide (−),79.4,G,0.593998709399871,0.6793042715254094
68,3,0.3333333333333333,0.3333333333333333,1.584962500721156,Polaire,76.6,I,0.403125,0.4439529751873829
69,2,0.5,0.5,1.0,Acide (−),40.65,L,0.6532991123943963,0.7091542721329727
70,7,0.14285714285714285,0.2857142857142857,2.807354922057604,Basique (+),45.650000000000006,T,0.39614447622073934,0.2498711431857325
71,3,0.6666666666666666,0.6666666666666666,0.9182958340544896,Gly/Pro,82.1,L,0.6097997892518441,0.5821718188401287
72,6,0.3333333333333333,0.6666666666666666,2.2516291673878226,Polaire,91.6,K,0.4322290730483854,0.3409678891584442
73,4,0.5,0.75,1.5,Polaire,70.7,Y,0.571843853820598,0.6509993021461111
74,3,0.6666666666666666,1.0,0.9182958340544896,Polaire,100.0,P,0.7115463917525773,0.8596486769785936
75,3,0.6666666666666666,1.0,0.9182958340544896,Polaire,16.0,I,0.48752811286035574,0.5711111517792395
76,4,0.5,0.75,1.5,Polaire,82.2,E,0.5245717781402937,0.5309506532073519
77,3,0.3333333333333333,0.3333333333333333,1.584962500721156,Basique (+),65.9,H,0.5211485026242667,0.5900020652242071
79,5,0.6,0.6,0.9709505944546686,Basique (+),71.4,I,0.5212700997353958,0.5645805656712312
80,5,0.6,0.6,0.9709505944546686,Basique (+),41.7,V,0.48954651045348957,0.6869112377393685
81,5,0.6,0.8,1.3709505944546687,Basique (+),77.3,T,0.44362794443325954,0.3337340733979286
82,5,0.4,0.4,1.9219280948873623,Basique (+),71.7,N,0.48905109489051096,0.5547566042378773
83,6,0.3333333333333333,0.3333333333333333,2.2516291673878226,Basique (+),70.6,W,0.6816009557945042,0.8241229379376308
84,8,0.5,1.0,1.0,Basique (+),86.3,D,0.5904988594664287,0.5914643134347343
85,4,0.5,0.5,1.5,Polaire,85.44999999999999,D,0.5980809179938669,0.581509690072683
87,9,0.3333333333333333,0.6666666666666666,1.8910611120726526,Basique (+),52.4,E,0.6562649564468268,0.7799127367358205
88,14,0.2857142857142857,0.35714285714285715,2.8073549220576037,Hydrophobe,76.6,K,0.44392344497607655,0.3825905990591347
91,18,0.16666666666666666,0.3888888888888889,3.530493056757482,Basique (+),67.6,H,0.563265306122449,0.6905245096226353
92,13,0.23076923076923078,0.38461538461538464,2.7192945256669794,Basique (+),73.6,H,0.4378614086643284,0.5277054651723629
94,3,0.6666666666666666,1.0,0.9182958340544896,Hydrophobe,100.0,F,0.5753229483282675,0.6101984609375151
95,21,0.14285714285714285,0.42857142857142855,3.427333493898264,Hydrophobe,71.1,Y,0.4875180722891566,0.346766377613952
96,21,0.19047619047619047,0.3333333333333333,3.403989446485261,Hydrophobe,74.2,N,0.469380028395646,0.506746964591824
97,21,0.3333333333333333,0.6666666666666666,2.199086165113526,Basique (+),71.5,E,0.560833097728772,0.560304638376108
98,13,0.23076923076923078,0.46153846153846156,3.0269868333592873,Basique (+),93.1,L,0.6676671981990432,0.799095808716007
99,26,0.23076923076923078,0.4230769230769231,3.11892373818864,Basique (+),93.8,R,0.4956505471892246,0.5551891483066582
100,23,0.21739130434782608,0.4782608695652174,3.191858022009592,Hydrophobe,70.2,V,0.5137992328562073,0.5205799080129938
101,21,0.2857142857142857,0.42857142857142855,2.77925537606794,Basique (+),89.4,A,0.4038264115725618,0.2937569834050209
102,10,0.5,0.7,1.7609640474436812,Basique (+),76.8,P,0.5938722294654498,0.7027201171232195
103,17,0.4117647058823529,0.7058823529411765,2.130926080730337,Basique (+),12.9,E,0.5275510204081633,0.4504622167157087
104,16,0.1875,0.375,2.9834585933443494,Polaire,42.7,E,0.5818853974121996,0.5732714639845359
105,11,0.36363636363636365,0.45454545454545453,2.3685225277282065,Basique (+),44.650000000000006,H,0.5018927153540763,0.3716155267818998
106,4,0.5,0.75,1.5,Hydrophobe,75.8,P,0.6154616645419778,0.8113641803578999
114,3,0.6666666666666666,0.6666666666666666,0.9182958340544896,Polaire,5.6,L,0.5190402617467963,0.4261181137868212
115,2,1.0,1.0,-0.0,Polaire,0.4,N,0.577118490292143,0.7920517664014931
116,4,0.5,0.75,1.5,Polaire,27.65,P,0.6366437114896701,0.7828799439583153
117,4,0.25,0.75,2.0,Polaire,31.9,K,0.4740030744190252,0.6666059943346206
118,7,0.14285714285714285,0.2857142857142857,2.807354922057604,Basique (+),70.2,A,0.3906094808126411,0.1902930028394182
119,3,0.6666666666666666,0.6666666666666666,0.9182958340544896,Hydrophobe,54.55,N,0.573375451263538,0.7112963482427773
120,2,0.5,1.0,1.0,Basique (+),22.549999999999997,R,0.6291354908500857,0.7084213384670536
121,7,0.2857142857142857,0.5714285714285714,2.5216406363433186,Hydrophobe,53.6,E,0.6130920223302719,0.827249845270846
122,8,0.25,0.5,2.75,Hydrophobe,72.2,K,0.5262683608182391,0.6004785320152737
125,10,0.2,0.4,2.9219280948873623,Hydrophobe,67.4,Q,0.5313633548615412,0.6955835615554369
126,3,0.3333333333333333,0.6666666666666666,1.584962500721156,Polaire,91.0,I,0.5218001579085885,0.491990357967506
128,6,0.3333333333333333,0.5,2.2516291673878226,Basique (+),98.19999999999999,F,0.6885895404120443,0.8381518778160675
129,11,0.45454545454545453,0.8181818181818182,1.676737030052133,Basique (+),55.9,E,0.6977112676056338,0.7557144592557472
130,12,0.5833333333333334,0.8333333333333334,1.5510981710072647,Basique (+),64.0,T,0.4915492957746479,0.3468902241780792
131,8,0.625,0.875,1.2987949406953985,Basique (+),52.25,F,0.6486320049265417,0.8614234353385261
132,11,0.45454545454545453,0.9090909090909091,1.3485878960124222,Basique (+),47.3,N,0.48714336033814726,0.3488315261431339
133,1,1.0,1.0,-0.0,Polaire,100.0,V,0.30245879968273554,0.2751141516591848
134,5,0.2,0.4,2.321928094887362,Hydrophobe,52.3,P,0.6204405286343613,0.8161220792279397
135,5,0.4,0.6,1.9219280948873623,Hydrophobe,100.0,A,0.4585942322956169,0.3744333985538204
137,13,0.23076923076923078,0.5384615384615384,3.0269868333592873,Hydrophobe,70.3,Y,0.46768362578255884,0.6025352380674707
138,1,1.0,1.0,-0.0,Hydrophobe,8.1,V,0.5859547096660499,0.6070932869942322
139,1,1.0,1.0,-0.0,Hydrophobe,89.3,A,0.5877748460861917,0.7469804869033868
140,4,0.25,0.5,2.0,Basique (+),23.85,I,0.5806394940267041,0.6212825896446761
143,5,0.4,0.4,1.5219280948873621,Hydrophobe,78.6,V,0.6722144358794674,0.8457464276258951
144,3,0.6666666666666666,1.0,0.9182958340544896,Hydrophobe,98.9,L,0.5376466468219226,0.6835351189952557
146,19,0.3684210526315789,0.3684210526315789,2.39207883297832,Gly/Pro,15.7,L,0.6733106040737826,0.8595623685946272
147,33,0.18181818181818182,0.6060606060606061,3.218974999433378,Hydrophobe,80.1,Y,0.5873917985485704,0.7657135829746635
148,26,0.3076923076923077,0.5,3.2577560641285173,Hydrophobe,86.7,A,0.5718152449139964,0.587370580197792
149,28,0.14285714285714285,0.32142857142857145,3.556656707462823,Hydrophobe,76.3,S,0.5347113204256061,0.6158490424881291
150,33,0.24242424242424243,0.30303030303030304,3.2151659988554147,Polaire,99.1,G,0.6376558820964506,0.8354155378387325
151,35,0.14285714285714285,0.3142857142857143,3.625591860285232,Polaire,81.2,R,0.5354028601325427,0.6468689741050682
152,32,0.28125,0.375,3.2723683589017414,Basique (+),78.7,T,0.551466759243187,0.5953770224366588
153,13,0.38461538461538464,0.46153846153846156,2.1920058354921066,Basique (+),61.2,T,0.6432147790055248,0.714841020359222
162,1,1.0,1.0,-0.0,Basique (+),19.0,G,0.6633859967193301,0.95766484528205
170,12,0.25,0.5,2.2295739585136225,Basique (+),14.9,Y,0.5195322650498051,0.6519086509421305
171,23,0.30434782608695654,0.4782608695652174,2.9948115448078756,Basique (+),32.5,E,0.5627109841599585,0.6790624589154565
172,14,0.21428571428571427,0.5714285714285714,3.3248629576173565,Hydrophobe,29.6,G,0.6709342560553633,0.9313925025745194
173,17,0.23529411764705882,0.47058823529411764,2.866587105828959,Basique (+),16.8,Y,0.5076111399411867,0.5289533944700675
174,5,0.4,0.6,1.9219280948873623,Polaire,11.8,A,0.41632016632016633,0.377904141590387
175,4,0.25,0.25,2.0,Polaire,86.15,L,0.5246497145822522,0.6766705242500158
176,6,0.3333333333333333,0.5,1.9182958340544893,Basique (+),30.2,P,0.553392177223953,0.6081699018357676
177,8,0.375,0.5,2.1556390622295662,Polaire,17.9,H,0.5281726768377254,0.5021199438529981
179,1,1.0,1.0,-0.0,Basique (+),0.0,I,0.5356489945155393,0.5865030673343856
180,4,0.5,1.0,1.0,Acide (−),33.7,M,0.5214889721907419,0.7506921969307422
181,2,1.0,1.0,-0.0,Polaire,23.4,R,0.6312069115978707,0.7570354661837929
183,3,0.6666666666666666,0.6666666666666666,0.9182958340544896,Gly/Pro,62.8,D,0.35714285714285715,0.2345036046963911
187,3,0.6666666666666666,0.6666666666666666,0.9182958340544896,Gly/Pro,49.7,R,0.46779275336950815,0.3132545453921083
188,2,0.5,0.5,1.0,Basique (+),62.0,D,0.5745875745875746,0.5584731265522539
191,3,0.3333333333333333,0.3333333333333333,1.584962500721156,Acide (−),19.8,D,0.3866771433560328,0.267394032757029
192,2,0.5,1.0,1.0,Basique (+),18.200000000000003,Y,0.46453249365870725,0.4041933922638185
194,1,1.0,1.0,-0.0,Acide (−),0.8,M,0.4144609991235758,0.4445868823755072
195,2,0.5,0.5,1.0,Hydrophobe,49.6,K,0.6802397320641635,0.7807092083203951
198,3,0.6666666666666666,0.6666666666666666,0.9182958340544896,Polaire,14.3,T,0.38913987067056427,0.2186565378973923
199,7,0.2857142857142857,0.42857142857142855,2.521640636343318,Polaire,27.6,E,0.5004897159647405,0.6009827370428743
200,7,0.5714285714285714,0.5714285714285714,1.6644977792004614,Gly/Pro,36.5,R,0.4932619366354306,0.453162964209761
201,5,0.4,0.6,1.9219280948873623,Polaire,53.3,G,0.6212800286841161,0.8041240091638202
202,5,0.4,0.6,1.9219280948873623,Hydrophobe,74.5,Y,0.47790080115221895,0.4455493647249212
203,4,0.5,0.75,1.5,Polaire,87.5,S,0.41201793721973096,0.1373070615571422
204,4,0.75,0.75,0.8112781244591328,Polaire,66.3,F,0.5266516853932585,0.5902258360003855
205,5,0.4,0.4,1.9219280948873623,Polaire,24.9,T,0.4010919017288444,0.2398916050344936
206,6,0.5,0.5,1.7924812503605778,Polaire,42.0,T,0.535770186907283,0.6226643283253035
207,5,0.4,0.4,1.9219280948873623,Gly/Pro,59.7,T,0.46002766251728905,0.3868813437115745
208,5,0.4,0.4,1.9219280948873623,Hydrophobe,75.8,A,0.5236051502145923,0.5541795968285748
209,6,0.5,0.5,1.7924812503605778,Polaire,80.8,E,0.538782545586501,0.6835324567260584
210,3,0.6666666666666666,0.6666666666666666,0.9182958340544896,Gly/Pro,58.8,R,0.4502707581227437,0.3275056241032225
211,3,0.3333333333333333,0.6666666666666666,1.584962500721156,Polaire,55.3,E,0.5699244060475162,0.7517340333216987
212,5,0.2,0.6,2.321928094887362,Polaire,71.0,I,0.5215160244868563,0.6555827888995801
214,4,0.25,0.25,2.0,Gly/Pro,22.6,R,0.5385376382768234,0.6794989277774819
215,5,0.2,0.4,2.321928094887362,Gly/Pro,45.9,D,0.5238180837677512,0.6379158665147335
217,1,1.0,1.0,-0.0,Polaire,100.0,K,0.6658252952312269,0.882539509304065
218,8,0.25,0.5,2.5,Acide (−),22.2,E,0.6400613275613276,0.8270018939023023
219,10,0.2,0.5,3.121928094887362,Polaire,9.1,K,0.5831599891471466,0.6432140799114844
220,5,0.2,0.4,2.321928094887362,Basique (+),93.8,L,0.501084794792985,0.5455323841709966
221,3,0.6666666666666666,0.6666666666666666,0.9182958340544896,Basique (+),90.3,C,0.5157409082685,0.5919924786118729
222,4,0.5,0.5,1.5,Basique (+),69.05,Y,0.5795197100135931,0.8254612750088617
223,4,0.25,0.5,2.0,Basique (+),77.55,V,0.5607324147933285,0.5844907600373753
224,3,0.6666666666666666,0.6666666666666666,0.9182958340544896,Basique (+),94.7,A,0.5594054891948573,0.7635700964948853
225,7,0.2857142857142857,0.42857142857142855,2.5216406363433186,Basique (+),55.2,L,0.4900467846986515,0.2666595921124202
226,8,0.25,0.375,2.5,Basique (+),27.1,D,0.5737674929113693,0.7149907897014753
227,4,0.25,0.5,2.0,Hydrophobe,48.4,F,0.40060684075027586,0.5118136332207829
228,10,0.2,0.4,3.121928094887362,Polaire,75.7,E,0.4321158457849105,0.3340915054943307
229,5,0.4,0.6,1.9219280948873623,Basique (+),8.2,Q,0.33549342714312164,0.1347031809447028
230,5,0.4,0.4,1.9219280948873623,Basique (+),39.3,E,0.6307592472420506,0.6209561806520593
231,2,0.5,0.5,1.0,Basique (+),62.3,M,0.3654525181193087,0.4092408626058648
232,4,0.25,0.25,2.0,Hydrophobe,46.1,A,0.21600526612751553,0.0
233,3,0.3333333333333333,0.6666666666666666,1.584962500721156,Hydrophobe,92.9,T,0.36450381679389315,0.1527860695491695
234,5,0.4,0.4,1.9219280948873623,Polaire,64.6,A,0.4837231968810916,0.3462974966345449
235,6,0.16666666666666666,0.3333333333333333,2.584962500721156,Gly/Pro,24.8,A,0.36350163027368837,0.13282307270929
236,7,0.14285714285714285,0.42857142857142855,2.807354922057604,Polaire,50.9,S,0.2672121333067252,0.0575526867971135
238,8,0.25,0.375,2.5,Hydrophobe,38.6,S,0.5011414392059553,0.3421043418499017
239,7,0.2857142857142857,0.2857142857142857,2.5216406363433186,Polaire,68.6,S,0.42759161277679797,0.2385996086828198
240,6,0.3333333333333333,0.3333333333333333,2.251629167387823,Polaire,20.25,S,0.3694279887345829,0.124873349041503
241,3,0.3333333333333333,0.3333333333333333,1.584962500721156,Hydrophobe,52.1,L,0.36731532578177944,0.2001965650519981
242,5,0.4,0.6,1.9219280948873623,Polaire,34.1,E,0.5079153156589739,0.4582414320273006
243,7,0.14285714285714285,0.42857142857142855,2.807354922057604,Hydrophobe,32.7,K,0.48343317109696743,0.4688089096558116
244,9,0.3333333333333333,0.3333333333333333,2.4193819456463714,Hydrophobe,38.9,S,0.372644098810613,0.1860289010329365
245,7,0.2857142857142857,0.2857142857142857,2.2359263506290326,Hydrophobe,97.3,Y,0.588412408759124,0.7849980888889351
246,10,0.3,0.5,2.3709505944546687,Basique (+),25.3,E,0.5159409728548006,0.5630994270004709
247,9,0.2222222222222222,0.5555555555555556,2.725480556997868,Hydrophobe,60.4,L,0.6032034947215144,0.8333200418192962
248,7,0.14285714285714285,0.2857142857142857,2.807354922057604,Hydrophobe,56.1,P,0.6381531204644412,0.9997665920964174
249,7,0.14285714285714285,0.2857142857142857,2.807354922057604,Basique (+),13.9,D,0.6161158895427795,0.7864950796211345
250,6,0.3333333333333333,0.3333333333333333,1.9182958340544893,Polaire,37.4,G,0.6209239130434783,0.7995965922224674
251,6,0.3333333333333333,0.5,2.2516291673878226,Hydrophobe,89.3,Q,0.42129545865749957,0.4211937200085909
252,8,0.25,0.5,2.5,Hydrophobe,57.2,V,0.4273589164785553,0.3411662212114332
253,5,0.4,0.8,1.9219280948873623,Hydrophobe,97.4,I,0.5358718156449725,0.7076250928463098
254,7,0.2857142857142857,0.42857142857142855,2.5216406363433186,Polaire,58.9,T,0.45485673094251217,0.3994618270144131
255,1,1.0,1.0,-0.0,Polaire,13.7,I,0.4396939693969397,0.5705918509669405
256,3,0.6666666666666666,0.6666666666666666,0.9182958340544896,Polaire,76.4,G,0.5676918914043474,0.5609201024698286
257,3,0.3333333333333333,0.6666666666666666,1.584962500721156,Polaire,75.9,N,0.34492701387637414,0.358984626335227
258,2,0.5,1.0,1.0,Polaire,100.0,E,0.5851236685322261,0.6182398966566875
259,3,0.3333333333333333,0.3333333333333333,1.584962500721156,Acide (−),42.0,R,0.5760800938035537,0.6274885512413236
261,4,0.5,0.5,1.5,Polaire,16.1,R,0.31288454578356856,0.3003606251515464
264,2,0.5,0.5,1.0,Polaire,62.95,E,0.6052178639369508,0.6246255096147477
267,4,0.25,0.5,2.0,Hydrophobe,64.7,F,0.6389115646258503,0.7594476923636965
268,7,0.2857142857142857,0.5714285714285714,2.2359263506290326,Polaire,47.4,Q,0.41172181204994984,0.3793933082134718
269,4,0.25,0.5,2.0,Polaire,87.65,P,0.6421541826134499,0.8470668037046113
270,10,0.3,0.5,2.4464393446710155,Hydrophobe,71.7,S,0.4161649334063127,0.178202168508044
271,8,0.25,0.5,2.5,Basique (+),44.3,F,0.30652392716625493,0.1914818818177916
272,4,0.25,0.25,2.0,Hydrophobe,34.0,I,0.3466153705230375,0.2938480175014475
273,7,0.2857142857142857,0.42857142857142855,2.5216406363433186,Basique (+),12.4,G,0.5510784763653052,0.7255544919275136
274,6,0.3333333333333333,0.5,1.9182958340544893,Hydrophobe,52.2,M,0.3010091743119266,0.2334325987944542
275,10,0.2,0.3,2.9219280948873623,Basique (+),20.4,E,0.5009648074979326,0.5497350149958676
276,6,0.3333333333333333,0.3333333333333333,2.2516291673878226,Hydrophobe,6.9,S,0.2634285189606097,0.0685088414928659
277,7,0.42857142857142855,0.5714285714285714,1.8423709931771084,Polaire,46.8,C,0.17244550721971857,0.017095953309019
278,4,0.25,0.5,2.0,Polaire,82.4,G,0.6096467142595643,0.8476754104326717
280,5,0.2,0.4,2.321928094887362,Polaire,35.3,H,0.3437215236012393,0.3581391206702061
281,9,0.2222222222222222,0.5555555555555556,2.503258334775646,Basique (+),75.4,E,0.30000911327804614,0.3878405661526899
282,1,1.0,1.0,-0.0,Acide (−),16.7,T,0.3668002915451895,0.2591117763610167
284,9,0.2222222222222222,0.6666666666666666,2.5032583347756456,Polaire,97.7,Y,0.5026416469302241,0.6185521601647249
285,6,0.16666666666666666,0.5,2.584962500721156,Hydrophobe,79.6,N,0.5598761497131409,0.7548136827963134
288,9,0.4444444444444444,0.4444444444444444,2.2810361125534233,Hydrophobe,84.3,M,0.4079869007550259,0.2709315559958383
289,8,0.25,0.375,2.75,Acide (−),56.0,K,0.4630774827209895,0.4347868714798564
290,8,0.375,0.375,1.9056390622295665,Polaire,95.6,C,0.5025906735751295,0.7322235028134318
291,8,0.375,0.5,1.811278124459133,Basique (+),33.95,D,0.5413403751593516,0.6624477075965344
292,8,0.5,0.875,1.4056390622295665,Polaire,32.1,I,0.3234624145785877,0.3386874296575232
293,11,0.36363636363636365,0.36363636363636365,2.3685225277282065,Basique (+),18.5,D,0.5646618599981746,0.6788017657223235
294,3,0.3333333333333333,0.3333333333333333,1.584962500721156,Hydrophobe,79.6,I,0.4407275386162142,0.5250678738480606
295,9,0.3333333333333333,0.5555555555555556,2.197159723424149,Hydrophobe,63.8,R,0.5094322344322344,0.602424669852845
296,9,0.2222222222222222,0.4444444444444444,2.5032583347756456,Polaire,15.4,K,0.4325883861513098,0.4965318786869546
297,9,0.5555555555555556,0.6666666666666666,1.6577427265048887,Basique (+),26.35,D,0.4641875801428833,0.4172548084427602
299,2,0.5,1.0,1.0,Polaire,11.55,Y,0.5146991060731729,0.6927237431955068
300,9,0.3333333333333333,0.4444444444444444,2.113283334294875,Polaire,14.95,A,0.5927530886962936,0.8977143555754238
301,13,0.3076923076923077,0.46153846153846156,2.6235166412180155,Polaire,51.099999999999994,N,0.6723930913457098,0.8469251484680155
303,1,1.0,1.0,-0.0,Basique (+),13.5,V,0.36063603586946474,0.553959834749846
307,1,1.0,1.0,-0.0,Polaire,100.0,G,0.547793097066716,0.7234544794337519
310,16,0.25,0.4375,2.875,Hydrophobe,12.05,M,0.4487096475811673,0.600134598818846
311,3,0.3333333333333333,0.3333333333333333,1.584962500721156,Acide (−),89.0,Y,0.25182853439496344,0.4145020195082194
312,6,0.5,0.5,1.7924812503605778,Basique (+),32.6,P,0.4199796126401631,0.2767071602928752
313,6,0.5,0.5,1.4591479170272448,Basique (+),45.0,G,0.5857911333704322,0.6224847067553695
314,2,1.0,1.0,-0.0,Acide (−),57.349999999999994,I,0.37840096573498005,0.4644301206135253
315,4,0.25,0.5,2.0,Acide (−),48.0,A,0.33178135766831174,0.2283236912686593
316,12,0.5833333333333334,0.6666666666666666,1.9473387961875537,Basique (+),47.8,D,0.3674192946445232,0.2940401997006234
317,3,0.3333333333333333,0.3333333333333333,1.584962500721156,Polaire,71.8,R,0.5911638333644685,0.7553974407741191
319,11,0.36363636363636365,0.45454545454545453,2.5503407095463886,Basique (+),28.4,Q,0.45715896279594137,0.4765763485793018
320,6,0.3333333333333333,0.5,2.2516291673878226,Acide (−),25.7,K,0.5757832345469941,0.6614389119845884
321,6,0.3333333333333333,0.5,2.2516291673878226,Polaire,69.05,E,0.3602449364107395,0.4635270529228101
323,12,0.4166666666666667,0.5833333333333334,2.2841591278514217,Basique (+),9.7,T,0.33263855992420654,0.0926578106041608
324,10,0.3,0.6,2.6464393446710153,Basique (+),50.4,A,0.33859246509848917,0.1030230117170607
325,10,0.3,0.4,2.446439344671015,Basique (+),74.1,L,0.5438613292472706,0.4229062852240899
326,8,0.75,0.75,1.061278124459133,Basique (+),98.2,A,0.4628631903020974,0.4532686199438797
327,8,0.25,0.5,2.5,Polaire,52.6,P,0.5076063932216445,0.6770238532197094
328,10,0.7,0.9,1.1567796494470395,Basique (+),49.6,S,0.35156551990722845,0.1902017526806094
329,8,0.25,0.5,2.5,Polaire,26.2,T,0.2873170731707317,0.2494704390657744
330,3,0.3333333333333333,0.6666666666666666,1.584962500721156,Polaire,6.2,M,0.32305880043192303,0.357646983445451
331,10,0.4,0.5,2.5219280948873624,Acide (−),15.8,K,0.4219239811912226,0.3876694909265732
332,5,0.2,0.6,2.321928094887362,Polaire,37.1,I,0.37919858573954035,0.5168661933021427
333,22,0.36363636363636365,0.5,2.879664004902594,Acide (−),34.95,K,0.46916863672182824,0.4917336337612059
334,13,0.38461538461538464,0.46153846153846156,2.4996981431844145,Acide (−),44.599999999999994,I,0.345698500394633,0.4860642789283663
335,23,0.391304347826087,0.5652173913043478,2.64163967278987,Acide (−),45.4,I,0.33005757395274965,0.2891894711388424
336,12,0.4166666666666667,0.5833333333333334,2.2841591278514217,Acide (−),33.95,A,0.4759427828348505,0.4273801295335136
337,26,0.15384615384615385,0.34615384615384615,3.4696704873718613,Basique (+),32.8,P,0.4657520427721174,0.5124527314615321
338,27,0.18518518518518517,0.3333333333333333,3.172329874267152,Polaire,48.0,P,0.5044006069802731,0.5146529582054142
339,31,0.25806451612903225,0.41935483870967744,3.292590665086006,Basique (+),55.7,E,0.44271151885830784,0.5001031266542606
340,7,0.14285714285714285,0.2857142857142857,2.807354922057604,Acide (−),47.2,R,0.5148007784492472,0.5137520226928646
341,15,0.4,0.6,2.2892464285091583,Acide (−),36.7,K,0.4425251902118034,0.5138041065334945
342,23,0.21739130434782608,0.5217391304347826,3.3231428049945433,Hydrophobe,73.5,Y,0.4175460376577695,0.4701829559778495
343,4,0.5,0.5,1.5,Hydrophobe,26.0,S,0.46351842241826674,0.4632484972295793
345,7,0.42857142857142855,0.7142857142857143,1.8423709931771084,Hydrophobe,66.15,W,0.5043469152613387,0.7362692663893408
346,30,0.23333333333333334,0.5333333333333333,2.906356847908402,Hydrophobe,61.8,I,0.4394703656998739,0.3728289566452888
347,4,0.75,1.0,0.8112781244591328,Hydrophobe,100.0,G,0.5139593908629442,0.7215429709708918
348,1,1.0,1.0,-0.0,Hydrophobe,90.1,G,0.5556499575191164,0.6789887796145442
349,21,0.2857142857142857,0.8095238095238095,2.4216470425285626,Hydrophobe,100.0,S,0.5154716175842936,0.6463063240345992
350,33,0.21212121212121213,0.696969696969697,3.1756820925279463,Hydrophobe,83.2,I,0.47445803820562354,0.4929638480872682
351,11,0.45454545454545453,0.9090909090909091,1.789929075309999,Hydrophobe,94.8,L,0.47433552136016355,0.5982690039267751
352,2,1.0,1.0,-0.0,Basique (+),29.8,A,0.4144893111638955,0.4622331721589929
353,30,0.3,0.4666666666666667,3.1055872616982603,Basique (+),40.6,S,0.503302652950731,0.4851130679264149
354,32,0.25,0.53125,3.215018266288633,Hydrophobe,84.25,L,0.5028303940779447,0.60721942654555
355,33,0.2727272727272727,0.30303030303030304,3.4186747105177093,Acide (−),40.4,S,0.4527537501368663,0.3494538815101664
356,34,0.3235294117647059,0.3235294117647059,3.335594523328657,Acide (−),64.94999999999999,T,0.40050851204952465,0.4971313451579622
357,14,0.21428571428571427,0.5,2.699513850319966,Hydrophobe,99.7,F,0.493569844789357,0.7478136618093013
358,16,0.1875,0.4375,3.1084585933443494,Basique (+),20.85,Q,0.37342688495378107,0.3504996027723255
359,26,0.19230769230769232,0.38461538461538464,3.6864194113487736,Hydrophobe,25.35,Q,0.35067696094886425,0.2124784474126109
360,18,0.16666666666666666,0.5555555555555556,3.350209029099897,Hydrophobe,47.3,M,0.40746990662616717,0.3499426116170289
361,6,0.5,0.5,1.4591479170272448,Basique (+),96.4,W,0.4446341185842722,0.4125486771593474
362,1,1.0,1.0,-0.0,Basique (+),100.0,I,0.3866359447004608,0.547162083076847
363,6,0.3333333333333333,0.5,1.9182958340544896,Hydrophobe,82.6,S,0.3350383631713555,0.252941457574544
364,9,0.4444444444444444,0.6666666666666666,2.058813890331201,Basique (+),15.15,K,0.3856858846918489,0.4249744014457342
365,6,0.5,0.5,1.4591479170272448,Basique (+),30.6,Q,0.2406883545497407,0.1353835747388067
366,9,0.4444444444444444,0.7777777777777778,2.0588138903312014,Basique (+),86.75,E,0.44607901293154584,0.4209210207555564
367,12,0.3333333333333333,0.5,2.084962500721156,Basique (+),92.7,Y,0.44133811230585424,0.5811482248346401
368,12,0.4166666666666667,0.75,1.9508257945180885,Basique (+),55.4,D,0.34456207892204044,0.2926957115798106
369,13,0.3076923076923077,0.46153846153846156,2.7773627950641693,Hydrophobe,50.4,E,0.5227382680212869,0.5615614369628614
370,13,0.38461538461538464,0.5384615384615384,2.6535442970305683,Hydrophobe,81.7,S,0.2591549295774648,0.0909496252217643
371,11,0.36363636363636365,0.45454545454545453,2.004886164091843,Basique (+),91.55000000000001,G,0.47601476014760147,0.7557947835117663
372,11,0.18181818181818182,0.45454545454545453,2.913977073182752,Hydrophobe,69.45,P,0.3881799033577004,0.382634529910738
373,8,0.125,0.375,3.0,Polaire,77.1,S,0.299384654024865,0.1579931019393599
374,8,0.375,0.625,2.4056390622295662,Basique (+),97.5,I,0.40381922342457033,0.5200887492441121
376,9,0.2222222222222222,0.5555555555555556,2.725480556997868,Hydrophobe,21.1,H,0.40801050558109,0.4897705613121968
377,15,0.2,0.4666666666666667,3.1898980954642875,Hydrophobe,39.1,R,0.39450153476578137,0.326881905913037
378,16,0.1875,0.5,2.8584585933443494,Basique (+),49.5,K,0.4403846153846154,0.5099602372237395
379,10,0.3,0.6,2.4464393446710155,Hydrophobe,64.7,C,0.4219777079165476,0.5523020622988631
380,14,0.21428571428571427,0.35714285714285715,3.039148671903071,Hydrophobe,27.0,F,0.427698885326004,0.5132966929755461
