abp_title,pdb,abp_chain,uniprot,pfam_acc,pfam_domains,interpro_acc,interpro_domains
Actin-related protein 2,7tpt,B,A7MB62,PF00022,Actin,IPR004000;IPR043129,"ATPase, nucleotide binding domain | Actin family"
Actin-related protein 2/3 complex subunit 1,8e9b,C,P78774,PF00400,"WD domain, G-beta repeat",IPR001680;IPR015943;IPR017383;IPR036322,Actin-related protein 2/3 complex subunit 1 | WD40 repeat | WD40-repeat-containing domain superfamily | WD40/YVTN repeat-like-containing domain superfamily
Actin-related protein 2/3 complex subunit 1B,7tpt,C,Q58CQ2,PF00400,"WD domain, G-beta repeat",IPR001680;IPR015943;IPR017383;IPR036322,Actin-related protein 2/3 complex subunit 1 | WD40 repeat | WD40-repeat-containing domain superfamily | WD40/YVTN repeat-like-containing domain superfamily
Actin-related protein 2/3 complex subunit 2,7tpt,D,Q3MHR7,PF04045,"Arp2/3 complex, 34 kD subunit p34-Arc",IPR007188;IPR034666,Actin-related protein 2/3 complex subunit 2 | Arp2/3 complex subunit 2/4
Actin-related protein 2/3 complex subunit 3,7tpt,E,Q3T035,PF04062,ARP2/3 complex ARPC3 (21 kDa) subunit,IPR007204;IPR036753,Actin-related protein 2/3 complex subunit 3 | Actin-related protein 2/3 complex subunit 3 superfamily
Actin-related protein 2/3 complex subunit 4,7tpt,F,Q148J6,PF05856,ARP2/3 complex 20 kDa subunit (ARPC4),IPR008384;IPR034666,Actin-related protein 2/3 complex subunit 4 | Arp2/3 complex subunit 2/4
Actin-related protein 2/3 complex subunit 5-like protein,8p94,G,Q9BPX5,PF04699,ARP2/3 complex 16 kDa subunit (p16-Arc),IPR006789;IPR036743,Actin-related protein 2/3 complex subunit 5 | Actin-related protein 2/3 complex subunit 5 superfamily
Actin-related protein 3,7tpt,A,P61157,PF00022,Actin,IPR004000;IPR043129,"ATPase, nucleotide binding domain | Actin family"
Adducin 1,8iah,0,A0A8D1Q0D0,PF00596,Class II Aldolase and Adducin N-terminal domain,IPR001303;IPR036409;IPR051017,Aldolase class II Adducin subfamily | Class II aldolase/adducin N-terminal | Class II aldolase/adducin N-terminal domain superfamily
Adenylyl cyclase-associated protein 1,9q7o,W,Q01518,PF08603;PF21938,"Adenylate cyclase associated (CAP) C terminal | CAP, N-terminal domain",IPR001837;IPR006599;IPR013912;IPR016098;IPR017901;IPR036222;IPR036223;IPR053950,"Adenylate cyclase-associated CAP | Adenylate cyclase-associated CAP, C-terminal | Adenylate cyclase-associated CAP, C-terminal superfamily | Adenylate cyclase-associated CAP, N-terminal domain superfamily | C-CAP/cofactor C-like domain | CAP, N-terminal domain | CARP motif | Cyclase-associated protein CAP/septum formation inhibitor MinC, C-terminal"
Afadin,9dva,G,Q9QZQ1,PF00498;PF00595;PF00788;PF01843;PF26705,Afadin-like domain | DIL domain | FHA domain | PDZ domain | Ras association (RalGDS/AF-6) domain,IPR000159;IPR000253;IPR001478;IPR002710;IPR008984;IPR028842;IPR029071;IPR036034;IPR037977;IPR060075;IPR061274;IPR061275;IPR061276;IPR061279,"Afadin | Afadin domain | Afadin, PDZ domain | Afadin, Ras-associating domain 1 | Afadin, Ras-associating domain 2 | Afadin, cargo binding domain | Afadin, forkhead associated domain | Dilute domain | Forkhead-associated (FHA) domain | PDZ domain | PDZ superfamily | Ras-associating domain | SMAD/FHA domain superfamily | Ubiquitin-like domain superfamily"
Alpha-catenin-like protein hmp-1,7uuw,H,P90947,PF01044,Vinculin family,IPR001033;IPR006077;IPR036723,Alpha-catenin | Alpha-catenin/vinculin-like superfamily | Vinculin/alpha-catenin
Beta-adducin,8iah,3,I3L5B0,PF00596,Class II Aldolase and Adducin N-terminal domain,IPR001303;IPR036409;IPR051017,Aldolase class II Adducin subfamily | Class II aldolase/adducin N-terminal | Class II aldolase/adducin N-terminal domain superfamily
Catenin alpha-1,6wvt,N,P26231,PF01044,Vinculin family,IPR001033;IPR006077;IPR036723,Alpha-catenin | Alpha-catenin/vinculin-like superfamily | Vinculin/alpha-catenin
Cell invasion protein SipA,8uee,A,P0CL52,PF09052;PF22163,"Salmonella Invasion protein A, C-terminal actin binding domain | SipA N-terminal domain",IPR015138;IPR023224;IPR023225;IPR054043;IPR061302,"Cell invasion protein SipA, C-terminal actin binding domain | SPI-1 type III secretion system effector SipA | Salmonella invasion protein A, C-terminal actin-binding domain superfamily | Salmonella invasion protein A, N-terminal | Salmonella invasion protein A, chaperone-binding"
Cofilin-1,6vao,J,P23528,PF00241,Cofilin/tropomyosin-type actin-binding protein,IPR002108;IPR017904;IPR029006,ADF-H/Gelsolin-like domain superfamily | ADF/Cofilin | Actin-depolymerising factor homology domain
Cofilin-2,9q7k,a,Q9Y281,PF00241,Cofilin/tropomyosin-type actin-binding protein,IPR002108;IPR017904;IPR029006,ADF-H/Gelsolin-like domain superfamily | ADF/Cofilin | Actin-depolymerising factor homology domain
"Coronin-1B,Methylated-DNA--protein-cysteine methyltransferase",9qey,H,Q9BR76;P16455,PF00400;PF01035;PF02870;PF08953;PF16300,"6-O-methylguanine DNA methyltransferase, DNA binding domain | 6-O-methylguanine DNA methyltransferase, ribonuclease-like domain | Domain of unknown function (DUF1899) | Type of WD40 repeat | WD domain, G-beta repeat",IPR001680;IPR008332;IPR014048;IPR015048;IPR015505;IPR015943;IPR036217;IPR036322;IPR036388;IPR036631,"Coronin | Domain of unknown function DUF1899 | Methylated DNA-protein cysteine methyltransferase domain superfamily | Methylated DNA-protein cysteine methyltransferase, DNA binding domain | Methylated-DNA-[protein]-cysteine S-methyltransferase, DNA binding | Methylguanine DNA methyltransferase, ribonuclease-like domain | WD40 repeat | WD40-repeat-containing domain superfamily | WD40/YVTN repeat-like-containing domain superfamily | Winged helix-like DNA-binding domain superfamily"
Dematin actin binding protein,8iah,5,F1RMC1,PF02209;PF16182,Putative adherens-junction anchoring region of AbLIM | Villin headpiece domain,IPR003128;IPR032402;IPR036886;IPR051618,Actin-binding LIM | Putative adherens-junction anchoring domain | Villin headpiece | Villin headpiece domain superfamily
Epididymis secretory protein Li 37,6vec,a,P13796,PF00307;PF13499,Calponin homology (CH) domain | EF-hand domain pair,IPR001715;IPR002048;IPR011992;IPR036872;IPR039959,CH domain superfamily | Calponin homology domain | EF-hand domain | EF-hand domain pair | Fimbrin/Plastin
F-actin-capping protein subunit alpha-1,8f8q,G,P52907,PF01267,F-actin capping protein alpha subunit,IPR002189;IPR037282;IPR042276;IPR042489,"F-actin capping protein, alpha subunit, domain 1 | F-actin-capping protein subunit alpha | F-actin-capping protein subunit alpha/beta | F-actin-capping protein subunit alpha/beta, domain 2"
F-actin-capping protein subunit beta,8f8q,H,P47756,PF01115,"F-actin capping protein, beta subunit",IPR001698;IPR037282;IPR042276;IPR043175,"F-actin-capping protein subunit alpha/beta | F-actin-capping protein subunit alpha/beta, domain 2 | F-actin-capping protein subunit beta | F-actin-capping protein subunit beta, N-terminal domain"
Filamin-A,6d8c,A,P21333,PF00307;PF00630,Calponin homology (CH) domain | Filamin/ABP280 repeat,IPR001298;IPR001715;IPR013783;IPR014756;IPR017868;IPR036872;IPR044801,CH domain superfamily | Calponin homology domain | Filamin family | Filamin/ABP280 repeat | Filamin/ABP280 repeat-like | Immunoglobulin E-set | Immunoglobulin-like fold
Gelsolin,8viz,G,P06396,PF00626,Gelsolin repeat,IPR007122;IPR007123;IPR029006,ADF-H/Gelsolin-like domain superfamily | Gelsolin-like domain | Villin/Gelsolin
Inositol-trisphosphate 3-kinase A,9gob,F,P17105,PF03770,Inositol polyphosphate kinase,IPR005522;IPR038286,Inositol polyphosphate kinase | Inositol polyphosphate kinase superfamily
Inverted formin-2,9az4,G,Q27J81,PF02181;PF06367;PF06371,Diaphanous FH3 Domain | Diaphanous GTPase-binding Domain | Formin Homology 2 Domain,IPR003124;IPR010472;IPR010473;IPR011989;IPR014768;IPR015425;IPR016024;IPR042201,"Armadillo-like helical | Armadillo-type fold | Formin, FH2 domain | Formin, FH2 domain superfamily | Formin, FH3 domain | Formin, GTPase-binding domain | Rho GTPase-binding/formin homology 3 (GBD/FH3) domain | WH2 domain"
Isoform 2 of F-actin-capping protein subunit beta,8p94,V,P47757,PF01115,"F-actin capping protein, beta subunit",IPR001698;IPR037282;IPR042276;IPR043175,"F-actin-capping protein subunit alpha/beta | F-actin-capping protein subunit alpha/beta, domain 2 | F-actin-capping protein subunit beta | F-actin-capping protein subunit beta, N-terminal domain"
"Isoform A2 of Troponin T, cardiac muscle",9e2e,K,P50752,PF00992,Troponin,IPR001978;IPR027707;IPR038077,Troponin | Troponin T | Troponin domain superfamily
Leiomodin-2,9zzj,L,Q6P5Q4,PF03250;PF27087,TMOD/LMOD Leucine-rich domain | Tropomodulin,IPR003124;IPR004934;IPR032675,Leucine-rich repeat domain superfamily | Tropomodulin | WH2 domain
"Maltose/maltodextrin-binding periplasmic protein,Adenylate cyclase ExoY",7p1g,O,P0AEX9;Q9I1S4,PF01547;PF03497,Anthrax toxin LF subunit | Bacterial extracellular solute-binding protein,IPR005165;IPR006059;IPR006060;IPR035099;IPR037017,"Anthrax toxin, edema factor, C-terminal | Anthrax toxin, edema factor, central | Anthrax toxin, edema factor, central domain superfamily | Bacterial-type extracellular solute-binding protein | Maltose/Cyclodextrin ABC transporter, substrate-binding protein"
"Maltose/maltodextrin-binding periplasmic protein,TccC3",7z7h,F,P0AEX9;Q8GF97,PF01547;PF18807,Bacterial extracellular solute-binding protein | Tripartite Tc toxins repeat,IPR006059;IPR006060;IPR022385;IPR041508;IPR050708,"Bacterial-type extracellular solute-binding protein | Maltose/Cyclodextrin ABC transporter, substrate-binding protein | Rhs repeat-associated core | Toxin complex C-like repeat | Type VI secretion system VgrG/RHS"
Myosin heavy chain 4,8zbm,A,F1LRV9,PF00063;PF02736,Myosin N-terminal SH3-like domain | Myosin head (motor domain),IPR001609;IPR002928;IPR004009;IPR008989;IPR014751;IPR027417;IPR036961,"DNA repair protein XRCC4-like, C-terminal | Kinesin motor domain superfamily | Myosin S1 fragment, N-terminal | Myosin head, motor domain-like | Myosin tail | Myosin, SH3 domain | P-loop containing nucleoside triphosphate hydrolase"
"Myosin-14,Alpha-actinin A",5jlh,F,Q7Z406;P05095,PF00063;PF00307;PF00435;PF02736;PF08726;PF13499,Ca2+ insensitive EF hand | Calponin homology (CH) domain | EF-hand domain pair | Myosin N-terminal SH3-like domain | Myosin head (motor domain) | Spectrin repeat,IPR001609;IPR001715;IPR002017;IPR002048;IPR002928;IPR004009;IPR008989;IPR011992;IPR014837;IPR018159;IPR027417;IPR036872;IPR036961,"CH domain superfamily | Calponin homology domain | EF-hand domain | EF-hand domain pair | EF-hand, Ca insensitive | Kinesin motor domain superfamily | Myosin S1 fragment, N-terminal | Myosin head, motor domain-like | Myosin tail | Myosin, SH3 domain | P-loop containing nucleoside triphosphate hydrolase | Spectrin repeat | Spectrin/alpha-actinin"
Myosin-6,8zbn,A,Q02566,PF00063;PF02736,Myosin N-terminal SH3-like domain | Myosin head (motor domain),IPR001609;IPR002928;IPR004009;IPR008989;IPR014751;IPR027417;IPR036961,"DNA repair protein XRCC4-like, C-terminal | Kinesin motor domain superfamily | Myosin S1 fragment, N-terminal | Myosin head, motor domain-like | Myosin tail | Myosin, SH3 domain | P-loop containing nucleoside triphosphate hydrolase"
Myosin-7,7jh7,G,P79293,PF00063;PF02736,Myosin N-terminal SH3-like domain | Myosin head (motor domain),IPR001609;IPR002928;IPR004009;IPR008989;IPR014751;IPR027417;IPR036961,"DNA repair protein XRCC4-like, C-terminal | Kinesin motor domain superfamily | Myosin S1 fragment, N-terminal | Myosin head, motor domain-like | Myosin tail | Myosin, SH3 domain | P-loop containing nucleoside triphosphate hydrolase"
Myosin-A,7aln,F,Q8IDR3,PF00063,Myosin head (motor domain),IPR001609;IPR027417;IPR036044;IPR036961,"Class XIV myosin, motor domain | Kinesin motor domain superfamily | Myosin head, motor domain-like | P-loop containing nucleoside triphosphate hydrolase"
Plastin-3,7r94,F,P13797,PF00307;PF13499,Calponin homology (CH) domain | EF-hand domain pair,IPR001715;IPR002048;IPR011992;IPR036872;IPR039959,CH domain superfamily | Calponin homology domain | EF-hand domain | EF-hand domain pair | Fimbrin/Plastin
Profilin-1,9azp,J,P07737,PF00235,Profilin,IPR005454;IPR005455;IPR036140;IPR048278,"Profilin | Profilin superfamily | Profilin, eukaryotic type | Profilin1/2/3, vertebrate"
Protein diaphanous homolog 1,9b27,G,O08808,PF02181;PF06346;PF06367;PF06371,Diaphanous FH3 Domain | Diaphanous GTPase-binding Domain | Formin Homology 2 Domain | Formin Homology Region 1,IPR010465;IPR010472;IPR010473;IPR011989;IPR014767;IPR014768;IPR015425;IPR016024;IPR042201;IPR044933;IPR051412,"Armadillo-like helical | Armadillo-type fold | DRF autoregulatory | Diaphanous autoregulatory domain | Diaphanous, GTPase-binding domain superfamily | Formin Homology Diaphanous subfamily | Formin, FH2 domain | Formin, FH2 domain superfamily | Formin, FH3 domain | Formin, GTPase-binding domain | Rho GTPase-binding/formin homology 3 (GBD/FH3) domain"
Spectrin beta chain,8iah,M,A0A480J001,PF00307;PF00435,Calponin homology (CH) domain | Spectrin repeat,IPR001715;IPR002017;IPR016343;IPR018159;IPR036872,"CH domain superfamily | Calponin homology domain | Spectrin repeat | Spectrin, beta subunit | Spectrin/alpha-actinin"
Src substrate cortactin,8p94,I,Q60598,PF02218;PF14604,Repeat in HS1/Cortactin | Variant SH3 domain,IPR001452;IPR003134;IPR035716;IPR036028,"Cortactin, SH3 domain | Hs1/Cortactin | SH3 domain | SH3-like domain superfamily"
Talin-1,9az6,H,P26039,PF01608;PF02174;PF08913;PF09141;PF16511;PF21692;PF21865;PF21896;PF25177,"I/LWEQ domain | N-terminal or F0 domain of Talin-head FERM | PTB domain (IRS-1 type) | Talin 1-like, rod segment domain | Talin IBS2B domain | Talin VBS2 domain | Talin, R4 domain | Talin, middle domain | Vinculin Binding Site",IPR000299;IPR002404;IPR002558;IPR011993;IPR014352;IPR015009;IPR015224;IPR019748;IPR019749;IPR029071;IPR032425;IPR035963;IPR035964;IPR036476;IPR036723;IPR037438;IPR049108;IPR054060;IPR054082;IPR057346,"Alpha-catenin/vinculin-like superfamily | Band 4.1 domain | FERM central domain | FERM domain | FERM superfamily, second domain | FERM/acyl-CoA-binding protein superfamily | I/LWEQ domain | I/LWEQ domain superfamily | IRS-type PTB domain | PH-like domain superfamily | Talin 1-like, rod-segment domain | Talin, IBS2B domain | Talin, N-terminal F0 domain | Talin, R4 domain | Talin, central | Talin, central domain superfamily | Talin-1/2, VBS2 domain | Talin-1/2, rod-segment | Ubiquitin-like domain superfamily | Vinculin-binding site-containing domain"
Tropomodulin-1,8iah,Y,A0A4X1UDZ5,PF03250;PF27087,TMOD/LMOD Leucine-rich domain | Tropomodulin,IPR004934;IPR032675,Leucine-rich repeat domain superfamily | Tropomodulin
Tropomyosin alpha-1 chain,8efi,P,P09493,,,IPR000533,Tropomyosin
Tropomyosin beta chain,8zbm,B,P58775,,,IPR000533,Tropomyosin
Tropomyosin-1.9,8iah,U,A0AA82WPI2,,,IPR000533;IPR014751,"DNA repair protein XRCC4-like, C-terminal | Tropomyosin"
"Troponin T2, cardiac type",8dd0,K,I3LS66,PF00992,Troponin,IPR001978;IPR027707;IPR038077,Troponin | Troponin T | Troponin domain superfamily
Unconventional myosin-Ib,6c1g,P,Q05096,PF00063;PF06017,"Myosin head (motor domain) | Unconventional myosin tail, actin- and lipid-binding",IPR001609;IPR010926;IPR027417;IPR036072;IPR036961,"Class I myosin tail homology domain | Class I myosin, motor domain | Kinesin motor domain superfamily | Myosin head, motor domain-like | P-loop containing nucleoside triphosphate hydrolase"
Utrophin,6m5g,F,P46939,PF00307;PF00435;PF00569;PF09068;PF09069,"Calponin homology (CH) domain | EF hand | EF-hand | Spectrin repeat | Zinc finger, ZZ type",IPR000433;IPR001202;IPR001715;IPR002017;IPR011992;IPR015153;IPR015154;IPR018159;IPR035436;IPR036020;IPR036872;IPR043145;IPR050774,"CH domain superfamily | Calponin homology domain | Dystrophin/utrophin | EF-hand domain pair | EF-hand domain, type 1 | EF-hand domain, type 2 | KCMF1 and Dystrophin | Spectrin repeat | Spectrin/alpha-actinin | WW domain | WW domain superfamily | Zinc finger, ZZ-type | Zinc finger, ZZ-type superfamily"
Vibrio VopV,9p3d,c,A0A250E4R0,,,,
Vinculin,6upw,L,P18206,PF01044,Vinculin family,IPR006077;IPR017997;IPR036723,Alpha-catenin/vinculin-like superfamily | Vinculin | Vinculin/alpha-catenin
VopV,9p1i,c,A0A250E4R0,,,,
"WD repeat-containing protein 1,Methylated-DNA--protein-cysteine methyltransferase",9qfw,P,O75083;P16455,PF00400;PF01035;PF02870,"6-O-methylguanine DNA methyltransferase, DNA binding domain | 6-O-methylguanine DNA methyltransferase, ribonuclease-like domain | WD domain, G-beta repeat",IPR001680;IPR008332;IPR011045;IPR014048;IPR015943;IPR020472;IPR036217;IPR036322;IPR036388;IPR036631,"Methylated DNA-protein cysteine methyltransferase domain superfamily | Methylated DNA-protein cysteine methyltransferase, DNA binding domain | Methylated-DNA-[protein]-cysteine S-methyltransferase, DNA binding | Methylguanine DNA methyltransferase, ribonuclease-like domain | Nitrous oxide reductase, N-terminal | PAC1/LIS1-like, WD-40 repeat | WD40 repeat | WD40-repeat-containing domain superfamily | WD40/YVTN repeat-like-containing domain superfamily | Winged helix-like DNA-binding domain superfamily"
beta-cardiac myosin II,8efh,A,P12883,PF00063;PF02736,Myosin N-terminal SH3-like domain | Myosin head (motor domain),IPR001609;IPR002928;IPR004009;IPR008989;IPR014751;IPR027417;IPR036961,"DNA repair protein XRCC4-like, C-terminal | Kinesin motor domain superfamily | Myosin S1 fragment, N-terminal | Myosin head, motor domain-like | Myosin tail | Myosin, SH3 domain | P-loop containing nucleoside triphosphate hydrolase"
