abp_title,interaction_id,pdb,abp_chain,abp_subunit,actin_site_cluster,supercluster,resolution
Actin-interacting protein 1,2046,38jl,X,38jl_X,6685_266,6685_266,
Actin-related protein 2,3594,7tpt,B,7tpt_B,6685_109,6685_109,
Actin-related protein 2/3 complex subunit 1,1558,8e9b,C,8e9b_C,6685_144,6685_144,
Actin-related protein 2/3 complex subunit 1B,3392,7tpt,C,7tpt_C,6685_15,6685_0;6685_6,
Actin-related protein 2/3 complex subunit 2,3365,7tpt,D,7tpt_D,6685_110,6685_157;6685_259,
Actin-related protein 2/3 complex subunit 3,3442,7tpt,E,7tpt_E,6685_113,6685_113,
Actin-related protein 2/3 complex subunit 4,3338,7tpt,F,7tpt_F,6685_114,6685_114,
Actin-related protein 2/3 complex subunit 5-like protein,3672,8p94,G,8p94_G,6685_186,6685_164;6685_179;6685_233;6685_261;6685_295,
Actin-related protein 3,3593,7tpt,A,7tpt_A,6685_3,6685_3,
Adducin 1,4044,8iah,0,8iah_0,6685_150,6685_150,
Adenylyl cyclase-associated protein 1,3335,9q7o,W,9q7o_W,6685_65,6685_65,
Afadin,345,9dva,G,9dva_G,6685_234,6685_6;6685_97,
Alpha-catenin-like protein hmp-1,2140,7uuw,H,7uuw_H,6685_141,6685_141,
Beta-adducin,4095,8iah,3,8iah_3,6685_155,6685_155,
Catenin alpha-1,351,6wvt,N,6wvt_N,6685_16,6685_141,
Cell invasion protein SipA,1081,8uee,A,8uee_A,6685_154,6685_154,
Cofilin,1920,38kl,a,38kl_a,6685_0,6685_0,
Cofilin (UNC-60B),2083,38jl,a,38jl_a,6685_0,6685_0,
Cofilin-1,1095,6vao,J,6vao_J,6685_21,6685_21,
Cofilin-2,3835,9q7k,a,9q7k_a,6685_0,6685_0,
"Coronin-1B,Methylated-DNA--protein-cysteine methyltransferase",1556,9qey,H,9qey_H,6685_44,6685_44,
Dematin actin binding protein,4248,8iah,5,8iah_5,6685_158,6685_158,
Epididymis secretory protein Li 37,641,6vec,a,6vec_a,6685_29,6685_29,
F-actin-capping protein subunit alpha-1,1637,8f8q,G,8f8q_G,6685_92,6685_92,
F-actin-capping protein subunit beta,1638,8f8q,H,8f8q_H,6685_169,6685_169,
Filamin-A,3654,6d8c,A,6d8c_A,6685_15,6685_0;6685_6,
Gelsolin,697,8viz,G,8viz_G,6685_231,6685_231,
Inositol-trisphosphate 3-kinase A,4371,9gob,F,9gob_F,6685_121,6685_121,
Inverted formin-2,4552,9az4,G,9az4_G,6685_0,6685_0,
Isoform 2 of F-actin-capping protein subunit beta,3704,8p94,V,8p94_V,6685_169,6685_169,
"Isoform A2 of Troponin T, cardiac muscle",3408,9e2e,K,9e2e_K,6685_136,6685_152;6685_164;6685_233;6685_3,
Leiomodin-2,4888,9zzj,L,9zzj_L,6685_282,6685_282,
"Maltose/maltodextrin-binding periplasmic protein,Adenylate cyclase ExoY",4503,7p1g,O,7p1g_O,6685_25,6685_141;6685_152;6685_164;6685_233;6685_250;6685_29;6685_295;6685_3;6685_33;6685_51;6685_65,
"Maltose/maltodextrin-binding periplasmic protein,TccC3",3241,7z7h,F,7z7h_F,6685_120,6685_120,
Myosin heavy chain 4,3471,8zbm,A,8zbm_A,6685_97,6685_97,
"Myosin-14,Alpha-actinin A",2296,5jlh,F,5jlh_F,6685_6,6685_6,
Myosin-6,648,8zbn,A,8zbn_A,6685_97,6685_97,
Myosin-7,4053,7jh7,G,7jh7_G,6685_6,6685_6,
Myosin-A,2935,7aln,F,7aln_F,6685_6,6685_6,
Plastin-3,2998,7r94,F,7r94_F,6685_29,6685_29,
Profilin-1,4323,9azp,J,9azp_J,6685_5,6685_5,
Protein diaphanous homolog 1,3822,9b27,G,9b27_G,6685_200,6685_200,
Spectrin beta chain,4291,8iah,M,8iah_M,6685_121,6685_121,
Src substrate cortactin,3700,8p94,I,8p94_I,6685_187,6685_187,
Talin-1,267,9az6,H,9az6_H,6685_121,6685_121,
Tropomodulin-1,4293,8iah,Y,8iah_Y,6685_162,6685_162,
Tropomyosin alpha-1 chain,3969,8efi,P,8efi_P,6685_128,6685_128,
Tropomyosin beta chain,3426,8zbm,B,8zbm_B,6685_246,6685_128;6685_129,
Tropomyosin-1.9,4292,8iah,U,8iah_U,6685_161,6685_161,
"Troponin T2, cardiac type",3757,8dd0,K,8dd0_K,6685_136,6685_152;6685_164;6685_233;6685_3,
Unconventional myosin-Ib,4522,6c1g,P,6c1g_P,6685_6,6685_6,
Utrophin,100,6m5g,F,6m5g_F,6685_15,6685_0;6685_6,
Vibrio VopV,89,9p3d,c,9p3d_c,6685_257,6685_257,
Vinculin,2833,6upw,L,6upw_L,6685_51,6685_51,
VopV,2827,9p1i,c,9p1i_c,6685_257,6685_257,
"WD repeat-containing protein 1,Methylated-DNA--protein-cysteine methyltransferase",239,9qfw,P,9qfw_P,6685_266,6685_266,
beta-cardiac myosin II,3583,8efh,A,8efh_A,6685_140,6685_141;6685_152;6685_164;6685_179;6685_191;6685_225;6685_23;6685_233;6685_250;6685_29;6685_295;6685_3;6685_33;6685_51;6685_65,
