site,a,b,fam_a,fam_b,same_fam,n_a,n_b,partages,jaccard,recouvrement_min,fam_couple
6685_0,Alpha-catenin-like protein hmp-1,Catenin alpha-1,F04 · Vinculin family,F04 · Vinculin family,True,23,27,23,0.85,1.0,frozenset({'F04 · Vinculin family'})
6685_0,Alpha-catenin-like protein hmp-1,Cofilin-1,F04 · Vinculin family,F07 · Cofilin/tropomyosin-type actin-binding protein,False,23,33,18,0.47,0.78,"frozenset({'F07 · Cofilin/tropomyosin-type actin-binding protein', 'F04 · Vinculin family'})"
6685_0,Alpha-catenin-like protein hmp-1,Cofilin-2,F04 · Vinculin family,F07 · Cofilin/tropomyosin-type actin-binding protein,False,23,36,17,0.4,0.74,"frozenset({'F07 · Cofilin/tropomyosin-type actin-binding protein', 'F04 · Vinculin family'})"
6685_0,Alpha-catenin-like protein hmp-1,Gelsolin,F04 · Vinculin family,F22 · Gelsolin repeat,False,23,18,14,0.52,0.78,"frozenset({'F22 · Gelsolin repeat', 'F04 · Vinculin family'})"
6685_0,Alpha-catenin-like protein hmp-1,Inverted formin-2,F04 · Vinculin family,F09 · Diaphanous FH3 Domain,False,23,18,16,0.64,0.89,"frozenset({'F09 · Diaphanous FH3 Domain', 'F04 · Vinculin family'})"
6685_0,Catenin alpha-1,Cofilin-1,F04 · Vinculin family,F07 · Cofilin/tropomyosin-type actin-binding protein,False,27,33,20,0.5,0.74,"frozenset({'F07 · Cofilin/tropomyosin-type actin-binding protein', 'F04 · Vinculin family'})"
6685_0,Catenin alpha-1,Cofilin-2,F04 · Vinculin family,F07 · Cofilin/tropomyosin-type actin-binding protein,False,27,36,19,0.43,0.7,"frozenset({'F07 · Cofilin/tropomyosin-type actin-binding protein', 'F04 · Vinculin family'})"
6685_0,Catenin alpha-1,Gelsolin,F04 · Vinculin family,F22 · Gelsolin repeat,False,27,18,16,0.55,0.89,"frozenset({'F22 · Gelsolin repeat', 'F04 · Vinculin family'})"
6685_0,Catenin alpha-1,Inverted formin-2,F04 · Vinculin family,F09 · Diaphanous FH3 Domain,False,27,18,17,0.61,0.94,"frozenset({'F09 · Diaphanous FH3 Domain', 'F04 · Vinculin family'})"
6685_0,Cofilin-1,Cofilin-2,F07 · Cofilin/tropomyosin-type actin-binding protein,F07 · Cofilin/tropomyosin-type actin-binding protein,True,33,36,31,0.82,0.94,frozenset({'F07 · Cofilin/tropomyosin-type actin-binding protein'})
6685_0,Cofilin-1,Gelsolin,F07 · Cofilin/tropomyosin-type actin-binding protein,F22 · Gelsolin repeat,False,33,18,13,0.34,0.72,"frozenset({'F22 · Gelsolin repeat', 'F07 · Cofilin/tropomyosin-type actin-binding protein'})"
6685_0,Cofilin-1,Inverted formin-2,F07 · Cofilin/tropomyosin-type actin-binding protein,F09 · Diaphanous FH3 Domain,False,33,18,14,0.38,0.78,"frozenset({'F09 · Diaphanous FH3 Domain', 'F07 · Cofilin/tropomyosin-type actin-binding protein'})"
6685_0,Cofilin-2,Gelsolin,F07 · Cofilin/tropomyosin-type actin-binding protein,F22 · Gelsolin repeat,False,36,18,12,0.29,0.67,"frozenset({'F22 · Gelsolin repeat', 'F07 · Cofilin/tropomyosin-type actin-binding protein'})"
6685_0,Cofilin-2,Inverted formin-2,F07 · Cofilin/tropomyosin-type actin-binding protein,F09 · Diaphanous FH3 Domain,False,36,18,13,0.32,0.72,"frozenset({'F09 · Diaphanous FH3 Domain', 'F07 · Cofilin/tropomyosin-type actin-binding protein'})"
6685_0,Gelsolin,Inverted formin-2,F22 · Gelsolin repeat,F09 · Diaphanous FH3 Domain,False,18,18,15,0.71,0.83,"frozenset({'F22 · Gelsolin repeat', 'F09 · Diaphanous FH3 Domain'})"
6685_102,Catenin alpha-1,Gelsolin,F04 · Vinculin family,F22 · Gelsolin repeat,False,25,25,21,0.72,0.84,"frozenset({'F22 · Gelsolin repeat', 'F04 · Vinculin family'})"
6685_102,Catenin alpha-1,Inositol-trisphosphate 3-kinase A,F04 · Vinculin family,F23 · Inositol polyphosphate kinase,False,25,23,21,0.78,0.91,"frozenset({'F23 · Inositol polyphosphate kinase', 'F04 · Vinculin family'})"
6685_102,Catenin alpha-1,Protein diaphanous homolog 1,F04 · Vinculin family,F09 · Diaphanous FH3 Domain,False,25,22,19,0.68,0.86,"frozenset({'F09 · Diaphanous FH3 Domain', 'F04 · Vinculin family'})"
6685_102,Gelsolin,Inositol-trisphosphate 3-kinase A,F22 · Gelsolin repeat,F23 · Inositol polyphosphate kinase,False,25,23,17,0.55,0.74,"frozenset({'F22 · Gelsolin repeat', 'F23 · Inositol polyphosphate kinase'})"
6685_102,Gelsolin,Protein diaphanous homolog 1,F22 · Gelsolin repeat,F09 · Diaphanous FH3 Domain,False,25,22,19,0.68,0.86,"frozenset({'F22 · Gelsolin repeat', 'F09 · Diaphanous FH3 Domain'})"
6685_102,Inositol-trisphosphate 3-kinase A,Protein diaphanous homolog 1,F23 · Inositol polyphosphate kinase,F09 · Diaphanous FH3 Domain,False,23,22,16,0.55,0.73,"frozenset({'F09 · Diaphanous FH3 Domain', 'F23 · Inositol polyphosphate kinase'})"
6685_121,Inositol-trisphosphate 3-kinase A,Plastin-3,F23 · Inositol polyphosphate kinase,F02 · Calponin homology (CH) domain,False,20,17,15,0.68,0.88,"frozenset({'F23 · Inositol polyphosphate kinase', 'F02 · Calponin homology (CH) domain'})"
6685_121,Inositol-trisphosphate 3-kinase A,Spectrin beta chain,F23 · Inositol polyphosphate kinase,F02 · Calponin homology (CH) domain,False,20,14,13,0.62,0.93,"frozenset({'F23 · Inositol polyphosphate kinase', 'F02 · Calponin homology (CH) domain'})"
6685_121,Inositol-trisphosphate 3-kinase A,Talin-1,F23 · Inositol polyphosphate kinase,F26 · I/LWEQ domain,False,20,19,18,0.86,0.95,"frozenset({'F26 · I/LWEQ domain', 'F23 · Inositol polyphosphate kinase'})"
6685_121,Plastin-3,Spectrin beta chain,F02 · Calponin homology (CH) domain,F02 · Calponin homology (CH) domain,True,17,14,12,0.63,0.86,frozenset({'F02 · Calponin homology (CH) domain'})
6685_121,Plastin-3,Talin-1,F02 · Calponin homology (CH) domain,F26 · I/LWEQ domain,False,17,19,15,0.71,0.88,"frozenset({'F26 · I/LWEQ domain', 'F02 · Calponin homology (CH) domain'})"
6685_121,Spectrin beta chain,Talin-1,F02 · Calponin homology (CH) domain,F26 · I/LWEQ domain,False,14,19,12,0.57,0.86,"frozenset({'F26 · I/LWEQ domain', 'F02 · Calponin homology (CH) domain'})"
6685_136,"Isoform A2 of Troponin T, cardiac muscle","Troponin T2, cardiac type",F10 · Troponin,F10 · Troponin,True,10,9,9,0.9,1.0,frozenset({'F10 · Troponin'})
6685_138,"Isoform A2 of Troponin T, cardiac muscle","Troponin T2, cardiac type",F10 · Troponin,F10 · Troponin,True,26,22,21,0.78,0.95,frozenset({'F10 · Troponin'})
6685_141,Alpha-catenin-like protein hmp-1,Catenin alpha-1,F04 · Vinculin family,F04 · Vinculin family,True,37,35,32,0.8,0.91,frozenset({'F04 · Vinculin family'})
6685_141,Alpha-catenin-like protein hmp-1,Spectrin beta chain,F04 · Vinculin family,F02 · Calponin homology (CH) domain,False,37,47,35,0.71,0.95,"frozenset({'F04 · Vinculin family', 'F02 · Calponin homology (CH) domain'})"
6685_141,Catenin alpha-1,Spectrin beta chain,F04 · Vinculin family,F02 · Calponin homology (CH) domain,False,35,47,32,0.64,0.91,"frozenset({'F04 · Vinculin family', 'F02 · Calponin homology (CH) domain'})"
6685_144,Actin-related protein 2/3 complex subunit 1,Actin-related protein 2/3 complex subunit 1B,"F03 · WD domain, G-beta repeat","F03 · WD domain, G-beta repeat",True,19,16,16,0.84,1.0,"frozenset({'F03 · WD domain, G-beta repeat'})"
6685_144,Actin-related protein 2/3 complex subunit 1,Inositol-trisphosphate 3-kinase A,"F03 · WD domain, G-beta repeat",F23 · Inositol polyphosphate kinase,False,19,20,18,0.86,0.95,"frozenset({'F23 · Inositol polyphosphate kinase', 'F03 · WD domain, G-beta repeat'})"
6685_144,Actin-related protein 2/3 complex subunit 1B,Inositol-trisphosphate 3-kinase A,"F03 · WD domain, G-beta repeat",F23 · Inositol polyphosphate kinase,False,16,20,16,0.8,1.0,"frozenset({'F23 · Inositol polyphosphate kinase', 'F03 · WD domain, G-beta repeat'})"
6685_145,Actin-related protein 2/3 complex subunit 1,Actin-related protein 2/3 complex subunit 1B,"F03 · WD domain, G-beta repeat","F03 · WD domain, G-beta repeat",True,5,5,5,1.0,1.0,"frozenset({'F03 · WD domain, G-beta repeat'})"
6685_15,Actin-related protein 2/3 complex subunit 1B,Epididymis secretory protein Li 37,"F03 · WD domain, G-beta repeat",F02 · Calponin homology (CH) domain,False,17,17,15,0.79,0.88,"frozenset({'F03 · WD domain, G-beta repeat', 'F02 · Calponin homology (CH) domain'})"
6685_15,Actin-related protein 2/3 complex subunit 1B,Filamin-A,"F03 · WD domain, G-beta repeat",F02 · Calponin homology (CH) domain,False,17,18,14,0.67,0.82,"frozenset({'F03 · WD domain, G-beta repeat', 'F02 · Calponin homology (CH) domain'})"
6685_15,Actin-related protein 2/3 complex subunit 1B,Utrophin,"F03 · WD domain, G-beta repeat",F02 · Calponin homology (CH) domain,False,17,11,10,0.56,0.91,"frozenset({'F03 · WD domain, G-beta repeat', 'F02 · Calponin homology (CH) domain'})"
6685_15,Epididymis secretory protein Li 37,Filamin-A,F02 · Calponin homology (CH) domain,F02 · Calponin homology (CH) domain,True,17,18,14,0.67,0.82,frozenset({'F02 · Calponin homology (CH) domain'})
6685_15,Epididymis secretory protein Li 37,Utrophin,F02 · Calponin homology (CH) domain,F02 · Calponin homology (CH) domain,True,17,11,11,0.65,1.0,frozenset({'F02 · Calponin homology (CH) domain'})
6685_15,Filamin-A,Utrophin,F02 · Calponin homology (CH) domain,F02 · Calponin homology (CH) domain,True,18,11,11,0.61,1.0,frozenset({'F02 · Calponin homology (CH) domain'})
6685_150,Adducin 1,Beta-adducin,F06 · Class II Aldolase and Adducin N-terminal domain,F06 · Class II Aldolase and Adducin N-terminal domain,True,45,42,42,0.93,1.0,frozenset({'F06 · Class II Aldolase and Adducin N-terminal domain'})
6685_151,Adducin 1,Beta-adducin,F06 · Class II Aldolase and Adducin N-terminal domain,F06 · Class II Aldolase and Adducin N-terminal domain,True,33,36,33,0.92,1.0,frozenset({'F06 · Class II Aldolase and Adducin N-terminal domain'})
6685_152,Adducin 1,Beta-adducin,F06 · Class II Aldolase and Adducin N-terminal domain,F06 · Class II Aldolase and Adducin N-terminal domain,True,22,14,14,0.64,1.0,frozenset({'F06 · Class II Aldolase and Adducin N-terminal domain'})
6685_154,Adducin 1,Cell invasion protein SipA,F06 · Class II Aldolase and Adducin N-terminal domain,"F19 · Salmonella Invasion protein A, C-terminal actin binding domain",False,11,10,9,0.75,0.9,"frozenset({'F06 · Class II Aldolase and Adducin N-terminal domain', 'F19 · Salmonella Invasion protein A, C-terminal actin binding domain'})"
6685_16,Catenin alpha-1,Epididymis secretory protein Li 37,F04 · Vinculin family,F02 · Calponin homology (CH) domain,False,35,25,18,0.43,0.72,"frozenset({'F04 · Vinculin family', 'F02 · Calponin homology (CH) domain'})"
6685_16,Catenin alpha-1,Filamin-A,F04 · Vinculin family,F02 · Calponin homology (CH) domain,False,35,43,32,0.7,0.91,"frozenset({'F04 · Vinculin family', 'F02 · Calponin homology (CH) domain'})"
6685_16,Catenin alpha-1,Utrophin,F04 · Vinculin family,F02 · Calponin homology (CH) domain,False,35,38,31,0.74,0.89,"frozenset({'F04 · Vinculin family', 'F02 · Calponin homology (CH) domain'})"
6685_16,Epididymis secretory protein Li 37,Filamin-A,F02 · Calponin homology (CH) domain,F02 · Calponin homology (CH) domain,True,25,43,23,0.51,0.92,frozenset({'F02 · Calponin homology (CH) domain'})
6685_16,Epididymis secretory protein Li 37,Utrophin,F02 · Calponin homology (CH) domain,F02 · Calponin homology (CH) domain,True,25,38,24,0.62,0.96,frozenset({'F02 · Calponin homology (CH) domain'})
6685_16,Filamin-A,Utrophin,F02 · Calponin homology (CH) domain,F02 · Calponin homology (CH) domain,True,43,38,36,0.8,0.95,frozenset({'F02 · Calponin homology (CH) domain'})
6685_164,Leiomodin-2,Tropomodulin-1,F11 · TMOD/LMOD Leucine-rich domain,F11 · TMOD/LMOD Leucine-rich domain,True,42,80,39,0.47,0.93,frozenset({'F11 · TMOD/LMOD Leucine-rich domain'})
6685_168,Actin-related protein 2/3 complex subunit 2,Dematin actin binding protein,"F13 · Arp2/3 complex, 34 kD subunit p34-Arc",F20 · Putative adherens-junction anchoring region of AbLIM,False,19,13,10,0.45,0.77,"frozenset({'F13 · Arp2/3 complex, 34 kD subunit p34-Arc', 'F20 · Putative adherens-junction anchoring region of AbLIM'})"
6685_169,F-actin-capping protein subunit beta,Isoform 2 of F-actin-capping protein subunit beta,"F08 · F-actin capping protein, beta subunit","F08 · F-actin capping protein, beta subunit",True,5,6,4,0.57,0.8,"frozenset({'F08 · F-actin capping protein, beta subunit'})"
6685_193,Actin-related protein 2/3 complex subunit 1,Myosin heavy chain 4,"F03 · WD domain, G-beta repeat",F01 · Myosin N-terminal SH3-like domain,False,5,7,5,0.71,1.0,"frozenset({'F01 · Myosin N-terminal SH3-like domain', 'F03 · WD domain, G-beta repeat'})"
6685_193,Actin-related protein 2/3 complex subunit 1,Myosin-6,"F03 · WD domain, G-beta repeat",F01 · Myosin N-terminal SH3-like domain,False,5,6,5,0.83,1.0,"frozenset({'F01 · Myosin N-terminal SH3-like domain', 'F03 · WD domain, G-beta repeat'})"
6685_193,Myosin heavy chain 4,Myosin-6,F01 · Myosin N-terminal SH3-like domain,F01 · Myosin N-terminal SH3-like domain,True,7,6,5,0.62,0.83,frozenset({'F01 · Myosin N-terminal SH3-like domain'})
6685_200,Cofilin-1,Inverted formin-2,F07 · Cofilin/tropomyosin-type actin-binding protein,F09 · Diaphanous FH3 Domain,False,34,31,24,0.59,0.77,"frozenset({'F09 · Diaphanous FH3 Domain', 'F07 · Cofilin/tropomyosin-type actin-binding protein'})"
6685_200,Cofilin-1,Protein diaphanous homolog 1,F07 · Cofilin/tropomyosin-type actin-binding protein,F09 · Diaphanous FH3 Domain,False,34,38,22,0.44,0.65,"frozenset({'F09 · Diaphanous FH3 Domain', 'F07 · Cofilin/tropomyosin-type actin-binding protein'})"
6685_200,Inverted formin-2,Protein diaphanous homolog 1,F09 · Diaphanous FH3 Domain,F09 · Diaphanous FH3 Domain,True,31,38,25,0.57,0.81,frozenset({'F09 · Diaphanous FH3 Domain'})
6685_21,Cofilin-1,Cofilin-2,F07 · Cofilin/tropomyosin-type actin-binding protein,F07 · Cofilin/tropomyosin-type actin-binding protein,True,25,23,22,0.85,0.96,frozenset({'F07 · Cofilin/tropomyosin-type actin-binding protein'})
6685_211,Inverted formin-2,Protein diaphanous homolog 1,F09 · Diaphanous FH3 Domain,F09 · Diaphanous FH3 Domain,True,44,37,35,0.76,0.95,frozenset({'F09 · Diaphanous FH3 Domain'})
6685_257,Vibrio VopV,VopV,F12 · Vibrio VopV (+1),F12 · Vibrio VopV (+1),True,41,41,37,0.82,0.9,frozenset({'F12 · Vibrio VopV (+1)'})
6685_258,Vibrio VopV,VopV,F12 · Vibrio VopV (+1),F12 · Vibrio VopV (+1),True,17,19,16,0.8,0.94,frozenset({'F12 · Vibrio VopV (+1)'})
6685_259,Vibrio VopV,VopV,F12 · Vibrio VopV (+1),F12 · Vibrio VopV (+1),True,25,21,20,0.77,0.95,frozenset({'F12 · Vibrio VopV (+1)'})
6685_29,Epididymis secretory protein Li 37,Plastin-3,F02 · Calponin homology (CH) domain,F02 · Calponin homology (CH) domain,True,24,24,23,0.92,0.96,frozenset({'F02 · Calponin homology (CH) domain'})
6685_3,Actin-related protein 2,Actin-related protein 3,F05 · Actin,F05 · Actin,True,29,36,28,0.76,0.97,frozenset({'F05 · Actin'})
6685_59,Leiomodin-2,Tropomodulin-1,F11 · TMOD/LMOD Leucine-rich domain,F11 · TMOD/LMOD Leucine-rich domain,True,9,11,8,0.67,0.89,frozenset({'F11 · TMOD/LMOD Leucine-rich domain'})
6685_6,Myosin-6,Myosin-7,F01 · Myosin N-terminal SH3-like domain,F01 · Myosin N-terminal SH3-like domain,True,34,40,29,0.64,0.85,frozenset({'F01 · Myosin N-terminal SH3-like domain'})
6685_6,Myosin-6,Myosin-A,F01 · Myosin N-terminal SH3-like domain,F01 · Myosin N-terminal SH3-like domain,True,34,35,27,0.64,0.79,frozenset({'F01 · Myosin N-terminal SH3-like domain'})
6685_6,Myosin-6,Unconventional myosin-Ib,F01 · Myosin N-terminal SH3-like domain,F01 · Myosin N-terminal SH3-like domain,True,34,43,31,0.67,0.91,frozenset({'F01 · Myosin N-terminal SH3-like domain'})
6685_6,Myosin-6,Vinculin,F01 · Myosin N-terminal SH3-like domain,F04 · Vinculin family,False,34,25,20,0.51,0.8,"frozenset({'F01 · Myosin N-terminal SH3-like domain', 'F04 · Vinculin family'})"
6685_6,Myosin-7,Myosin-A,F01 · Myosin N-terminal SH3-like domain,F01 · Myosin N-terminal SH3-like domain,True,40,35,31,0.7,0.89,frozenset({'F01 · Myosin N-terminal SH3-like domain'})
6685_6,Myosin-7,Unconventional myosin-Ib,F01 · Myosin N-terminal SH3-like domain,F01 · Myosin N-terminal SH3-like domain,True,40,43,34,0.69,0.85,frozenset({'F01 · Myosin N-terminal SH3-like domain'})
6685_6,Myosin-7,Vinculin,F01 · Myosin N-terminal SH3-like domain,F04 · Vinculin family,False,40,25,23,0.55,0.92,"frozenset({'F01 · Myosin N-terminal SH3-like domain', 'F04 · Vinculin family'})"
6685_6,Myosin-A,Unconventional myosin-Ib,F01 · Myosin N-terminal SH3-like domain,F01 · Myosin N-terminal SH3-like domain,True,35,43,32,0.7,0.91,frozenset({'F01 · Myosin N-terminal SH3-like domain'})
6685_6,Myosin-A,Vinculin,F01 · Myosin N-terminal SH3-like domain,F04 · Vinculin family,False,35,25,23,0.62,0.92,"frozenset({'F01 · Myosin N-terminal SH3-like domain', 'F04 · Vinculin family'})"
6685_6,Unconventional myosin-Ib,Vinculin,F01 · Myosin N-terminal SH3-like domain,F04 · Vinculin family,False,43,25,23,0.51,0.92,"frozenset({'F01 · Myosin N-terminal SH3-like domain', 'F04 · Vinculin family'})"
6685_97,Myosin heavy chain 4,Myosin-6,F01 · Myosin N-terminal SH3-like domain,F01 · Myosin N-terminal SH3-like domain,True,40,35,31,0.7,0.89,frozenset({'F01 · Myosin N-terminal SH3-like domain'})
6685_97,Myosin heavy chain 4,beta-cardiac myosin II,F01 · Myosin N-terminal SH3-like domain,F01 · Myosin N-terminal SH3-like domain,True,40,33,30,0.7,0.91,frozenset({'F01 · Myosin N-terminal SH3-like domain'})
6685_97,Myosin-6,beta-cardiac myosin II,F01 · Myosin N-terminal SH3-like domain,F01 · Myosin N-terminal SH3-like domain,True,35,33,30,0.79,0.91,frozenset({'F01 · Myosin N-terminal SH3-like domain'})
