famille,n_ABP,membres
F01 · Myosin N-terminal SH3-like domain,6,Myosin heavy chain 4 · Myosin-6 · Myosin-7 · Myosin-A · Unconventional myosin-Ib · beta-cardiac myosin II
F02 · Calponin homology (CH) domain,5,Epididymis secretory protein Li 37 · Filamin-A · Plastin-3 · Spectrin beta chain · Utrophin
"F03 · WD domain, G-beta repeat",4,"Actin-interacting protein 1 · Actin-related protein 2/3 complex subunit 1 · Actin-related protein 2/3 complex subunit 1B · WD repeat-containing protein 1,Methylated-DNA--protein-cysteine methyltransferase"
F04 · Vinculin family,3,Alpha-catenin-like protein hmp-1 · Catenin alpha-1 · Vinculin
F05 · Actin,2,Actin-related protein 2 · Actin-related protein 3
F06 · Class II Aldolase and Adducin N-terminal domain,2,Adducin 1 · Beta-adducin
F07 · Cofilin/tropomyosin-type actin-binding protein,2,Cofilin-1 · Cofilin-2
"F08 · F-actin capping protein, beta subunit",2,F-actin-capping protein subunit beta · Isoform 2 of F-actin-capping protein subunit beta
F09 · Diaphanous FH3 Domain,2,Inverted formin-2 · Protein diaphanous homolog 1
F10 · Troponin,2,"Isoform A2 of Troponin T, cardiac muscle · Troponin T2, cardiac type"
F11 · TMOD/LMOD Leucine-rich domain,2,Leiomodin-2 · Tropomodulin-1
F12 · Vibrio VopV (+1),2,Vibrio VopV · VopV
"F13 · Arp2/3 complex, 34 kD subunit p34-Arc",1,Actin-related protein 2/3 complex subunit 2
F14 · ARP2/3 complex ARPC3 (21 kDa) subunit,1,Actin-related protein 2/3 complex subunit 3
F15 · ARP2/3 complex 20 kDa subunit (ARPC4),1,Actin-related protein 2/3 complex subunit 4
F16 · ARP2/3 complex 16 kDa subunit (p16-Arc),1,Actin-related protein 2/3 complex subunit 5-like protein
F17 · Adenylate cyclase associated (CAP) C terminal,1,Adenylyl cyclase-associated protein 1
F18 · Afadin-like domain,1,Afadin
"F19 · Salmonella Invasion protein A, C-terminal actin binding domain",1,Cell invasion protein SipA
F20 · Cofilin,1,Cofilin
F21 · Cofilin (UNC-60B),1,Cofilin (UNC-60B)
F22 · Putative adherens-junction anchoring region of AbLIM,1,Dematin actin binding protein
F23 · F-actin capping protein alpha subunit,1,F-actin-capping protein subunit alpha-1
F24 · Gelsolin repeat,1,Gelsolin
F25 · Inositol polyphosphate kinase,1,Inositol-trisphosphate 3-kinase A
F26 · Profilin,1,Profilin-1
F27 · Repeat in HS1/Cortactin,1,Src substrate cortactin
F28 · I/LWEQ domain,1,Talin-1
F29 · Tropomyosin alpha-1 chain,1,Tropomyosin alpha-1 chain
F30 · Tropomyosin beta chain,1,Tropomyosin beta chain
F31 · Tropomyosin-1.9,1,Tropomyosin-1.9
