Actin_related_protein_2_3_complex_subunit_1__8e9b_C	Actin_related_protein_2_3_complex_subunit_1__8e9b_C
Actin_related_protein_2_3_complex_subunit_1__8e9b_C	Actin_related_protein_2_3_complex_subunit_1B__7tpt_C
Actin_related_protein_2_3_complex_subunit_1__8e9b_C	Coronin_1B_Methylated_DNA_protein_cysteine_methylt__9qey_H
Actin_related_protein_2_3_complex_subunit_2__7tpt_D	Actin_related_protein_2_3_complex_subunit_2__7tpt_D
Actin_related_protein_2_3_complex_subunit_3__7tpt_E	Actin_related_protein_2_3_complex_subunit_3__7tpt_E
Actin_related_protein_2_3_complex_subunit_4__7tpt_F	Actin_related_protein_2_3_complex_subunit_4__7tpt_F
Actin_related_protein_2_3_complex_subunit_5_like_p__8p94_G	Actin_related_protein_2_3_complex_subunit_5_like_p__8p94_G
Actin_related_protein_2__7tpt_B	Actin_related_protein_2__7tpt_B
Actin_related_protein_2__7tpt_B	Actin_related_protein_3__7tpt_A
Adducin_1__8iah_0	Adducin_1__8iah_0
Adenylyl_cyclase_associated_protein_1__9q7o_W	Adenylyl_cyclase_associated_protein_1__9q7o_W
Afadin__9dva_G	Afadin__9dva_G
Beta_adducin__8iah_3	Beta_adducin__8iah_3
Cell_invasion_protein_SipA__8uee_A	Cell_invasion_protein_SipA__8uee_A
Cofilin_1__6vao_J	Cofilin_1__6vao_J
Cofilin_1__6vao_J	Cofilin_2__9q7k_a
Dematin_actin_binding_protein__8iah_5	Dematin_actin_binding_protein__8iah_5
Gelsolin__8viz_G	Gelsolin__8viz_G
Inositol_trisphosphate_3_kinase_A__9gob_F	Inositol_trisphosphate_3_kinase_A__9gob_F
Inverted_formin_2__9az4_G	Inverted_formin_2__9az4_G
Inverted_formin_2__9az4_G	Protein_diaphanous_homolog_1__9b27_G
Isoform_2_of_F_actin_capping_protein_subunit_beta__8p94_V	Isoform_2_of_F_actin_capping_protein_subunit_beta__8p94_V
Isoform_2_of_F_actin_capping_protein_subunit_beta__8p94_V	F_actin_capping_protein_subunit_beta__8f8q_H
Isoform_2_of_F_actin_capping_protein_subunit_beta__8p94_V	F_actin_capping_protein_subunit_alpha_1__8f8q_G
Leiomodin_2__9zzj_L	Leiomodin_2__9zzj_L
Maltose_maltodextrin_binding_periplasmic_protein_A__7p1g_O	Maltose_maltodextrin_binding_periplasmic_protein_A__7p1g_O
Maltose_maltodextrin_binding_periplasmic_protein_T__7z7h_F	Maltose_maltodextrin_binding_periplasmic_protein_T__7z7h_F
Myosin_14_Alpha_actinin_A__5jlh_F	Myosin_14_Alpha_actinin_A__5jlh_F
Myosin_14_Alpha_actinin_A__5jlh_F	Myosin_6__8zbn_A
Myosin_14_Alpha_actinin_A__5jlh_F	Myosin_7__7jh7_G
Myosin_14_Alpha_actinin_A__5jlh_F	Myosin_A__7aln_F
Myosin_14_Alpha_actinin_A__5jlh_F	Myosin_heavy_chain_4__8zbm_A
Myosin_14_Alpha_actinin_A__5jlh_F	Unconventional_myosin_Ib__6c1g_P
Myosin_14_Alpha_actinin_A__5jlh_F	beta_cardiac_myosin_II__8efh_A
Plastin_3__7r94_F	Plastin_3__7r94_F
Plastin_3__7r94_F	Epididymis_secretory_protein_Li_37__6vec_a
Profilin_1__9azp_J	Profilin_1__9azp_J
Src_substrate_cortactin__8p94_I	Src_substrate_cortactin__8p94_I
Talin_1__9az6_H	Talin_1__9az6_H
Tropomodulin_1__8iah_Y	Tropomodulin_1__8iah_Y
Tropomyosin_1_9__8iah_U	Tropomyosin_1_9__8iah_U
Tropomyosin_beta_chain__8zbm_B	Tropomyosin_beta_chain__8zbm_B
Tropomyosin_beta_chain__8zbm_B	Tropomyosin_alpha_1_chain__8efi_P
Troponin_T2_cardiac_type__8dd0_K	Troponin_T2_cardiac_type__8dd0_K
Troponin_T2_cardiac_type__8dd0_K	Isoform_A2_of_Troponin_T_cardiac_muscle__9e2e_K
Utrophin__6m5g_F	Utrophin__6m5g_F
Utrophin__6m5g_F	Spectrin_beta_chain__8iah_M
Utrophin__6m5g_F	Filamin_A__6d8c_A
Vinculin__6upw_L	Vinculin__6upw_L
Vinculin__6upw_L	Alpha_catenin_like_protein_hmp_1__7uuw_H
Vinculin__6upw_L	Catenin_alpha_1__6wvt_N
VopV__9p1i_c	VopV__9p1i_c
VopV__9p1i_c	Vibrio_VopV__9p3d_c
WD_repeat_containing_protein_1_Methylated_DNA_prot__9qfw_P	WD_repeat_containing_protein_1_Methylated_DNA_prot__9qfw_P
