level,a,b,tm,fam
±0,Cofilin-1,Cofilin (UNC-60B),0.14305411946381427,False
±0,Gelsolin,Cofilin,0.26023250349556376,False
±0,Cofilin-1,Protein diaphanous homolog 1,0.1335281195487336,False
±0,Inositol-trisphosphate 3-kinase A,Protein diaphanous homolog 1,0.43464884237608997,False
±0,Actin-related protein 2/3 complex subunit 1B,Inositol-trisphosphate 3-kinase A,0.6034175031137605,False
±0,Unconventional myosin-Ib,Vinculin,0.1687581177693171,False
±0,Gelsolin,Cofilin (UNC-60B),0.2675504124446787,False
±0,Plastin-3,Spectrin beta chain,0.39315889384454533,True
±0,Utrophin,Catenin alpha-1,0.518321842686575,False
±0,Actin-related protein 2/3 complex subunit 1B,Utrophin,0.3375186024797289,False
±0,Actin-related protein 2/3 complex subunit 1,Myosin heavy chain 4,0.2999302418628499,False
±0,beta-cardiac myosin II,Myosin-6,0.49011224714111473,True
±0,Myosin-7,Myosin-A,0.4335475037569387,True
±0,Myosin-A,Myosin-6,0.4669290727559908,True
±0,Cofilin (UNC-60B),Alpha-catenin-like protein hmp-1,0.20244643875961613,False
±0,Gelsolin,Cofilin-1,0.16393450261820536,False
±0,Cofilin-1,Cofilin-2,0.13236280942168072,True
±0,Inverted formin-2,Catenin alpha-1,0.661760844486232,False
±0,Cofilin,Catenin alpha-1,0.15761013167308396,False
±0,Cofilin-2,Catenin alpha-1,0.18616497724863526,False
±0,Vinculin,"Myosin-14,Alpha-actinin A",0.1643225238065354,False
±0,Cofilin-2,Alpha-catenin-like protein hmp-1,0.21018077139408492,False
±0,Gelsolin,Cofilin-2,0.24194367054427435,False
±0,Leiomodin-2,Tropomodulin-1,0.3980113272874433,True
±0,Protein diaphanous homolog 1,Catenin alpha-1,0.2970483790577733,False
±0,Filamin-A,Catenin alpha-1,0.3765236125466926,False
±0,"Troponin T2, cardiac type","Isoform A2 of Troponin T, cardiac muscle",0.48192365142828736,True
±0,Unconventional myosin-Ib,"Myosin-14,Alpha-actinin A",0.4648694305366229,True
±0,Cofilin-1,Catenin alpha-1,0.13464074400711856,False
±0,Inositol-trisphosphate 3-kinase A,Talin-1,0.5410496713691603,False
±0,Plastin-3,Inositol-trisphosphate 3-kinase A,0.2755369817816754,False
±0,Cofilin,Cofilin-2,0.6174782419987905,False
±0,Myosin-7,"Maltose/maltodextrin-binding periplasmic protein,Adenylate cyclase ExoY",0.989295798221705,False
±0,Inositol-trisphosphate 3-kinase A,Spectrin beta chain,0.4189577075042907,False
±0,Gelsolin,Catenin alpha-1,0.16794201398748598,False
±0,Actin-related protein 2/3 complex subunit 1B,Epididymis secretory protein Li 37,0.3993453333531467,False
±0,Talin-1,Spectrin beta chain,0.41833382683903775,False
±0,Epididymis secretory protein Li 37,Filamin-A,0.3031048181299412,True
±0,Filamin-A,Utrophin,0.5437092090898974,True
±0,Inverted formin-2,Cofilin-1,0.21975131637434092,False
±0,Epididymis secretory protein Li 37,Catenin alpha-1,0.21248395783775512,False
±0,Adducin 1,Beta-adducin,0.23886895630296534,True
±0,Inverted formin-2,Cofilin,0.5020631398657306,False
±0,Cofilin (UNC-60B),Catenin alpha-1,0.14858478328106992,False
±0,Myosin heavy chain 4,Myosin-6,0.7393839056169752,True
±0,Actin-related protein 2/3 complex subunit 1,Myosin-6,0.2936331600507579,False
±0,Myosin-A,"Myosin-14,Alpha-actinin A",0.4885468944711851,True
±0,Myosin heavy chain 4,beta-cardiac myosin II,0.4995740257260412,True
±0,Myosin-7,"Myosin-14,Alpha-actinin A",0.6556265557648,True
±0,Actin-related protein 2/3 complex subunit 1B,Actin-related protein 2/3 complex subunit 1,0.5044915097455405,True
±0,Myosin-7,Myosin-6,0.6678372285984516,True
±0,Myosin-A,Unconventional myosin-Ib,0.43474407661909775,True
±0,Inverted formin-2,Gelsolin,0.3705489143602515,False
±0,Inverted formin-2,Cofilin-2,0.4464831189333087,False
±0,Myosin-6,"Myosin-14,Alpha-actinin A",0.6943865872907261,True
±0,Spectrin beta chain,Alpha-catenin-like protein hmp-1,0.4815762115803331,False
±0,Inverted formin-2,Protein diaphanous homolog 1,0.17900852054679237,True
±0,Actin-related protein 2,Actin-related protein 3,0.16957233537856647,True
±0,Inositol-trisphosphate 3-kinase A,Gelsolin,0.17141210543663557,False
±0,Cofilin (UNC-60B),Cofilin,0.9190936313212861,False
±0,Myosin-A,Vinculin,0.12349126146366676,False
±0,Adducin 1,Cell invasion protein SipA,0.32792191911403945,False
±0,Actin-related protein 2/3 complex subunit 1B,Filamin-A,0.4844599705528017,False
±0,Actin-related protein 2/3 complex subunit 1,Inositol-trisphosphate 3-kinase A,0.6497675460489336,False
±0,Inverted formin-2,Alpha-catenin-like protein hmp-1,0.41933958177929914,False
±0,Gelsolin,Alpha-catenin-like protein hmp-1,0.2519638269215107,False
±0,Myosin-7,Unconventional myosin-Ib,0.4578672239080239,True
±0,Catenin alpha-1,Alpha-catenin-like protein hmp-1,0.6763161818811166,True
±0,Isoform 2 of F-actin-capping protein subunit beta,F-actin-capping protein subunit beta,0.8344224538895496,True
±0,Inverted formin-2,Cofilin (UNC-60B),0.49719391793783496,False
±0,Myosin-6,Vinculin,0.12118382324098011,False
±0,Plastin-3,Epididymis secretory protein Li 37,0.7912827575765026,True
±0,Cofilin (UNC-60B),Cofilin-2,0.6062849357886347,False
±0,Cofilin-1,Alpha-catenin-like protein hmp-1,0.11890938163723046,False
±0,Cofilin-1,Cofilin,0.17649567145170592,False
±0,Gelsolin,Protein diaphanous homolog 1,0.19911513604197192,False
±0,"WD repeat-containing protein 1,Methylated-DNA--protein-cysteine methyltransferase",Actin-interacting protein 1,0.5238131289213837,True
±0,Cofilin,Alpha-catenin-like protein hmp-1,0.2030108693405338,False
±0,Myosin-7,Vinculin,0.10075018251416773,False
±0,VopV,Vibrio VopV,0.5772829173173866,True
±0,Spectrin beta chain,Catenin alpha-1,0.532085973315875,False
±0,Actin-related protein 2/3 complex subunit 2,Dematin actin binding protein,0.380247647483084,False
±0,Plastin-3,Talin-1,0.3158037986614284,False
±0,Unconventional myosin-Ib,Myosin-6,0.4282837936343194,True
±0,Epididymis secretory protein Li 37,Utrophin,0.31270310762461334,True
±0,Inositol-trisphosphate 3-kinase A,Catenin alpha-1,0.43104644802154357,False
±6,Cofilin-1,Cofilin (UNC-60B),0.3383246641256619,False
±6,Gelsolin,Cofilin,0.46762056544181085,False
±6,Cofilin-1,Protein diaphanous homolog 1,0.22515120038694966,False
±6,Inositol-trisphosphate 3-kinase A,Protein diaphanous homolog 1,0.5333589317192281,False
±6,Actin-related protein 2/3 complex subunit 1B,Inositol-trisphosphate 3-kinase A,0.2763682196221831,False
±6,Unconventional myosin-Ib,Vinculin,0.2879607786456664,False
±6,Gelsolin,Cofilin (UNC-60B),0.46956754513386806,False
±6,Plastin-3,Spectrin beta chain,0.5848643098094192,True
±6,Utrophin,Catenin alpha-1,0.4822004464147379,False
±6,Actin-related protein 2/3 complex subunit 1B,Utrophin,0.26753152330526797,False
±6,Actin-related protein 2/3 complex subunit 1,Myosin heavy chain 4,0.48936206996015064,False
±6,beta-cardiac myosin II,Myosin-6,0.8867994951057491,True
±6,Myosin-7,Myosin-A,0.7857653793347666,True
±6,Myosin-A,Myosin-6,0.806467187598532,True
±6,Cofilin (UNC-60B),Alpha-catenin-like protein hmp-1,0.2931128389953094,False
±6,Gelsolin,Cofilin-1,0.2751300205880428,False
±6,Cofilin-1,Cofilin-2,0.485739297408535,True
±6,Inverted formin-2,Catenin alpha-1,0.7227938330115188,False
±6,Cofilin,Catenin alpha-1,0.2738042984761742,False
±6,Cofilin-2,Catenin alpha-1,0.27902209810177186,False
±6,Vinculin,"Myosin-14,Alpha-actinin A",0.27148656842517477,False
±6,Cofilin-2,Alpha-catenin-like protein hmp-1,0.2881862310636982,False
±6,Gelsolin,Cofilin-2,0.4571846394804017,False
±6,Leiomodin-2,Tropomodulin-1,0.9104271337140946,True
±6,Protein diaphanous homolog 1,Catenin alpha-1,0.31860200248776843,False
±6,Filamin-A,Catenin alpha-1,0.3872606970962568,False
±6,"Troponin T2, cardiac type","Isoform A2 of Troponin T, cardiac muscle",0.3849958645128028,True
±6,Unconventional myosin-Ib,"Myosin-14,Alpha-actinin A",0.7827179588989249,True
±6,Cofilin-1,Catenin alpha-1,0.22330405426659264,False
±6,Inositol-trisphosphate 3-kinase A,Talin-1,0.6364105316488395,False
±6,Plastin-3,Inositol-trisphosphate 3-kinase A,0.5860907975880162,False
±6,Cofilin,Cofilin-2,0.8288262982104968,False
±6,Myosin-7,"Maltose/maltodextrin-binding periplasmic protein,Adenylate cyclase ExoY",0.6546920319736622,False
±6,Inositol-trisphosphate 3-kinase A,Spectrin beta chain,0.610761389495635,False
±6,Gelsolin,Catenin alpha-1,0.32430850644174675,False
±6,Actin-related protein 2/3 complex subunit 1B,Epididymis secretory protein Li 37,0.29383626719901274,False
±6,Talin-1,Spectrin beta chain,0.4946143665530386,False
±6,Epididymis secretory protein Li 37,Filamin-A,0.38531651195432653,True
±6,Filamin-A,Utrophin,0.7213574067969558,True
±6,Inverted formin-2,Cofilin-1,0.5004395936721029,False
±6,Epididymis secretory protein Li 37,Catenin alpha-1,0.3970469450420078,False
±6,Adducin 1,Beta-adducin,0.36853430032637735,True
±6,Inverted formin-2,Cofilin,0.7746110794510366,False
±6,Cofilin (UNC-60B),Catenin alpha-1,0.28800899591378387,False
±6,Myosin heavy chain 4,Myosin-6,0.9431395993726072,True
±6,Actin-related protein 2/3 complex subunit 1,Myosin-6,0.49696001934742134,False
±6,Myosin-A,"Myosin-14,Alpha-actinin A",0.7677439642186892,True
±6,Myosin heavy chain 4,beta-cardiac myosin II,0.9028999299628309,True
±6,Myosin-7,"Myosin-14,Alpha-actinin A",0.8940583539576191,True
±6,Actin-related protein 2/3 complex subunit 1B,Actin-related protein 2/3 complex subunit 1,0.3527131029936377,True
±6,Myosin-7,Myosin-6,0.9322595322959856,True
±6,Myosin-A,Unconventional myosin-Ib,0.7943939200251166,True
±6,Inverted formin-2,Gelsolin,0.6575025587491944,False
±6,Inverted formin-2,Cofilin-2,0.5252262503725225,False
±6,Myosin-6,"Myosin-14,Alpha-actinin A",0.8997660266420149,True
±6,Spectrin beta chain,Alpha-catenin-like protein hmp-1,0.4542487171666786,False
±6,Inverted formin-2,Protein diaphanous homolog 1,0.7442510646196461,True
±6,Actin-related protein 2,Actin-related protein 3,0.28460545604542326,True
±6,Inositol-trisphosphate 3-kinase A,Gelsolin,0.6075907204711768,False
±6,Cofilin (UNC-60B),Cofilin,0.9959853716205195,False
±6,Myosin-A,Vinculin,0.2898833832984304,False
±6,Adducin 1,Cell invasion protein SipA,0.2341406400946838,False
±6,Actin-related protein 2/3 complex subunit 1B,Filamin-A,0.31037174625639374,False
±6,Actin-related protein 2/3 complex subunit 1,Inositol-trisphosphate 3-kinase A,0.5931493527245724,False
±6,Inverted formin-2,Alpha-catenin-like protein hmp-1,0.6857346595737661,False
±6,Gelsolin,Alpha-catenin-like protein hmp-1,0.3015514743993883,False
±6,Myosin-7,Unconventional myosin-Ib,0.8488594402761376,True
±6,Catenin alpha-1,Alpha-catenin-like protein hmp-1,0.816621411762692,True
±6,Isoform 2 of F-actin-capping protein subunit beta,F-actin-capping protein subunit beta,0.9280458655505369,True
±6,Inverted formin-2,Cofilin (UNC-60B),0.7736202031286005,False
±6,Myosin-6,Vinculin,0.2978386267817728,False
±6,Plastin-3,Epididymis secretory protein Li 37,0.9509295605715117,True
±6,Cofilin (UNC-60B),Cofilin-2,0.8244922754446998,False
±6,Cofilin-1,Alpha-catenin-like protein hmp-1,0.23371601184843654,False
±6,Cofilin-1,Cofilin,0.2958341882194676,False
±6,Gelsolin,Protein diaphanous homolog 1,0.23579723417633183,False
±6,"WD repeat-containing protein 1,Methylated-DNA--protein-cysteine methyltransferase",Actin-interacting protein 1,0.937988768980223,True
±6,Cofilin,Alpha-catenin-like protein hmp-1,0.2898100012207179,False
±6,Myosin-7,Vinculin,0.2684421968562242,False
±6,VopV,Vibrio VopV,0.6878148864531652,True
±6,Spectrin beta chain,Catenin alpha-1,0.39121187940564334,False
±6,Actin-related protein 2/3 complex subunit 2,Dematin actin binding protein,0.24879746913079206,False
±6,Plastin-3,Talin-1,0.6011957769171091,False
±6,Unconventional myosin-Ib,Myosin-6,0.8264385916810251,True
±6,Epididymis secretory protein Li 37,Utrophin,0.6647584268335112,True
±6,Inositol-trisphosphate 3-kinase A,Catenin alpha-1,0.6559708359455614,False
±12,Cofilin-1,Cofilin (UNC-60B),0.6012593364524808,False
±12,Gelsolin,Cofilin,0.4254674265374656,False
±12,Cofilin-1,Protein diaphanous homolog 1,0.21192425305458082,False
±12,Inositol-trisphosphate 3-kinase A,Protein diaphanous homolog 1,0.6465840160740366,False
±12,Actin-related protein 2/3 complex subunit 1B,Inositol-trisphosphate 3-kinase A,0.315846883962152,False
±12,Unconventional myosin-Ib,Vinculin,0.28451388429276664,False
±12,Gelsolin,Cofilin (UNC-60B),0.42922813548810496,False
±12,Plastin-3,Spectrin beta chain,0.6375887330228314,True
±12,Utrophin,Catenin alpha-1,0.4009209662258421,False
±12,Actin-related protein 2/3 complex subunit 1B,Utrophin,0.35699776817817047,False
±12,Actin-related protein 2/3 complex subunit 1,Myosin heavy chain 4,0.44621405850738405,False
±12,beta-cardiac myosin II,Myosin-6,0.9518159342777462,True
±12,Myosin-7,Myosin-A,0.8386816277905628,True
±12,Myosin-A,Myosin-6,0.826339718083294,True
±12,Cofilin (UNC-60B),Alpha-catenin-like protein hmp-1,0.24455763012467,False
±12,Gelsolin,Cofilin-1,0.38751520238316073,False
±12,Cofilin-1,Cofilin-2,0.7375879070348088,True
±12,Inverted formin-2,Catenin alpha-1,0.7227938330115188,False
±12,Cofilin,Catenin alpha-1,0.26462133748796896,False
±12,Cofilin-2,Catenin alpha-1,0.22988885014120847,False
±12,Vinculin,"Myosin-14,Alpha-actinin A",0.3294242841661036,False
±12,Cofilin-2,Alpha-catenin-like protein hmp-1,0.24345383375298335,False
±12,Gelsolin,Cofilin-2,0.411955759442287,False
±12,Leiomodin-2,Tropomodulin-1,0.9491841106211192,True
±12,Protein diaphanous homolog 1,Catenin alpha-1,0.34730909043160824,False
±12,Filamin-A,Catenin alpha-1,0.41438540787305905,False
±12,"Troponin T2, cardiac type","Isoform A2 of Troponin T, cardiac muscle",0.5547064902481508,True
±12,Unconventional myosin-Ib,"Myosin-14,Alpha-actinin A",0.8157141881262704,True
±12,Cofilin-1,Catenin alpha-1,0.22074128513275404,False
±12,Inositol-trisphosphate 3-kinase A,Talin-1,0.6631083665190287,False
±12,Plastin-3,Inositol-trisphosphate 3-kinase A,0.6213683775198321,False
±12,Cofilin,Cofilin-2,0.8084707682532917,False
±12,Myosin-7,"Maltose/maltodextrin-binding periplasmic protein,Adenylate cyclase ExoY",0.42800598131759005,False
±12,Inositol-trisphosphate 3-kinase A,Spectrin beta chain,0.6562709422827043,False
±12,Gelsolin,Catenin alpha-1,0.2890674239394037,False
±12,Actin-related protein 2/3 complex subunit 1B,Epididymis secretory protein Li 37,0.34912001517427566,False
±12,Talin-1,Spectrin beta chain,0.4431359602139699,False
±12,Epididymis secretory protein Li 37,Filamin-A,0.6477904677932981,True
±12,Filamin-A,Utrophin,0.8072055837285494,True
±12,Inverted formin-2,Cofilin-1,0.6846214625074911,False
±12,Epididymis secretory protein Li 37,Catenin alpha-1,0.383889748586398,False
±12,Adducin 1,Beta-adducin,0.36853430032637735,True
±12,Inverted formin-2,Cofilin,0.7746110794510366,False
±12,Cofilin (UNC-60B),Catenin alpha-1,0.2527931282408178,False
±12,Myosin heavy chain 4,Myosin-6,0.9619329619079778,True
±12,Actin-related protein 2/3 complex subunit 1,Myosin-6,0.43630623132806334,False
±12,Myosin-A,"Myosin-14,Alpha-actinin A",0.8015623868740839,True
±12,Myosin heavy chain 4,beta-cardiac myosin II,0.9556147817037575,True
±12,Myosin-7,"Myosin-14,Alpha-actinin A",0.9197863171325701,True
±12,Actin-related protein 2/3 complex subunit 1B,Actin-related protein 2/3 complex subunit 1,0.40522110607890827,True
±12,Myosin-7,Myosin-6,0.9544419057865307,True
±12,Myosin-A,Unconventional myosin-Ib,0.8378374264620136,True
±12,Inverted formin-2,Gelsolin,0.6575025587491944,False
±12,Inverted formin-2,Cofilin-2,0.5252262503725225,False
±12,Myosin-6,"Myosin-14,Alpha-actinin A",0.9283318474149956,True
±12,Spectrin beta chain,Alpha-catenin-like protein hmp-1,0.43852270712115304,False
±12,Inverted formin-2,Protein diaphanous homolog 1,0.7442510646196461,True
±12,Actin-related protein 2,Actin-related protein 3,0.49237951000242663,True
±12,Inositol-trisphosphate 3-kinase A,Gelsolin,0.6242435366814084,False
±12,Cofilin (UNC-60B),Cofilin,0.9971249026285512,False
±12,Myosin-A,Vinculin,0.2930643437623456,False
±12,Adducin 1,Cell invasion protein SipA,0.20689437007491607,False
±12,Actin-related protein 2/3 complex subunit 1B,Filamin-A,0.30781813488623394,False
±12,Actin-related protein 2/3 complex subunit 1,Inositol-trisphosphate 3-kinase A,0.5908951419059926,False
±12,Inverted formin-2,Alpha-catenin-like protein hmp-1,0.7843043728826409,False
±12,Gelsolin,Alpha-catenin-like protein hmp-1,0.3057677300007533,False
±12,Myosin-7,Unconventional myosin-Ib,0.8815618167322047,True
±12,Catenin alpha-1,Alpha-catenin-like protein hmp-1,0.8649436915809089,True
±12,Isoform 2 of F-actin-capping protein subunit beta,F-actin-capping protein subunit beta,0.9662106357573252,True
±12,Inverted formin-2,Cofilin (UNC-60B),0.7736202031286005,False
±12,Myosin-6,Vinculin,0.2762098046121842,False
±12,Plastin-3,Epididymis secretory protein Li 37,0.9420031065239015,True
±12,Cofilin (UNC-60B),Cofilin-2,0.8107396547996836,False
±12,Cofilin-1,Alpha-catenin-like protein hmp-1,0.27308800118315724,False
±12,Cofilin-1,Cofilin,0.6044780938235624,False
±12,Gelsolin,Protein diaphanous homolog 1,0.26013510106368926,False
±12,"WD repeat-containing protein 1,Methylated-DNA--protein-cysteine methyltransferase",Actin-interacting protein 1,0.9503627024013135,True
±12,Cofilin,Alpha-catenin-like protein hmp-1,0.2511943213714872,False
±12,Myosin-7,Vinculin,0.3555992993882998,False
±12,VopV,Vibrio VopV,0.6719105534492898,True
±12,Spectrin beta chain,Catenin alpha-1,0.42994957675941714,False
±12,Actin-related protein 2/3 complex subunit 2,Dematin actin binding protein,0.17521740643741074,False
±12,Plastin-3,Talin-1,0.5489912048925492,False
±12,Unconventional myosin-Ib,Myosin-6,0.8662549640960808,True
±12,Epididymis secretory protein Li 37,Utrophin,0.6852439799024832,True
±12,Inositol-trisphosphate 3-kinase A,Catenin alpha-1,0.6936660593141258,False
±20,Cofilin-1,Cofilin (UNC-60B),0.70752743935572,False
±20,Gelsolin,Cofilin,0.39202479755115127,False
±20,Cofilin-1,Protein diaphanous homolog 1,0.28038672681989557,False
±20,Inositol-trisphosphate 3-kinase A,Protein diaphanous homolog 1,0.7039143591874183,False
±20,Actin-related protein 2/3 complex subunit 1B,Inositol-trisphosphate 3-kinase A,0.29572837248692724,False
±20,Unconventional myosin-Ib,Vinculin,0.32766554407854587,False
±20,Gelsolin,Cofilin (UNC-60B),0.39364421252576764,False
±20,Plastin-3,Spectrin beta chain,0.6443669781869825,True
±20,Utrophin,Catenin alpha-1,0.46511709996828055,False
±20,Actin-related protein 2/3 complex subunit 1B,Utrophin,0.27309048507068145,False
±20,Actin-related protein 2/3 complex subunit 1,Myosin heavy chain 4,0.3480345468238755,False
±20,beta-cardiac myosin II,Myosin-6,0.8809641492040239,True
±20,Myosin-7,Myosin-A,0.8574110788603999,True
±20,Myosin-A,Myosin-6,0.8428215034001277,True
±20,Cofilin (UNC-60B),Alpha-catenin-like protein hmp-1,0.22176655495335418,False
±20,Gelsolin,Cofilin-1,0.40602121284252024,False
±20,Cofilin-1,Cofilin-2,0.8586900480696212,True
±20,Inverted formin-2,Catenin alpha-1,0.7227938330115188,False
±20,Cofilin,Catenin alpha-1,0.2672777602270088,False
±20,Cofilin-2,Catenin alpha-1,0.27130632045706693,False
±20,Vinculin,"Myosin-14,Alpha-actinin A",0.31195011039856235,False
±20,Cofilin-2,Alpha-catenin-like protein hmp-1,0.2446409139471828,False
±20,Gelsolin,Cofilin-2,0.3649417230615327,False
±20,Leiomodin-2,Tropomodulin-1,0.9704261933893762,True
±20,Protein diaphanous homolog 1,Catenin alpha-1,0.35155386044183656,False
±20,Filamin-A,Catenin alpha-1,0.4466299573995053,False
±20,"Troponin T2, cardiac type","Isoform A2 of Troponin T, cardiac muscle",0.7752731505070564,True
±20,Unconventional myosin-Ib,"Myosin-14,Alpha-actinin A",0.8507078933679029,True
±20,Cofilin-1,Catenin alpha-1,0.26953697457120807,False
±20,Inositol-trisphosphate 3-kinase A,Talin-1,0.7205855112247482,False
±20,Plastin-3,Inositol-trisphosphate 3-kinase A,0.6213683775198321,False
±20,Cofilin,Cofilin-2,0.7706604672064534,False
±20,Myosin-7,"Maltose/maltodextrin-binding periplasmic protein,Adenylate cyclase ExoY",0.4446096481940706,False
±20,Inositol-trisphosphate 3-kinase A,Spectrin beta chain,0.6562709422827043,False
±20,Gelsolin,Catenin alpha-1,0.24993576735336065,False
±20,Actin-related protein 2/3 complex subunit 1B,Epididymis secretory protein Li 37,0.26003130591130735,False
±20,Talin-1,Spectrin beta chain,0.3361135543281277,False
±20,Epididymis secretory protein Li 37,Filamin-A,0.6726169935716539,True
±20,Filamin-A,Utrophin,0.8736889787207671,True
±20,Inverted formin-2,Cofilin-1,0.6846214625074911,False
±20,Epididymis secretory protein Li 37,Catenin alpha-1,0.3634623659754324,False
±20,Adducin 1,Beta-adducin,0.36853430032637735,True
±20,Inverted formin-2,Cofilin,0.7746110794510366,False
±20,Cofilin (UNC-60B),Catenin alpha-1,0.26989423349621483,False
±20,Myosin heavy chain 4,Myosin-6,0.9383129519938405,True
±20,Actin-related protein 2/3 complex subunit 1,Myosin-6,0.3720479972184028,False
±20,Myosin-A,"Myosin-14,Alpha-actinin A",0.8639298097806826,True
±20,Myosin heavy chain 4,beta-cardiac myosin II,0.9396567450962123,True
±20,Myosin-7,"Myosin-14,Alpha-actinin A",0.9324825174484526,True
±20,Actin-related protein 2/3 complex subunit 1B,Actin-related protein 2/3 complex subunit 1,0.4056679257720449,True
±20,Myosin-7,Myosin-6,0.9265734736869263,True
±20,Myosin-A,Unconventional myosin-Ib,0.8448280844867173,True
±20,Inverted formin-2,Gelsolin,0.6575025587491944,False
±20,Inverted formin-2,Cofilin-2,0.5252262503725225,False
±20,Myosin-6,"Myosin-14,Alpha-actinin A",0.9189018158233282,True
±20,Spectrin beta chain,Alpha-catenin-like protein hmp-1,0.4217902424022618,False
±20,Inverted formin-2,Protein diaphanous homolog 1,0.7442510646196461,True
±20,Actin-related protein 2,Actin-related protein 3,0.6370411384450532,True
±20,Inositol-trisphosphate 3-kinase A,Gelsolin,0.6275429112386379,False
±20,Cofilin (UNC-60B),Cofilin,0.9977724840497258,False
±20,Myosin-A,Vinculin,0.3296449935702622,False
±20,Adducin 1,Cell invasion protein SipA,0.2985585801196234,False
±20,Actin-related protein 2/3 complex subunit 1B,Filamin-A,0.2573984861495613,False
±20,Actin-related protein 2/3 complex subunit 1,Inositol-trisphosphate 3-kinase A,0.5908951419059926,False
±20,Inverted formin-2,Alpha-catenin-like protein hmp-1,0.796173796559944,False
±20,Gelsolin,Alpha-catenin-like protein hmp-1,0.2993276943905439,False
±20,Myosin-7,Unconventional myosin-Ib,0.8713325109798434,True
±20,Catenin alpha-1,Alpha-catenin-like protein hmp-1,0.864457754697288,True
±20,Isoform 2 of F-actin-capping protein subunit beta,F-actin-capping protein subunit beta,0.9795916043345589,True
±20,Inverted formin-2,Cofilin (UNC-60B),0.7736202031286005,False
±20,Myosin-6,Vinculin,0.29836331127950616,False
±20,Plastin-3,Epididymis secretory protein Li 37,0.94760472092293,True
±20,Cofilin (UNC-60B),Cofilin-2,0.7691870899057507,False
±20,Cofilin-1,Alpha-catenin-like protein hmp-1,0.25264620388239134,False
±20,Cofilin-1,Cofilin,0.7074653945029873,False
±20,Gelsolin,Protein diaphanous homolog 1,0.24553825183070435,False
±20,"WD repeat-containing protein 1,Methylated-DNA--protein-cysteine methyltransferase",Actin-interacting protein 1,0.9557490519072871,True
±20,Cofilin,Alpha-catenin-like protein hmp-1,0.23641531763469897,False
±20,Myosin-7,Vinculin,0.3102873130515474,False
±20,VopV,Vibrio VopV,0.6719105534492898,True
±20,Spectrin beta chain,Catenin alpha-1,0.4289204493899001,False
±20,Actin-related protein 2/3 complex subunit 2,Dematin actin binding protein,0.17890798872852903,False
±20,Plastin-3,Talin-1,0.4453255458674535,False
±20,Unconventional myosin-Ib,Myosin-6,0.8555703673845143,True
±20,Epididymis secretory protein Li 37,Utrophin,0.6686378647051575,True
±20,Inositol-trisphosphate 3-kinase A,Catenin alpha-1,0.6936660593141258,False
±35,Cofilin-1,Cofilin (UNC-60B),0.7917659336906281,False
±35,Gelsolin,Cofilin,0.4518128720173926,False
±35,Cofilin-1,Protein diaphanous homolog 1,0.28382395820287015,False
±35,Inositol-trisphosphate 3-kinase A,Protein diaphanous homolog 1,0.7039143591874183,False
±35,Actin-related protein 2/3 complex subunit 1B,Inositol-trisphosphate 3-kinase A,0.29572837248692724,False
±35,Unconventional myosin-Ib,Vinculin,0.41364075545471674,False
±35,Gelsolin,Cofilin (UNC-60B),0.4525374795594603,False
±35,Plastin-3,Spectrin beta chain,0.7896688338356355,True
±35,Utrophin,Catenin alpha-1,0.4484384065258736,False
±35,Actin-related protein 2/3 complex subunit 1B,Utrophin,0.25465053402389537,False
±35,Actin-related protein 2/3 complex subunit 1,Myosin heavy chain 4,0.31388565574157984,False
±35,beta-cardiac myosin II,Myosin-6,0.8892101021429659,True
±35,Myosin-7,Myosin-A,0.8890669592633055,True
±35,Myosin-A,Myosin-6,0.888361223975527,True
±35,Cofilin (UNC-60B),Alpha-catenin-like protein hmp-1,0.2902048041781956,False
±35,Gelsolin,Cofilin-1,0.4104425336806511,False
±35,Cofilin-1,Cofilin-2,0.97239370174453,True
±35,Inverted formin-2,Catenin alpha-1,0.46558487040032953,False
±35,Cofilin,Catenin alpha-1,0.2862453302997702,False
±35,Cofilin-2,Catenin alpha-1,0.2857047323555194,False
±35,Vinculin,"Myosin-14,Alpha-actinin A",0.4082895164880653,False
±35,Cofilin-2,Alpha-catenin-like protein hmp-1,0.3049860044558889,False
±35,Gelsolin,Cofilin-2,0.41129746308859283,False
±35,Leiomodin-2,Tropomodulin-1,0.9700978529275373,True
±35,Protein diaphanous homolog 1,Catenin alpha-1,0.37667379815429114,False
±35,Filamin-A,Catenin alpha-1,0.4104666761219226,False
±35,"Troponin T2, cardiac type","Isoform A2 of Troponin T, cardiac muscle",0.8618633500397835,True
±35,Unconventional myosin-Ib,"Myosin-14,Alpha-actinin A",0.8750732093752797,True
±35,Cofilin-1,Catenin alpha-1,0.27585246944140474,False
±35,Inositol-trisphosphate 3-kinase A,Talin-1,0.7205855112247482,False
±35,Plastin-3,Inositol-trisphosphate 3-kinase A,0.660496146569899,False
±35,Cofilin,Cofilin-2,0.8098301535028228,False
±35,Myosin-7,"Maltose/maltodextrin-binding periplasmic protein,Adenylate cyclase ExoY",0.3804800676991864,False
±35,Inositol-trisphosphate 3-kinase A,Spectrin beta chain,0.6562709422827043,False
±35,Gelsolin,Catenin alpha-1,0.31108951678247004,False
±35,Actin-related protein 2/3 complex subunit 1B,Epididymis secretory protein Li 37,0.2730040775378618,False
±35,Talin-1,Spectrin beta chain,0.28911246395518847,False
±35,Epididymis secretory protein Li 37,Filamin-A,0.816364730750083,True
±35,Filamin-A,Utrophin,0.8865663015360156,True
±35,Inverted formin-2,Cofilin-1,0.4286200449615824,False
±35,Epididymis secretory protein Li 37,Catenin alpha-1,0.37683175664480145,False
±35,Adducin 1,Beta-adducin,0.388564153235158,True
±35,Inverted formin-2,Cofilin,0.4529926940038353,False
±35,Cofilin (UNC-60B),Catenin alpha-1,0.2883828796322575,False
±35,Myosin heavy chain 4,Myosin-6,0.954794382129754,True
±35,Actin-related protein 2/3 complex subunit 1,Myosin-6,0.3464150952184633,False
±35,Myosin-A,"Myosin-14,Alpha-actinin A",0.8928580490115742,True
±35,Myosin heavy chain 4,beta-cardiac myosin II,0.9405829269872662,True
±35,Myosin-7,"Myosin-14,Alpha-actinin A",0.9443788411064375,True
±35,Actin-related protein 2/3 complex subunit 1B,Actin-related protein 2/3 complex subunit 1,0.5701139325985269,True
±35,Myosin-7,Myosin-6,0.9440155765503212,True
±35,Myosin-A,Unconventional myosin-Ib,0.8901082045369093,True
±35,Inverted formin-2,Gelsolin,0.4410179924099467,False
±35,Inverted formin-2,Cofilin-2,0.3801563764268241,False
±35,Myosin-6,"Myosin-14,Alpha-actinin A",0.9422150824434161,True
±35,Spectrin beta chain,Alpha-catenin-like protein hmp-1,0.4342025111295235,False
±35,Inverted formin-2,Protein diaphanous homolog 1,0.47029376489280855,True
±35,Actin-related protein 2,Actin-related protein 3,0.7286265521530961,True
±35,Inositol-trisphosphate 3-kinase A,Gelsolin,0.6275429112386379,False
±35,Cofilin (UNC-60B),Cofilin,0.9979469281816788,False
±35,Myosin-A,Vinculin,0.3946463077967423,False
±35,Adducin 1,Cell invasion protein SipA,0.30718279322321745,False
±35,Actin-related protein 2/3 complex subunit 1B,Filamin-A,0.2266537185203304,False
±35,Actin-related protein 2/3 complex subunit 1,Inositol-trisphosphate 3-kinase A,0.5908951419059926,False
±35,Inverted formin-2,Alpha-catenin-like protein hmp-1,0.4877995799577028,False
±35,Gelsolin,Alpha-catenin-like protein hmp-1,0.3221727793749554,False
±35,Myosin-7,Unconventional myosin-Ib,0.9045590143348872,True
±35,Catenin alpha-1,Alpha-catenin-like protein hmp-1,0.8978774649619126,True
±35,Isoform 2 of F-actin-capping protein subunit beta,F-actin-capping protein subunit beta,0.9673069418693344,True
±35,Inverted formin-2,Cofilin (UNC-60B),0.46602435789012975,False
±35,Myosin-6,Vinculin,0.4083290975345207,False
±35,Plastin-3,Epididymis secretory protein Li 37,0.9520004281810559,True
±35,Cofilin (UNC-60B),Cofilin-2,0.808972529768309,False
±35,Cofilin-1,Alpha-catenin-like protein hmp-1,0.2924447708665552,False
±35,Cofilin-1,Cofilin,0.7838605179629833,False
±35,Gelsolin,Protein diaphanous homolog 1,0.2157929837735433,False
±35,"WD repeat-containing protein 1,Methylated-DNA--protein-cysteine methyltransferase",Actin-interacting protein 1,0.9484569624260291,True
±35,Cofilin,Alpha-catenin-like protein hmp-1,0.28813520240020213,False
±35,Myosin-7,Vinculin,0.4016812610184975,False
±35,VopV,Vibrio VopV,0.6719105534492898,True
±35,Spectrin beta chain,Catenin alpha-1,0.4356442981462819,False
±35,Actin-related protein 2/3 complex subunit 2,Dematin actin binding protein,0.22132301626343018,False
±35,Plastin-3,Talin-1,0.37475600225624145,False
±35,Unconventional myosin-Ib,Myosin-6,0.8961826888944657,True
±35,Epididymis secretory protein Li 37,Utrophin,0.8078224852167268,True
±35,Inositol-trisphosphate 3-kinase A,Catenin alpha-1,0.6950114504003074,False
entière,Cofilin-1,Cofilin (UNC-60B),0.7917659336906281,False
entière,Gelsolin,Cofilin,0.49963855299783716,False
entière,Cofilin-1,Protein diaphanous homolog 1,0.2870806970064003,False
entière,Inositol-trisphosphate 3-kinase A,Protein diaphanous homolog 1,0.7865613625020088,False
entière,Actin-related protein 2/3 complex subunit 1B,Inositol-trisphosphate 3-kinase A,0.29572837248692724,False
entière,Unconventional myosin-Ib,Vinculin,0.550120879799019,False
entière,Gelsolin,Cofilin (UNC-60B),0.5003068746019658,False
entière,Plastin-3,Spectrin beta chain,0.6905885224882516,True
entière,Utrophin,Catenin alpha-1,0.3672946703933467,False
entière,Actin-related protein 2/3 complex subunit 1B,Utrophin,0.3854693991075764,False
entière,Actin-related protein 2/3 complex subunit 1,Myosin heavy chain 4,0.32205711147516863,False
entière,beta-cardiac myosin II,Myosin-6,0.9457804190451615,True
entière,Myosin-7,Myosin-A,0.8913155562085129,True
entière,Myosin-A,Myosin-6,0.8978309369237463,True
entière,Cofilin (UNC-60B),Alpha-catenin-like protein hmp-1,0.29171894430306117,False
entière,Gelsolin,Cofilin-1,0.46388030606390446,False
entière,Cofilin-1,Cofilin-2,0.97239370174453,True
entière,Inverted formin-2,Catenin alpha-1,0.3998827410592766,False
entière,Cofilin,Catenin alpha-1,0.2862453302997702,False
entière,Cofilin-2,Catenin alpha-1,0.2857047323555194,False
entière,Vinculin,"Myosin-14,Alpha-actinin A",0.549829234193495,False
entière,Cofilin-2,Alpha-catenin-like protein hmp-1,0.2978819223829913,False
entière,Gelsolin,Cofilin-2,0.46478141907237425,False
entière,Leiomodin-2,Tropomodulin-1,0.9631727597620265,True
entière,Protein diaphanous homolog 1,Catenin alpha-1,0.4085658942756134,False
entière,Filamin-A,Catenin alpha-1,0.37863557957782346,False
entière,"Troponin T2, cardiac type","Isoform A2 of Troponin T, cardiac muscle",0.9397150840916519,True
entière,Unconventional myosin-Ib,"Myosin-14,Alpha-actinin A",0.8262891831967173,True
entière,Cofilin-1,Catenin alpha-1,0.27585246944140474,False
entière,Inositol-trisphosphate 3-kinase A,Talin-1,0.6698090904462631,False
entière,Plastin-3,Inositol-trisphosphate 3-kinase A,0.660496146569899,False
entière,Cofilin,Cofilin-2,0.8098301535028228,False
entière,Myosin-7,"Maltose/maltodextrin-binding periplasmic protein,Adenylate cyclase ExoY",0.3281503274616262,False
entière,Inositol-trisphosphate 3-kinase A,Spectrin beta chain,0.6562709422827043,False
entière,Gelsolin,Catenin alpha-1,0.29499247359872943,False
entière,Actin-related protein 2/3 complex subunit 1B,Epididymis secretory protein Li 37,0.3734219297601213,False
entière,Talin-1,Spectrin beta chain,0.37319915957649824,False
entière,Epididymis secretory protein Li 37,Filamin-A,0.7436770253178646,True
entière,Filamin-A,Utrophin,0.8803415672281806,True
entière,Inverted formin-2,Cofilin-1,0.27844828048549913,False
entière,Epididymis secretory protein Li 37,Catenin alpha-1,0.3977691591926985,False
entière,Adducin 1,Beta-adducin,0.4039992616220016,True
entière,Inverted formin-2,Cofilin,0.29435976537611214,False
entière,Cofilin (UNC-60B),Catenin alpha-1,0.2883828796322575,False
entière,Myosin heavy chain 4,Myosin-6,0.974670106980091,True
entière,Actin-related protein 2/3 complex subunit 1,Myosin-6,0.3303296674076393,False
entière,Myosin-A,"Myosin-14,Alpha-actinin A",0.9111320701748346,True
entière,Myosin heavy chain 4,beta-cardiac myosin II,0.9414964591798688,True
entière,Myosin-7,"Myosin-14,Alpha-actinin A",0.9344955494841238,True
entière,Actin-related protein 2/3 complex subunit 1B,Actin-related protein 2/3 complex subunit 1,0.9115866332930511,True
entière,Myosin-7,Myosin-6,0.9623344338721662,True
entière,Myosin-A,Unconventional myosin-Ib,0.8469943397580848,True
entière,Inverted formin-2,Gelsolin,0.19119866286178286,False
entière,Inverted formin-2,Cofilin-2,0.282173011924865,False
entière,Myosin-6,"Myosin-14,Alpha-actinin A",0.928626365125586,True
entière,Spectrin beta chain,Alpha-catenin-like protein hmp-1,0.3491976439686269,False
entière,Inverted formin-2,Protein diaphanous homolog 1,0.8412530803986159,True
entière,Actin-related protein 2,Actin-related protein 3,0.8693914135439658,True
entière,Inositol-trisphosphate 3-kinase A,Gelsolin,0.67354142043973,False
entière,Cofilin (UNC-60B),Cofilin,0.9979469281816788,False
entière,Myosin-A,Vinculin,0.5668906866331984,False
entière,Adducin 1,Cell invasion protein SipA,0.36170559769833055,False
entière,Actin-related protein 2/3 complex subunit 1B,Filamin-A,0.3625836937639288,False
entière,Actin-related protein 2/3 complex subunit 1,Inositol-trisphosphate 3-kinase A,0.5908951419059926,False
entière,Inverted formin-2,Alpha-catenin-like protein hmp-1,0.4344545351985436,False
entière,Gelsolin,Alpha-catenin-like protein hmp-1,0.29897903248491703,False
entière,Myosin-7,Unconventional myosin-Ib,0.8191068835432171,True
entière,Catenin alpha-1,Alpha-catenin-like protein hmp-1,0.9045053082003927,True
entière,Isoform 2 of F-actin-capping protein subunit beta,F-actin-capping protein subunit beta,0.9583601052696451,True
entière,Inverted formin-2,Cofilin (UNC-60B),0.2786549783041283,False
entière,Myosin-6,Vinculin,0.5380633537079524,False
entière,Plastin-3,Epididymis secretory protein Li 37,0.9588772354439211,True
entière,Cofilin (UNC-60B),Cofilin-2,0.808972529768309,False
entière,Cofilin-1,Alpha-catenin-like protein hmp-1,0.291919666818979,False
entière,Cofilin-1,Cofilin,0.7838605179629833,False
entière,Gelsolin,Protein diaphanous homolog 1,0.19247146166816476,False
entière,"WD repeat-containing protein 1,Methylated-DNA--protein-cysteine methyltransferase",Actin-interacting protein 1,0.9638446036400774,True
entière,Cofilin,Alpha-catenin-like protein hmp-1,0.26360005682620424,False
entière,Myosin-7,Vinculin,0.5229146718017774,False
entière,VopV,Vibrio VopV,0.6719105534492898,True
entière,Spectrin beta chain,Catenin alpha-1,0.3805193821341245,False
entière,Actin-related protein 2/3 complex subunit 2,Dematin actin binding protein,0.2149246622181623,False
entière,Plastin-3,Talin-1,0.27327233009208146,False
entière,Unconventional myosin-Ib,Myosin-6,0.8314587641097643,True
entière,Epididymis secretory protein Li 37,Utrophin,0.7550156691281887,True
entière,Inositol-trisphosphate 3-kinase A,Catenin alpha-1,0.6950114504003074,False
