site_cluster,n_abp,domaine_commun,meme_fold,domaines_communs,abp_title,pdb,chain,uniprot,fold_cluster,pfam_domains,interpro_domains
6685_6,6,NON,NON,,"Myosin-14,Alpha-actinin A",5jlh,F,Q7Z406;P05095,Myosin_14_Alpha_actinin_A__5jlh_F,Ca2+ insensitive EF hand | Calponin homology (CH) domain | EF-hand domain pair | Myosin N-terminal SH3-like domain | Myosin head (motor domain) | Spectrin repeat,"CH domain superfamily | Calponin homology domain | EF-hand domain | EF-hand domain pair | EF-hand, Ca insensitive | Kinesin motor domain superfamily | Myosin S1 fragment, N-terminal | Myosin head, motor domain-like | Myosin tail | Myosin, SH3 domain | P-loop containing nucleoside triphosphate hydrolase | Spectrin repeat | Spectrin/alpha-actinin"
6685_6,6,NON,NON,,Myosin-6,8zbn,A,Q02566,Myosin_14_Alpha_actinin_A__5jlh_F,Myosin N-terminal SH3-like domain | Myosin head (motor domain),"DNA repair protein XRCC4-like, C-terminal | Kinesin motor domain superfamily | Myosin S1 fragment, N-terminal | Myosin head, motor domain-like | Myosin tail | Myosin, SH3 domain | P-loop containing nucleoside triphosphate hydrolase"
6685_6,6,NON,NON,,Myosin-7,7jh7,G,P79293,Myosin_14_Alpha_actinin_A__5jlh_F,Myosin N-terminal SH3-like domain | Myosin head (motor domain),"DNA repair protein XRCC4-like, C-terminal | Kinesin motor domain superfamily | Myosin S1 fragment, N-terminal | Myosin head, motor domain-like | Myosin tail | Myosin, SH3 domain | P-loop containing nucleoside triphosphate hydrolase"
6685_6,6,NON,NON,,Myosin-A,7aln,F,Q8IDR3,Myosin_14_Alpha_actinin_A__5jlh_F,Myosin head (motor domain),"Class XIV myosin, motor domain | Kinesin motor domain superfamily | Myosin head, motor domain-like | P-loop containing nucleoside triphosphate hydrolase"
6685_6,6,NON,NON,,Unconventional myosin-Ib,6c1g,P,Q05096,Myosin_14_Alpha_actinin_A__5jlh_F,"Myosin head (motor domain) | Unconventional myosin tail, actin- and lipid-binding","Class I myosin tail homology domain | Class I myosin, motor domain | Kinesin motor domain superfamily | Myosin head, motor domain-like | P-loop containing nucleoside triphosphate hydrolase"
6685_6,6,NON,NON,,Vinculin,6upw,L,P18206,Vinculin__6upw_L,Vinculin family,Alpha-catenin/vinculin-like superfamily | Vinculin | Vinculin/alpha-catenin
6685_0,5,NON,NON,,Alpha-catenin-like protein hmp-1,7uuw,H,P90947,Vinculin__6upw_L,Vinculin family,Alpha-catenin | Alpha-catenin/vinculin-like superfamily | Vinculin/alpha-catenin
6685_0,5,NON,NON,,Catenin alpha-1,6wvt,N,P26231,Vinculin__6upw_L,Vinculin family,Alpha-catenin | Alpha-catenin/vinculin-like superfamily | Vinculin/alpha-catenin
6685_0,5,NON,NON,,Cofilin-1,6vao,J,P23528,Cofilin_1__6vao_J,Cofilin/tropomyosin-type actin-binding protein,ADF-H/Gelsolin-like domain superfamily | ADF/Cofilin | Actin-depolymerising factor homology domain
6685_0,5,NON,NON,,Cofilin-2,9q7k,a,Q9Y281,Cofilin_1__6vao_J,Cofilin/tropomyosin-type actin-binding protein,ADF-H/Gelsolin-like domain superfamily | ADF/Cofilin | Actin-depolymerising factor homology domain
6685_0,5,NON,NON,,Inverted formin-2,9az4,G,Q27J81,Inverted_formin_2__9az4_G,Diaphanous FH3 Domain | Diaphanous GTPase-binding Domain | Formin Homology 2 Domain,"Armadillo-like helical | Armadillo-type fold | Formin, FH2 domain | Formin, FH2 domain superfamily | Formin, FH3 domain | Formin, GTPase-binding domain | Rho GTPase-binding/formin homology 3 (GBD/FH3) domain | WH2 domain"
6685_15,4,NON,NON,,Actin-related protein 2/3 complex subunit 1B,7tpt,C,Q58CQ2,Actin_related_protein_2_3_complex_subunit_1__8e9b_C,"WD domain, G-beta repeat",Actin-related protein 2/3 complex subunit 1 | WD40 repeat | WD40-repeat-containing domain superfamily | WD40/YVTN repeat-like-containing domain superfamily
6685_15,4,NON,NON,,Epididymis secretory protein Li 37,6vec,a,P13796,Plastin_3__7r94_F,Calponin homology (CH) domain | EF-hand domain pair,CH domain superfamily | Calponin homology domain | EF-hand domain | EF-hand domain pair | Fimbrin/Plastin
6685_15,4,NON,NON,,Filamin-A,6d8c,A,P21333,Utrophin__6m5g_F,Calponin homology (CH) domain | Filamin/ABP280 repeat,CH domain superfamily | Calponin homology domain | Filamin family | Filamin/ABP280 repeat | Filamin/ABP280 repeat-like | Immunoglobulin E-set | Immunoglobulin-like fold
6685_15,4,NON,NON,,Utrophin,6m5g,F,P46939,Utrophin__6m5g_F,"Calponin homology (CH) domain | EF hand | EF-hand | Spectrin repeat | Zinc finger, ZZ type","CH domain superfamily | Calponin homology domain | Dystrophin/utrophin | EF-hand domain pair | EF-hand domain, type 1 | EF-hand domain, type 2 | KCMF1 and Dystrophin | Spectrin repeat | Spectrin/alpha-actinin | WW domain | WW domain superfamily | Zinc finger, ZZ-type | Zinc finger, ZZ-type superfamily"
6685_121,4,NON,NON,,Inositol-trisphosphate 3-kinase A,9gob,F,P17105,Inositol_trisphosphate_3_kinase_A__9gob_F,Inositol polyphosphate kinase,Inositol polyphosphate kinase | Inositol polyphosphate kinase superfamily
6685_121,4,NON,NON,,Plastin-3,7r94,F,P13797,Plastin_3__7r94_F,Calponin homology (CH) domain | EF-hand domain pair,CH domain superfamily | Calponin homology domain | EF-hand domain | EF-hand domain pair | Fimbrin/Plastin
6685_121,4,NON,NON,,Spectrin beta chain,8iah,M,A0A480J001,Utrophin__6m5g_F,Calponin homology (CH) domain | Spectrin repeat,"CH domain superfamily | Calponin homology domain | Spectrin repeat | Spectrin, beta subunit | Spectrin/alpha-actinin"
6685_121,4,NON,NON,,Talin-1,9az6,H,P26039,Talin_1__9az6_H,"I/LWEQ domain | N-terminal or F0 domain of Talin-head FERM | PTB domain (IRS-1 type) | Talin 1-like, rod segment domain | Talin IBS2B domain | Talin VBS2 domain | Talin, R4 domain | Talin, middle domain | Vinculin Binding Site","Alpha-catenin/vinculin-like superfamily | Band 4.1 domain | FERM central domain | FERM domain | FERM superfamily, second domain | FERM/acyl-CoA-binding protein superfamily | I/LWEQ domain | I/LWEQ domain superfamily | IRS-type PTB domain | PH-like domain superfamily | Talin 1-like, rod-segment domain | Talin, IBS2B domain | Talin, N-terminal F0 domain | Talin, R4 domain | Talin, central | Talin, central domain superfamily | Talin-1/2, VBS2 domain | Talin-1/2, rod-segment | Ubiquitin-like domain superfamily | Vinculin-binding site-containing domain"
6685_16,4,NON,NON,,Catenin alpha-1,6wvt,N,P26231,Vinculin__6upw_L,Vinculin family,Alpha-catenin | Alpha-catenin/vinculin-like superfamily | Vinculin/alpha-catenin
6685_16,4,NON,NON,,Epididymis secretory protein Li 37,6vec,a,P13796,Plastin_3__7r94_F,Calponin homology (CH) domain | EF-hand domain pair,CH domain superfamily | Calponin homology domain | EF-hand domain | EF-hand domain pair | Fimbrin/Plastin
6685_16,4,NON,NON,,Filamin-A,6d8c,A,P21333,Utrophin__6m5g_F,Calponin homology (CH) domain | Filamin/ABP280 repeat,CH domain superfamily | Calponin homology domain | Filamin family | Filamin/ABP280 repeat | Filamin/ABP280 repeat-like | Immunoglobulin E-set | Immunoglobulin-like fold
6685_16,4,NON,NON,,Utrophin,6m5g,F,P46939,Utrophin__6m5g_F,"Calponin homology (CH) domain | EF hand | EF-hand | Spectrin repeat | Zinc finger, ZZ type","CH domain superfamily | Calponin homology domain | Dystrophin/utrophin | EF-hand domain pair | EF-hand domain, type 1 | EF-hand domain, type 2 | KCMF1 and Dystrophin | Spectrin repeat | Spectrin/alpha-actinin | WW domain | WW domain superfamily | Zinc finger, ZZ-type | Zinc finger, ZZ-type superfamily"
6685_200,3,NON,NON,,Cofilin-1,6vao,J,P23528,Cofilin_1__6vao_J,Cofilin/tropomyosin-type actin-binding protein,ADF-H/Gelsolin-like domain superfamily | ADF/Cofilin | Actin-depolymerising factor homology domain
6685_200,3,NON,NON,,Inverted formin-2,9az4,G,Q27J81,Inverted_formin_2__9az4_G,Diaphanous FH3 Domain | Diaphanous GTPase-binding Domain | Formin Homology 2 Domain,"Armadillo-like helical | Armadillo-type fold | Formin, FH2 domain | Formin, FH2 domain superfamily | Formin, FH3 domain | Formin, GTPase-binding domain | Rho GTPase-binding/formin homology 3 (GBD/FH3) domain | WH2 domain"
6685_200,3,NON,NON,,Protein diaphanous homolog 1,9b27,G,O08808,Inverted_formin_2__9az4_G,Diaphanous FH3 Domain | Diaphanous GTPase-binding Domain | Formin Homology 2 Domain | Formin Homology Region 1,"Armadillo-like helical | Armadillo-type fold | DRF autoregulatory | Diaphanous autoregulatory domain | Diaphanous, GTPase-binding domain superfamily | Formin Homology Diaphanous subfamily | Formin, FH2 domain | Formin, FH2 domain superfamily | Formin, FH3 domain | Formin, GTPase-binding domain | Rho GTPase-binding/formin homology 3 (GBD/FH3) domain"
6685_193,3,NON,NON,,Actin-related protein 2/3 complex subunit 1,8e9b,C,P78774,Actin_related_protein_2_3_complex_subunit_1__8e9b_C,"WD domain, G-beta repeat",Actin-related protein 2/3 complex subunit 1 | WD40 repeat | WD40-repeat-containing domain superfamily | WD40/YVTN repeat-like-containing domain superfamily
6685_193,3,NON,NON,,Myosin heavy chain 4,8zbm,A,F1LRV9,Myosin_14_Alpha_actinin_A__5jlh_F,Myosin N-terminal SH3-like domain | Myosin head (motor domain),"DNA repair protein XRCC4-like, C-terminal | Kinesin motor domain superfamily | Myosin S1 fragment, N-terminal | Myosin head, motor domain-like | Myosin tail | Myosin, SH3 domain | P-loop containing nucleoside triphosphate hydrolase"
6685_193,3,NON,NON,,Myosin-6,8zbn,A,Q02566,Myosin_14_Alpha_actinin_A__5jlh_F,Myosin N-terminal SH3-like domain | Myosin head (motor domain),"DNA repair protein XRCC4-like, C-terminal | Kinesin motor domain superfamily | Myosin S1 fragment, N-terminal | Myosin head, motor domain-like | Myosin tail | Myosin, SH3 domain | P-loop containing nucleoside triphosphate hydrolase"
6685_102,3,NON,NON,,Catenin alpha-1,6wvt,N,P26231,Vinculin__6upw_L,Vinculin family,Alpha-catenin | Alpha-catenin/vinculin-like superfamily | Vinculin/alpha-catenin
6685_102,3,NON,NON,,Inositol-trisphosphate 3-kinase A,9gob,F,P17105,Inositol_trisphosphate_3_kinase_A__9gob_F,Inositol polyphosphate kinase,Inositol polyphosphate kinase | Inositol polyphosphate kinase superfamily
6685_102,3,NON,NON,,Protein diaphanous homolog 1,9b27,G,O08808,Inverted_formin_2__9az4_G,Diaphanous FH3 Domain | Diaphanous GTPase-binding Domain | Formin Homology 2 Domain | Formin Homology Region 1,"Armadillo-like helical | Armadillo-type fold | DRF autoregulatory | Diaphanous autoregulatory domain | Diaphanous, GTPase-binding domain superfamily | Formin Homology Diaphanous subfamily | Formin, FH2 domain | Formin, FH2 domain superfamily | Formin, FH3 domain | Formin, GTPase-binding domain | Rho GTPase-binding/formin homology 3 (GBD/FH3) domain"
6685_97,3,OUI,OUI,PF00063;PF02736,Myosin heavy chain 4,8zbm,A,F1LRV9,Myosin_14_Alpha_actinin_A__5jlh_F,Myosin N-terminal SH3-like domain | Myosin head (motor domain),"DNA repair protein XRCC4-like, C-terminal | Kinesin motor domain superfamily | Myosin S1 fragment, N-terminal | Myosin head, motor domain-like | Myosin tail | Myosin, SH3 domain | P-loop containing nucleoside triphosphate hydrolase"
6685_97,3,OUI,OUI,PF00063;PF02736,Myosin-6,8zbn,A,Q02566,Myosin_14_Alpha_actinin_A__5jlh_F,Myosin N-terminal SH3-like domain | Myosin head (motor domain),"DNA repair protein XRCC4-like, C-terminal | Kinesin motor domain superfamily | Myosin S1 fragment, N-terminal | Myosin head, motor domain-like | Myosin tail | Myosin, SH3 domain | P-loop containing nucleoside triphosphate hydrolase"
6685_97,3,OUI,OUI,PF00063;PF02736,beta-cardiac myosin II,8efh,A,P12883,Myosin_14_Alpha_actinin_A__5jlh_F,Myosin N-terminal SH3-like domain | Myosin head (motor domain),"DNA repair protein XRCC4-like, C-terminal | Kinesin motor domain superfamily | Myosin S1 fragment, N-terminal | Myosin head, motor domain-like | Myosin tail | Myosin, SH3 domain | P-loop containing nucleoside triphosphate hydrolase"
6685_144,3,NON,NON,,Actin-related protein 2/3 complex subunit 1,8e9b,C,P78774,Actin_related_protein_2_3_complex_subunit_1__8e9b_C,"WD domain, G-beta repeat",Actin-related protein 2/3 complex subunit 1 | WD40 repeat | WD40-repeat-containing domain superfamily | WD40/YVTN repeat-like-containing domain superfamily
6685_144,3,NON,NON,,Actin-related protein 2/3 complex subunit 1B,7tpt,C,Q58CQ2,Actin_related_protein_2_3_complex_subunit_1__8e9b_C,"WD domain, G-beta repeat",Actin-related protein 2/3 complex subunit 1 | WD40 repeat | WD40-repeat-containing domain superfamily | WD40/YVTN repeat-like-containing domain superfamily
6685_144,3,NON,NON,,Inositol-trisphosphate 3-kinase A,9gob,F,P17105,Inositol_trisphosphate_3_kinase_A__9gob_F,Inositol polyphosphate kinase,Inositol polyphosphate kinase | Inositol polyphosphate kinase superfamily
6685_141,3,NON,NON,,Alpha-catenin-like protein hmp-1,7uuw,H,P90947,Vinculin__6upw_L,Vinculin family,Alpha-catenin | Alpha-catenin/vinculin-like superfamily | Vinculin/alpha-catenin
6685_141,3,NON,NON,,Catenin alpha-1,6wvt,N,P26231,Vinculin__6upw_L,Vinculin family,Alpha-catenin | Alpha-catenin/vinculin-like superfamily | Vinculin/alpha-catenin
6685_141,3,NON,NON,,Spectrin beta chain,8iah,M,A0A480J001,Utrophin__6m5g_F,Calponin homology (CH) domain | Spectrin repeat,"CH domain superfamily | Calponin homology domain | Spectrin repeat | Spectrin, beta subunit | Spectrin/alpha-actinin"
6685_150,2,OUI,OUI*,PF00596,Adducin 1,8iah,0,A0A8D1Q0D0,Adducin_1__8iah_0,Class II Aldolase and Adducin N-terminal domain,Aldolase class II Adducin subfamily | Class II aldolase/adducin N-terminal | Class II aldolase/adducin N-terminal domain superfamily
6685_150,2,OUI,OUI*,PF00596,Beta-adducin,8iah,3,I3L5B0,Beta_adducin__8iah_3,Class II Aldolase and Adducin N-terminal domain,Aldolase class II Adducin subfamily | Class II aldolase/adducin N-terminal | Class II aldolase/adducin N-terminal domain superfamily
6685_25,2,NON,NON,,"Maltose/maltodextrin-binding periplasmic protein,Adenylate cyclase ExoY",7p1g,O,P0AEX9;Q9I1S4,Maltose_maltodextrin_binding_periplasmic_protein_A__7p1g_O,Anthrax toxin LF subunit | Bacterial extracellular solute-binding protein,"Anthrax toxin, edema factor, C-terminal | Anthrax toxin, edema factor, central | Anthrax toxin, edema factor, central domain superfamily | Bacterial-type extracellular solute-binding protein | Maltose/Cyclodextrin ABC transporter, substrate-binding protein"
6685_25,2,NON,NON,,Myosin-7,7jh7,G,P79293,Myosin_14_Alpha_actinin_A__5jlh_F,Myosin N-terminal SH3-like domain | Myosin head (motor domain),"DNA repair protein XRCC4-like, C-terminal | Kinesin motor domain superfamily | Myosin S1 fragment, N-terminal | Myosin head, motor domain-like | Myosin tail | Myosin, SH3 domain | P-loop containing nucleoside triphosphate hydrolase"
6685_136,2,OUI,OUI,PF00992,"Isoform A2 of Troponin T, cardiac muscle",9e2e,K,P50752,Troponin_T2_cardiac_type__8dd0_K,Troponin,Troponin | Troponin T | Troponin domain superfamily
6685_136,2,OUI,OUI,PF00992,"Troponin T2, cardiac type",8dd0,K,I3LS66,Troponin_T2_cardiac_type__8dd0_K,Troponin,Troponin | Troponin T | Troponin domain superfamily
6685_3,2,OUI,OUI,PF00022,Actin-related protein 2,7tpt,B,A7MB62,Actin_related_protein_2__7tpt_B,Actin,"ATPase, nucleotide binding domain | Actin family"
6685_3,2,OUI,OUI,PF00022,Actin-related protein 3,7tpt,A,P61157,Actin_related_protein_2__7tpt_B,Actin,"ATPase, nucleotide binding domain | Actin family"
6685_29,2,OUI,OUI,PF00307;PF13499,Epididymis secretory protein Li 37,6vec,a,P13796,Plastin_3__7r94_F,Calponin homology (CH) domain | EF-hand domain pair,CH domain superfamily | Calponin homology domain | EF-hand domain | EF-hand domain pair | Fimbrin/Plastin
6685_29,2,OUI,OUI,PF00307;PF13499,Plastin-3,7r94,F,P13797,Plastin_3__7r94_F,Calponin homology (CH) domain | EF-hand domain pair,CH domain superfamily | Calponin homology domain | EF-hand domain | EF-hand domain pair | Fimbrin/Plastin
6685_259,2,OUI,OUI,,Vibrio VopV,9p3d,c,A0A250E4R0,VopV__9p1i_c,(non annote),
6685_259,2,OUI,OUI,,VopV,9p1i,c,A0A250E4R0,VopV__9p1i_c,(non annote),
6685_258,2,OUI,OUI,,Vibrio VopV,9p3d,c,A0A250E4R0,VopV__9p1i_c,(non annote),
6685_258,2,OUI,OUI,,VopV,9p1i,c,A0A250E4R0,VopV__9p1i_c,(non annote),
6685_257,2,OUI,OUI,,Vibrio VopV,9p3d,c,A0A250E4R0,VopV__9p1i_c,(non annote),
6685_257,2,OUI,OUI,,VopV,9p1i,c,A0A250E4R0,VopV__9p1i_c,(non annote),
6685_21,2,OUI,OUI,PF00241,Cofilin-1,6vao,J,P23528,Cofilin_1__6vao_J,Cofilin/tropomyosin-type actin-binding protein,ADF-H/Gelsolin-like domain superfamily | ADF/Cofilin | Actin-depolymerising factor homology domain
6685_21,2,OUI,OUI,PF00241,Cofilin-2,9q7k,a,Q9Y281,Cofilin_1__6vao_J,Cofilin/tropomyosin-type actin-binding protein,ADF-H/Gelsolin-like domain superfamily | ADF/Cofilin | Actin-depolymerising factor homology domain
6685_211,2,OUI,OUI,PF02181;PF06367;PF06371,Inverted formin-2,9az4,G,Q27J81,Inverted_formin_2__9az4_G,Diaphanous FH3 Domain | Diaphanous GTPase-binding Domain | Formin Homology 2 Domain,"Armadillo-like helical | Armadillo-type fold | Formin, FH2 domain | Formin, FH2 domain superfamily | Formin, FH3 domain | Formin, GTPase-binding domain | Rho GTPase-binding/formin homology 3 (GBD/FH3) domain | WH2 domain"
6685_211,2,OUI,OUI,PF02181;PF06367;PF06371,Protein diaphanous homolog 1,9b27,G,O08808,Inverted_formin_2__9az4_G,Diaphanous FH3 Domain | Diaphanous GTPase-binding Domain | Formin Homology 2 Domain | Formin Homology Region 1,"Armadillo-like helical | Armadillo-type fold | DRF autoregulatory | Diaphanous autoregulatory domain | Diaphanous, GTPase-binding domain superfamily | Formin Homology Diaphanous subfamily | Formin, FH2 domain | Formin, FH2 domain superfamily | Formin, FH3 domain | Formin, GTPase-binding domain | Rho GTPase-binding/formin homology 3 (GBD/FH3) domain"
6685_151,2,OUI,OUI*,PF00596,Adducin 1,8iah,0,A0A8D1Q0D0,Adducin_1__8iah_0,Class II Aldolase and Adducin N-terminal domain,Aldolase class II Adducin subfamily | Class II aldolase/adducin N-terminal | Class II aldolase/adducin N-terminal domain superfamily
6685_151,2,OUI,OUI*,PF00596,Beta-adducin,8iah,3,I3L5B0,Beta_adducin__8iah_3,Class II Aldolase and Adducin N-terminal domain,Aldolase class II Adducin subfamily | Class II aldolase/adducin N-terminal | Class II aldolase/adducin N-terminal domain superfamily
6685_138,2,OUI,OUI,PF00992,"Isoform A2 of Troponin T, cardiac muscle",9e2e,K,P50752,Troponin_T2_cardiac_type__8dd0_K,Troponin,Troponin | Troponin T | Troponin domain superfamily
6685_138,2,OUI,OUI,PF00992,"Troponin T2, cardiac type",8dd0,K,I3LS66,Troponin_T2_cardiac_type__8dd0_K,Troponin,Troponin | Troponin T | Troponin domain superfamily
6685_169,2,OUI,OUI,PF01115,F-actin-capping protein subunit beta,8f8q,H,P47756,Isoform_2_of_F_actin_capping_protein_subunit_beta__8p94_V,"F-actin capping protein, beta subunit","F-actin-capping protein subunit alpha/beta | F-actin-capping protein subunit alpha/beta, domain 2 | F-actin-capping protein subunit beta | F-actin-capping protein subunit beta, N-terminal domain"
6685_169,2,OUI,OUI,PF01115,Isoform 2 of F-actin-capping protein subunit beta,8p94,V,P47757,Isoform_2_of_F_actin_capping_protein_subunit_beta__8p94_V,"F-actin capping protein, beta subunit","F-actin-capping protein subunit alpha/beta | F-actin-capping protein subunit alpha/beta, domain 2 | F-actin-capping protein subunit beta | F-actin-capping protein subunit beta, N-terminal domain"
6685_145,2,OUI,OUI,PF00400,Actin-related protein 2/3 complex subunit 1,8e9b,C,P78774,Actin_related_protein_2_3_complex_subunit_1__8e9b_C,"WD domain, G-beta repeat",Actin-related protein 2/3 complex subunit 1 | WD40 repeat | WD40-repeat-containing domain superfamily | WD40/YVTN repeat-like-containing domain superfamily
6685_145,2,OUI,OUI,PF00400,Actin-related protein 2/3 complex subunit 1B,7tpt,C,Q58CQ2,Actin_related_protein_2_3_complex_subunit_1__8e9b_C,"WD domain, G-beta repeat",Actin-related protein 2/3 complex subunit 1 | WD40 repeat | WD40-repeat-containing domain superfamily | WD40/YVTN repeat-like-containing domain superfamily
6685_154,2,NON,NON,,Adducin 1,8iah,0,A0A8D1Q0D0,Adducin_1__8iah_0,Class II Aldolase and Adducin N-terminal domain,Aldolase class II Adducin subfamily | Class II aldolase/adducin N-terminal | Class II aldolase/adducin N-terminal domain superfamily
6685_154,2,NON,NON,,Cell invasion protein SipA,8uee,A,P0CL52,Cell_invasion_protein_SipA__8uee_A,"Salmonella Invasion protein A, C-terminal actin binding domain | SipA N-terminal domain","Cell invasion protein SipA, C-terminal actin binding domain | SPI-1 type III secretion system effector SipA | Salmonella invasion protein A, C-terminal actin-binding domain superfamily | Salmonella invasion protein A, N-terminal | Salmonella invasion protein A, chaperone-binding"
6685_152,2,OUI,OUI*,PF00596,Adducin 1,8iah,0,A0A8D1Q0D0,Adducin_1__8iah_0,Class II Aldolase and Adducin N-terminal domain,Aldolase class II Adducin subfamily | Class II aldolase/adducin N-terminal | Class II aldolase/adducin N-terminal domain superfamily
6685_152,2,OUI,OUI*,PF00596,Beta-adducin,8iah,3,I3L5B0,Beta_adducin__8iah_3,Class II Aldolase and Adducin N-terminal domain,Aldolase class II Adducin subfamily | Class II aldolase/adducin N-terminal | Class II aldolase/adducin N-terminal domain superfamily
6685_168,2,NON,NON,,Actin-related protein 2/3 complex subunit 2,7tpt,D,Q3MHR7,Actin_related_protein_2_3_complex_subunit_2__7tpt_D,"Arp2/3 complex, 34 kD subunit p34-Arc",Actin-related protein 2/3 complex subunit 2 | Arp2/3 complex subunit 2/4
6685_168,2,NON,NON,,Dematin actin binding protein,8iah,5,F1RMC1,Dematin_actin_binding_protein__8iah_5,Putative adherens-junction anchoring region of AbLIM | Villin headpiece domain,Actin-binding LIM | Putative adherens-junction anchoring domain | Villin headpiece | Villin headpiece domain superfamily
