"start","end","mean","state","type","protein"
1,79,0.258475470733825,0,"GEMME","query"
80,199,0.508683354024078,2,"GEMME","query"
200,213,0.0987339821477966,0,"GEMME","query"
214,289,0.592577704512444,2,"GEMME","query"
290,401,0.371800644974049,0,"GEMME","query"
402,552,0.589777980345937,2,"GEMME","query"
553,576,0.314426595736056,0,"GEMME","query"
577,612,0.537203838934668,2,"GEMME","query"
613,638,0.167335537470782,0,"GEMME","query"
639,1060,0.43832228003914,2,"GEMME","query"
1061,1105,0.333541923321449,0,"GEMME","query"
1106,1221,0.484549862047952,2,"GEMME","query"
1222,1319,0.309952033551893,0,"GEMME","query"
1320,1925,0.417995409161694,2,"GEMME","query"
1926,1935,0.075466400832374,0,"GEMME","query"
1,5,0.6514,0,"pLDDT","query"
6,200,0.851410256410256,2,"pLDDT","query"
201,204,0.60075,1,"pLDDT","query"
205,212,0.45725,0,"pLDDT","query"
213,214,0.588,1,"pLDDT","query"
215,403,0.886047619047619,2,"pLDDT","query"
404,409,0.719333333333333,0,"pLDDT","query"
410,510,0.859237623762376,2,"pLDDT","query"
511,542,0.822375,0,"pLDDT","query"
543,566,0.87025,2,"pLDDT","query"
567,575,0.636444444444444,0,"pLDDT","query"
576,594,0.873,2,"pLDDT","query"
595,603,0.739333333333333,0,"pLDDT","query"
604,622,0.889105263157895,2,"pLDDT","query"
623,625,0.647,1,"pLDDT","query"
626,643,0.374833333333333,0,"pLDDT","query"
644,645,0.5675,1,"pLDDT","query"
646,730,0.8454,2,"pLDDT","query"
731,736,0.649166666666667,0,"pLDDT","query"
737,766,0.848966666666667,2,"pLDDT","query"
767,771,0.7042,0,"pLDDT","query"
772,896,0.85424,2,"pLDDT","query"
897,957,0.792803278688525,1,"pLDDT","query"
958,963,0.688833333333333,1,"pLDDT","query"
964,1001,0.579315789473684,0,"pLDDT","query"
1002,1051,0.62616,1,"pLDDT","query"
1052,1117,0.659530303030303,2,"pLDDT","query"
1118,1142,0.62052,1,"pLDDT","query"
1143,1152,0.5457,1,"pLDDT","query"
1153,1157,0.4028,0,"pLDDT","query"
1158,1175,0.536,1,"pLDDT","query"
1176,1217,0.578928571428571,1,"pLDDT","query"
1218,1349,0.691280303030303,2,"pLDDT","query"
1350,1370,0.617333333333333,1,"pLDDT","query"
1371,1377,0.499142857142857,1,"pLDDT","query"
1378,1381,0.4035,0,"pLDDT","query"
1382,1389,0.518375,1,"pLDDT","query"
1390,1450,0.696491803278689,1,"pLDDT","query"
1451,1513,0.812301587301587,2,"pLDDT","query"
1514,1517,0.6525,1,"pLDDT","query"
1518,1526,0.522,0,"pLDDT","query"
1527,1532,0.6725,1,"pLDDT","query"
1533,1590,0.829862068965517,2,"pLDDT","query"
1591,1675,0.7402,1,"pLDDT","query"
1676,1683,0.66625,1,"pLDDT","query"
1684,1706,0.570434782608696,0,"pLDDT","query"
1707,1763,0.729754385964912,2,"pLDDT","query"
1764,1774,0.630181818181818,1,"pLDDT","query"
1775,1799,0.56364,1,"pLDDT","query"
1800,1817,0.497444444444444,0,"pLDDT","query"
1818,1843,0.599192307692308,1,"pLDDT","query"
1844,1921,0.715551282051282,2,"pLDDT","query"
1922,1927,0.527666666666667,1,"pLDDT","query"
1928,1935,0.380875,0,"pLDDT","query"
