chain,residue,icode,aa,aa3,rsa,resid,aligned
A,1,,M,MET,94.20488003801165,AM1,True
A,2,,S,SER,57.83232657654101,AS2,True
A,3,,V,VAL,75.15333834432072,AV3,True
A,4,,K,LYS,70.00466819693904,AK4,True
A,5,,E,GLU,39.7908708001685,AE5,True
A,6,,G,GLY,28.658006926652128,AG6,True
A,7,,A,ALA,45.448919238796215,AA7,True
A,8,,Q,GLN,59.44159842892365,AQ8,True
A,9,,R,ARG,57.31112542224257,AR9,True
A,10,,K,LYS,64.11696680697992,AK10,True
A,11,,W,TRP,64.66214715640369,AW11,True
A,12,,A,ALA,44.42437037882318,AA12,True
A,13,,A,ALA,34.33788046216837,AA13,True
A,14,,L,LEU,42.600777873387436,AL14,True
A,15,,K,LYS,70.6725122230258,AK15,True
A,16,,E,GLU,66.53660343567796,AE16,True
A,17,,K,LYS,76.66367850595425,AK17,True
A,18,,L,LEU,60.92609107098299,AL18,True
A,19,,G,GLY,32.25527551159645,AG19,True
A,20,,P,PRO,85.20315411645312,AP20,True
A,21,,Q,GLN,71.70114109997284,AQ21,True
A,22,,D,ASP,71.74842226284369,AD22,True
A,23,,S,SER,69.26758601089786,AS23,True
A,24,,D,ASP,48.45462938547038,AD24,True
A,25,,P,PRO,77.17980309740587,AP25,True
A,26,,T,THR,59.793061437167395,AT26,True
A,27,,E,GLU,31.263812015874514,AE27,True
A,28,,A,ALA,15.597807826935652,AA28,True
A,29,,N,ASN,62.41448201579095,AN29,True
A,30,,L,LEU,4.749744236315434,AL30,True
A,31,,E,GLU,59.020590150586465,AE31,True
A,32,,S,SER,71.77346624344695,AS32,True
A,33,,A,ALA,6.147945831800401,AA33,True
A,34,,D,ASP,55.26380520234447,AD34,True
A,35,,P,PRO,4.557087607697797,AP35,True
A,36,,E,GLU,50.3199255599917,AE36,True
A,37,,L,LEU,33.645363232952896,AL37,True
A,38,,C,CYS,1.364722898265052,AC38,True
A,39,,I,ILE,9.195138700811547,AI39,True
A,40,,R,ARG,51.64828312808078,AR40,True
A,41,,L,LEU,18.625111789670356,AL41,True
A,42,,L,LEU,5.942461609611446,AL42,True
A,43,,Q,GLN,40.51486921341014,AQ43,True
A,44,,M,MET,50.942046875334775,AM44,True
A,45,,P,PRO,47.901297652344276,AP45,True
A,46,,S,SER,22.242929998225023,AS46,True
A,47,,V,VAL,31.03514384012661,AV47,True
A,48,,V,VAL,35.33045931305197,AV48,True
A,49,,N,ASN,12.22617640680429,AN49,True
A,50,,Y,TYR,0.0,AY50,True
A,51,,S,SER,19.79464427976913,AS51,True
A,52,,G,GLY,4.382860077120456,AG52,True
A,53,,L,LEU,1.8024301731939047,AL53,True
A,54,,R,ARG,36.3786110185741,AR54,True
A,55,,K,LYS,40.29068084455679,AK55,True
A,56,,R,ARG,9.304617774602884,AR56,True
A,57,,L,LEU,2.1322567643039214,AL57,True
A,58,,E,GLU,44.84755599517221,AE58,True
A,59,,G,GLY,54.93796112807212,AG59,True
A,60,,S,SER,17.36944825390013,AS60,True
A,61,,D,ASP,41.96777771931818,AD61,True
A,62,,G,GLY,22.630341849647397,AG62,True
A,63,,G,GLY,25.829933136841927,AG63,True
A,64,,W,TRP,6.699639238592296,AW64,True
A,65,,M,MET,0.0,AM65,True
A,66,,V,VAL,14.574823297033472,AV66,True
A,67,,Q,GLN,38.77999440536938,AQ67,True
A,68,,F,PHE,0.0,AF68,True
A,69,,L,LEU,1.2016201154626034,AL69,True
A,70,,E,GLU,20.129560847263782,AE70,True
A,71,,Q,GLN,31.340832609975532,AQ71,True
A,72,,S,SER,14.955797074324586,AS72,True
A,73,,G,GLY,0.0,AG73,True
A,74,,L,LEU,0.0,AL74,True
A,75,,D,ASP,11.314864278334714,AD75,True
A,76,,L,LEU,17.685572398662444,AL76,True
A,77,,L,LEU,0.0,AL77,True
A,78,,L,LEU,3.4016227464218463,AL78,True
A,79,,E,GLU,22.223888929013697,AE79,True
A,80,,A,ALA,9.167498569842369,AA80,True
A,81,,L,LEU,0.6008100577313017,AL81,True
A,82,,A,ALA,31.515571035908998,AA82,True
A,83,,R,ARG,55.79695572974527,AR83,True
A,84,,L,LEU,15.950888092123867,AL84,True
A,85,,S,SER,4.235434410550657,AS85,True
A,86,,G,GLY,61.36411306708738,AG86,True
A,87,,R,ARG,62.506828940748775,AR87,True
A,88,,G,GLY,57.34217365366972,AG88,True
A,89,,V,VAL,26.852774039636866,AV89,True
A,90,,A,ALA,69.67584919778837,AA90,True
A,91,,R,ARG,53.508775573936504,AR91,True
A,92,,I,ILE,68.36759448215436,AI92,True
A,93,,S,SER,37.621516531367824,AS93,True
A,94,,D,ASP,22.98249848407149,AD94,True
A,95,,A,ALA,15.914480366417502,AA95,True
A,96,,L,LEU,42.05670404119113,AL96,True
A,97,,L,LEU,10.814581039163427,AL97,True
A,98,,Q,GLN,0.9807967737350738,AQ98,True
A,99,,L,LEU,21.629162078326853,AL99,True
A,100,,T,THR,18.698759474166447,AT100,True
A,101,,C,CYS,0.0,AC101,True
A,102,,V,VAL,1.3880784092412832,AV102,True
A,103,,S,SER,12.61845214005378,AS103,True
A,104,,C,CYS,0.0,AC104,True
A,105,,V,VAL,1.3880784092412832,AV105,True
A,106,,R,ARG,13.795260762577255,AR106,True
A,107,,A,ALA,5.334511998148591,AA107,True
A,108,,V,VAL,0.0,AV108,True
A,109,,M,MET,0.0,AM109,True
A,110,,N,ASN,13.136142746599464,AN110,True
A,111,,S,SER,17.570972301875052,AS111,True
A,112,,R,ARG,61.90737637231066,AR112,True
A,113,,Q,GLN,33.616517801079375,AQ113,True
A,114,,G,GLY,0.0,AG114,True
A,115,,I,ILE,0.0,AI115,True
A,116,,E,GLU,39.36723331401723,AE116,True
A,117,,Y,TYR,9.437167542139354,AY117,True
A,118,,I,ILE,6.743101713928469,AI118,True
A,119,,L,LEU,18.675052171992494,AL119,True
A,120,,S,SER,43.68638749796453,AS120,True
A,121,,N,ASN,27.91894403274882,AN121,True
A,122,,Q,GLN,41.58649886962632,AQ122,True
A,123,,G,GLY,26.33564497272921,AG123,True
A,124,,Y,TYR,5.658612797207503,AY124,True
A,125,,V,VAL,0.6940392046206416,AV125,True
A,126,,R,ARG,25.203255078424835,AR126,True
A,127,,Q,GLN,29.38535319349937,AQ127,True
A,128,,L,LEU,3.004050288656509,AL128,True
A,129,,S,SER,0.0,AS129,True
A,130,,Q,GLN,29.42273110214737,AQ130,True
A,131,,A,ALA,0.0,AA131,True
A,132,,L,LEU,1.5991925732279408,AL132,True
A,133,,D,ASP,42.615492736077684,AD133,True
A,134,,T,THR,7.4540224329950115,AT134,True
A,135,,S,SER,54.88883667518467,AS135,True
A,136,,N,ASN,11.068330351275103,AN136,True
A,137,,V,VAL,29.58152530828458,AV137,True
A,138,,M,MET,46.77286170470328,AM138,True
A,139,,V,VAL,0.0,AV139,True
A,140,,K,LYS,9.316020282888752,AK140,True
A,141,,K,LYS,15.794756420921022,AK141,True
A,142,,Q,GLN,13.662834349184086,AQ142,True
A,143,,V,VAL,0.0,AV143,True
A,144,,F,PHE,0.5031784233499652,AF144,True
A,145,,E,GLU,11.315810091246993,AE145,True
A,146,,L,LEU,1.2016201154626034,AL146,True
A,147,,L,LEU,1.8024301731939047,AL147,True
A,148,,A,ALA,2.808437711720736,AA148,True
A,149,,A,ALA,0.0,AA149,True
A,150,,L,LEU,0.6008100577313017,AL150,True
A,151,,C,CYS,2.0537211970274374,AC151,True
A,152,,I,ILE,22.663175111658482,AI152,True
A,153,,Y,TYR,22.731197908297524,AY153,True
A,154,,S,SER,12.377988557846107,AS154,True
A,155,,P,PRO,57.65138654447065,AP155,True
A,156,,E,GLU,47.36552156307339,AE156,True
A,157,,G,GLY,0.0,AG157,True
A,158,,H,HIS,6.062151824052019,AH158,True
A,159,,V,VAL,54.59432269610448,AV159,True
A,160,,L,LEU,11.347645230239413,AL160,True
A,161,,T,THR,2.337344934270806,AT161,True
A,162,,L,LEU,13.150075403433313,AL162,True
A,163,,D,ASP,21.954198236664052,AD163,True
A,164,,A,ALA,0.936145903906912,AA164,True
A,165,,L,LEU,1.8024301731939047,AL165,True
A,166,,D,ASP,17.572005294085574,AD166,True
A,167,,H,HIS,18.5128164589821,AH167,True
A,168,,Y,TYR,9.784376840022867,AY168,True
A,169,,K,LYS,16.73125986622283,AK169,True
A,170,,T,THR,57.26846947340675,AT170,True
A,171,,V,VAL,48.786666185897225,AV171,True
A,172,,C,CYS,25.54157718573593,AC172,True
A,173,,S,SER,62.424086506363714,AS173,True
A,174,,Q,GLN,29.943277508201817,AQ174,True
A,175,,Q,GLN,58.98439103888057,AQ175,True
A,176,,Y,TYR,49.46004977237156,AY176,True
A,177,,R,ARG,20.26472646218145,AR177,True
A,178,,F,PHE,1.46201868116435,AF178,True
A,179,,S,SER,7.439745414509923,AS179,True
A,180,,I,ILE,6.685213483814096,AI180,True
A,181,,V,VAL,0.6940392046206416,AV181,True
A,182,,M,MET,3.7738381751247374,AM182,True
A,183,,N,ASN,45.79253116945021,AN183,True
A,184,,E,GLU,17.801107318334328,AE184,True
A,185,,L,LEU,1.5991925732279408,AL185,True
A,186,,S,SER,40.02854401752922,AS186,True
A,187,,G,GLY,65.85662681086679,AG187,True
A,188,,S,SER,19.630486942866195,AS188,True
A,189,,D,ASP,71.73476203198932,AD189,True
A,190,,N,ASN,26.468688199462427,AN190,True
A,191,,V,VAL,19.30201748417646,AV191,True
A,192,,P,PRO,45.39959407449093,AP192,True
A,193,,Y,TYR,0.918348453262294,AY193,True
A,194,,V,VAL,0.6940392046206416,AV194,True
A,195,,V,VAL,6.246352841585773,AV195,True
A,196,,T,THR,7.867456026207428,AT196,True
A,197,,L,LEU,0.0,AL197,True
A,198,,L,LEU,0.0,AL198,True
A,199,,S,SER,4.411136593747039,AS199,True
A,200,,V,VAL,4.164235227723849,AV200,True
A,201,,I,ILE,0.0,AI201,True
A,202,,N,ASN,1.098932332372021,AN202,True
A,203,,A,ALA,0.0,AA203,True
A,204,,V,VAL,0.6940392046206416,AV204,True
A,205,,I,ILE,0.6130092467207697,AI205,True
A,206,,L,LEU,14.2839496522406,AL206,True
A,207,,G,GLY,15.715599754706917,AG207,True
A,208,,P,PRO,17.21191282577767,AP208,True
A,209,,E,GLU,70.3250569979589,AE209,True
A,210,,D,ASP,49.562755386106865,AD210,True
A,211,,L,LEU,14.135760257876342,AL211,True
A,212,,R,ARG,49.05230027248656,AR212,True
A,213,,A,ALA,23.10412961528543,AA213,True
A,214,,R,ARG,8.589618804245728,AR214,True
A,215,,T,THR,19.30217226906033,AT215,True
A,216,,Q,GLN,33.60123529116631,AQ216,True
A,217,,L,LEU,5.407290519581715,AL217,True
A,218,,R,ARG,3.8418009140085103,AR218,True
A,219,,N,ASN,46.93120545442672,AN219,True
A,220,,E,GLU,31.055428080766802,AE220,True
A,221,,F,PHE,0.5031784233499652,AF221,True
A,222,,I,ILE,27.438089759435023,AI222,True
A,223,,G,GLY,64.07927076709836,AG223,True
A,224,,L,LEU,19.217019105235067,AL224,True
A,225,,Q,GLN,54.887940178344,AQ225,True
A,226,,L,LEU,0.0,AL226,True
A,227,,L,LEU,36.776002512753465,AL227,True
A,228,,D,ASP,42.76587247478714,AD228,True
A,229,,V,VAL,4.780016276035758,AV229,True
A,230,,L,LEU,7.209720692775622,AL230,True
A,231,,A,ALA,45.87443213399453,AA231,True
A,232,,R,ARG,47.56669843493704,AR232,True
A,233,,L,LEU,7.1419748261203,AL233,True
A,234,,R,ARG,38.692882445340956,AR234,True
A,235,,D,ASP,62.6198004509832,AD235,True
A,236,,L,LEU,39.29692899265613,AL236,True
A,237,,E,GLU,68.66759180930019,AE237,True
A,238,,D,ASP,26.52731536863364,AD238,True
A,239,,A,ALA,50.07555491645361,AA239,True
A,240,,D,ASP,34.795629123874825,AD240,True
A,241,,L,LEU,0.6008100577313017,AL241,True
A,242,,L,LEU,37.444558437140095,AL242,True
A,243,,I,ILE,32.351247241706176,AI243,True
A,244,,Q,GLN,0.4903983868675369,AQ244,True
A,245,,L,LEU,0.6008100577313017,AL245,True
A,246,,E,GLU,48.9011488073089,AE246,True
A,247,,A,ALA,11.659263742081256,AA247,True
A,248,,F,PHE,3.0190705400997913,AF248,True
A,249,,E,GLU,38.36225876808487,AE249,True
A,250,,E,GLU,45.28291092378967,AE250,True
A,251,,A,ALA,11.233750846882945,AA251,True
A,252,,K,LYS,23.662923144436466,AK252,True
A,253,,A,ALA,44.301658308568065,AA253,True
A,254,,E,GLU,31.22903388706757,AE254,True
A,255,,D,ASP,1.8065883192448464,AD255,True
A,256,,E,GLU,39.201580624051935,AE256,True
A,257,,E,GLU,48.19877246577033,AE257,True
A,258,,E,GLU,26.493818792593604,AE258,True
A,259,,L,LEU,21.02835202059556,AL259,True
A,260,,L,LEU,38.928171660344304,AL260,True
A,261,,R,ARG,54.055724561793134,AR261,True
A,262,,V,VAL,65.82461367617834,AV262,True
A,263,,S,SER,20.661610349457586,AS263,True
A,264,,G,GLY,65.35010541071874,AG264,True
A,265,,G,GLY,46.285966627891156,AG265,True
A,266,,V,VAL,15.268862501654114,AV266,True
A,267,,D,ASP,21.942732237362556,AD267,True
A,268,,M,MET,43.569295526034544,AM268,True
A,269,,S,SER,50.2448898243009,AS269,True
A,270,,S,SER,22.571244672030893,AS270,True
A,271,,H,HIS,72.25228890271903,AH271,True
A,272,,Q,GLN,56.349978230315074,AQ272,True
A,273,,E,GLU,34.960357936008826,AE273,True
A,274,,V,VAL,28.914872125140747,AV274,True
A,275,,F,PHE,39.703578855761705,AF275,True
A,276,,A,ALA,25.27593940548662,AA276,True
A,277,,S,SER,29.923138994942626,AS277,True
A,278,,L,LEU,37.79429741153704,AL278,True
A,279,,F,PHE,41.76380913804711,AF279,True
A,280,,H,HIS,60.96381720007631,AH280,True
A,281,,K,LYS,71.20799935319684,AK281,True
A,282,,V,VAL,12.492705683171547,AV282,True
A,283,,S,SER,32.500947511421096,AS283,True
A,284,,C,CYS,80.63288457386358,AC284,True
A,285,,S,SER,23.35035965012116,AS285,True
A,286,,P,PRO,67.94202695745811,AP286,True
A,287,,V,VAL,43.724469891100426,AV287,True
A,288,,S,SER,27.322240785877238,AS288,True
A,289,,A,ALA,46.68786596764633,AA289,True
A,290,,Q,GLN,49.98361820104224,AQ290,True
A,291,,L,LEU,15.564325275478867,AL291,True
A,292,,L,LEU,46.80644827750654,AL292,True
A,293,,S,SER,47.38317051263258,AS293,True
A,294,,V,VAL,48.42622801082744,AV294,True
A,295,,L,LEU,29.70177355328848,AL295,True
A,296,,Q,GLN,44.71857940052685,AQ296,True
A,297,,G,GLY,39.35329328872788,AG297,True
A,298,,L,LEU,25.574858656945032,AL298,True
A,299,,L,LEU,75.2777865898789,AL299,True
A,300,,H,HIS,71.2610322707082,AH300,True
A,301,,L,LEU,21.01944927842897,AL301,True
A,302,,E,GLU,47.137042605089924,AE302,True
A,303,,P,PRO,57.36929128262264,AP303,True
A,304,,T,THR,73.61833916700895,AT304,True
A,305,,L,LEU,41.45589398345981,AL305,True
A,306,,R,ARG,67.34565670634049,AR306,True
A,307,,S,SER,46.97636061283432,AS307,True
A,308,,S,SER,3.895574890451343,AS308,True
A,309,,Q,GLN,35.63267081056218,AQ309,True
A,310,,L,LEU,53.46319239591927,AL310,True
A,311,,L,LEU,47.46399456077283,AL311,True
A,312,,W,TRP,38.751957647171295,AW312,True
A,313,,E,GLU,46.102562220955065,AE313,True
A,314,,A,ALA,37.251875687049726,AA314,True
A,315,,L,LEU,31.17437713537237,AL315,True
A,316,,E,GLU,37.36711950155336,AE316,True
A,317,,S,SER,44.895945259943936,AS317,True
A,318,,L,LEU,35.3233113139565,AL318,True
A,319,,V,VAL,53.44101875578939,AV319,True
A,320,,N,ASN,17.91506904831403,AN320,True
A,321,,R,ARG,28.22227975585815,AR321,True
A,322,,A,ALA,34.83464175633833,AA322,True
A,323,,V,VAL,56.44166584104021,AV323,True
A,324,,L,LEU,43.452659014453104,AL324,True
A,325,,L,LEU,22.0267345360922,AL325,True
A,326,,A,ALA,61.44449653185289,AA326,True
A,327,,S,SER,62.16053323156915,AS327,True
A,328,,D,ASP,64.21472681378681,AD328,True
A,329,,A,ALA,51.164046145971355,AA329,True
A,330,,Q,GLN,68.3572862309296,AQ330,True
A,331,,E,GLU,76.05729352202974,AE331,True
A,332,,C,CYS,29.00683289276012,AC332,True
A,333,,T,THR,41.63295335888356,AT333,True
A,334,,L,LEU,62.68790248304182,AL334,True
A,335,,E,GLU,56.66342944612021,AE335,True
A,336,,E,GLU,26.224915216607126,AE336,True
A,337,,V,VAL,31.925803412549516,AV337,True
A,338,,V,VAL,38.17215625413529,AV338,True
A,339,,E,GLU,61.16748475687964,AE339,True
A,340,,R,ARG,35.79841159752251,AR340,True
A,341,,L,LEU,20.689622687318952,AL341,True
A,342,,L,LEU,55.25671982694657,AL342,True
A,343,,S,SER,32.60034344931274,AS343,True
A,344,,V,VAL,82.32308832039544,AV344,True
A,345,,K,LYS,76.68063778155032,AK345,True
A,346,,G,GLY,69.19864099270694,AG346,True
A,347,,R,ARG,80.02150609184396,AR347,True
A,348,,P,PRO,68.18769555127993,AP348,True
A,349,,R,ARG,83.91578765510069,AR349,True
A,350,,P,PRO,75.25507770843973,AP350,True
A,351,,S,SER,63.42173472310563,AS351,True
A,352,,P,PRO,79.38396030991994,AP352,True
A,353,,L,LEU,75.43740450438398,AL353,True
A,354,,V,VAL,61.787558785534294,AV354,True
A,355,,K,LYS,82.17418111288347,AK355,True
A,356,,A,ALA,68.84263063644835,AA356,True
A,357,,H,HIS,85.31727515109796,AH357,True
A,358,,K,LYS,85.63279241362031,AK358,True
A,359,,S,SER,61.76137665684183,AS359,True
A,360,,V,VAL,76.0997377146756,AV360,True
A,361,,Q,GLN,84.92319450321287,AQ361,True
A,362,,A,ALA,66.24202510849302,AA362,True
A,363,,N,ASN,78.04698261712754,AN363,True
A,364,,L,LEU,82.29359130387563,AL364,True
A,365,,D,ASP,73.29572663876988,AD365,True
A,366,,Q,GLN,78.87659507220965,AQ366,True
A,367,,S,SER,65.80245390433568,AS367,True
A,368,,Q,GLN,82.94023249055456,AQ368,True
A,369,,R,ARG,82.5693377339053,AR369,True
A,370,,G,GLY,81.29976590116681,AG370,True
A,371,,S,SER,66.39104648924051,AS371,True
A,372,,S,SER,77.02410125292022,AS372,True
A,373,,P,PRO,68.41944629689306,AP373,True
A,374,,Q,GLN,73.0391440023508,AQ374,True
A,375,,N,ASN,62.97003159421283,AN375,True
A,376,,T,THR,77.30855523961402,AT376,True
A,377,,T,THR,71.94205829307637,AT377,True
A,378,,T,THR,83.13296262400307,AT378,True
A,379,,P,PRO,73.82435294541736,AP379,True
A,380,,K,LYS,81.99350226216887,AK380,True
A,381,,P,PRO,62.08640648289877,AP381,True
A,382,,S,SER,75.05462668421494,AS382,True
A,383,,V,VAL,75.642422933042,AV383,True
A,384,,E,GLU,81.80312965163209,AE384,True
A,385,,G,GLY,77.33505180623914,AG385,True
A,386,,Q,GLN,89.78900590796823,AQ386,True
A,387,,Q,GLN,75.81896042569757,AQ387,True
A,388,,P,PRO,65.28449248060898,AP388,True
A,389,,A,ALA,81.05340218653888,AA389,True
A,390,,A,ALA,77.6109667238923,AA390,True
A,391,,A,ALA,72.37609922575477,AA391,True
A,392,,A,ALA,77.8366061367143,AA392,True
A,393,,A,ALA,60.48856590025779,AA393,True
A,394,,C,CYS,68.26054775151749,AC394,True
A,395,,E,GLU,67.62026021681703,AE395,True
A,396,,P,PRO,65.65489218200051,AP396,True
A,397,,V,VAL,74.36095645656461,AV397,True
A,398,,D,ASP,56.28639523885617,AD398,True
A,399,,H,HIS,75.82778038166461,AH399,True
A,400,,A,ALA,61.036790865711204,AA400,True
A,401,,Q,GLN,76.83982870680428,AQ401,True
A,402,,S,SER,62.1989863256491,AS402,True
A,403,,E,GLU,75.52094406904806,AE403,True
A,404,,S,SER,68.13487768572719,AS404,True
A,405,,I,ILE,72.79211789244525,AI405,True
A,406,,L,LEU,74.61897116569982,AL406,True
A,407,,K,LYS,72.78098414538262,AK407,True
A,408,,V,VAL,74.79040133923222,AV408,True
A,409,,S,SER,66.96644843866821,AS409,True
A,410,,Q,GLN,75.35681101456537,AQ410,True
A,411,,P,PRO,67.6904308303276,AP411,True
A,412,,R,ARG,82.40969437816979,AR412,True
A,413,,A,ALA,68.96271253610975,AA413,True
A,414,,L,LEU,79.78999516195455,AL414,True
A,415,,E,GLU,66.19960130106887,AE415,True
A,416,,Q,GLN,67.95197287989444,AQ416,True
A,417,,Q,GLN,77.91297985183925,AQ417,True
A,418,,A,ALA,72.09964881361144,AA418,True
A,419,,S,SER,68.80469766881606,AS419,True
A,420,,T,THR,85.93095016831688,AT420,True
A,421,,P,PRO,78.87011430245883,AP421,True
A,422,,P,PRO,72.20576489339919,AP422,True
A,423,,P,PRO,73.493043350352,AP423,True
A,424,,P,PRO,76.51984734557516,AP424,True
A,425,,P,PRO,76.50592949736642,AP425,True
A,426,,P,PRO,70.36934394397659,AP426,True
A,427,,P,PRO,74.23864010342623,AP427,True
A,428,,P,PRO,78.45316370614994,AP428,True
A,429,,L,LEU,84.82131362699114,AL429,True
A,430,,L,LEU,80.44922946515412,AL430,True
A,431,,P,PRO,68.0051591388842,AP431,True
A,432,,G,GLY,78.0535461291638,AG432,True
A,433,,S,SER,71.71252339963524,AS433,True
A,434,,S,SER,70.10380906292849,AS434,True
A,435,,A,ALA,80.06250976879267,AA435,True
A,436,,E,GLU,82.34780641954089,AE436,True
A,437,,P,PRO,61.315637471707106,AP437,True
A,438,,P,PRO,70.69799010074195,AP438,True
A,439,,P,PRO,75.9176968985705,AP439,True
A,440,,P,PRO,73.98171709969567,AP440,True
A,441,,P,PRO,70.94365869456381,AP441,True
A,442,,P,PRO,69.78111134518068,AP442,True
A,443,,P,PRO,72.05965514902958,AP443,True
A,444,,P,PRO,77.60800810362349,AP444,True
A,445,,P,PRO,78.624445708637,AP445,True
A,446,,L,LEU,80.82989046395834,AL446,True
A,447,,P,PRO,79.12703730618941,AP447,True
A,448,,S,SER,67.51002098743008,AS448,True
A,449,,V,VAL,85.79571817504866,AV449,True
A,450,,G,GLY,66.0481310492004,AG450,True
A,451,,A,ALA,68.85715502294914,AA451,True
A,452,,K,LYS,81.86872778648825,AK452,True
A,453,,A,ALA,59.30436568524697,AA453,True
A,454,,L,LEU,82.86179131726641,AL454,True
A,455,,P,PRO,67.83387713639715,AP455,True
A,456,,T,THR,83.74737707368641,AT456,True
A,457,,A,ALA,74.71084321354958,AA457,True
A,458,,P,PRO,78.71008670988051,AP458,True
A,459,,P,PRO,70.68673569083326,AP459,True
A,460,,P,PRO,75.58638730350512,AP460,True
A,461,,P,PRO,72.62271548970806,AP461,True
A,462,,P,PRO,73.2222024984127,AP462,True
A,463,,L,LEU,83.8030187282076,AL463,True
A,464,,P,PRO,75.74641489608345,AP464,True
A,465,,G,GLY,69.29108839806314,AG465,True
A,466,,L,LEU,89.28016201339834,AL466,True
A,467,,G,GLY,76.98400299329782,AG467,True
A,468,,A,ALA,85.51973383719636,AA468,True
A,469,,M,MET,77.42537561579202,AM469,True
A,470,,A,ALA,69.77877654035527,AA470,True
A,471,,P,PRO,68.70420499704107,AP471,True
A,472,,P,PRO,73.73604850587381,AP472,True
A,473,,A,ALA,66.75594095975745,AA473,True
A,474,,P,PRO,67.41426310178825,AP474,True
A,475,,P,PRO,76.68846590976217,AP475,True
A,476,,L,LEU,75.49034581103193,AL476,True
A,477,,P,PRO,68.08813670182771,AP477,True
A,478,,P,PRO,71.04055410571604,AP478,True
A,479,,P,PRO,73.90733050836087,AP479,True
A,480,,L,LEU,80.9433629150283,AL480,True
A,481,,P,PRO,86.03705530907091,AP481,True
A,482,,G,GLY,48.339130340547435,AG482,True
A,483,,S,SER,77.0614679639922,AS483,True
A,484,,C,CYS,76.68201012793622,AC484,True
A,485,,E,GLU,77.241944827533,AE485,True
A,486,,F,PHE,84.7371419197018,AF486,True
A,487,,L,LEU,74.89122377323392,AL487,True
A,488,,P,PRO,66.22654349428768,AP488,True
A,489,,P,PRO,71.12619510695956,AP489,True
A,490,,P,PRO,71.71442770575548,AP490,True
A,491,,P,PRO,72.30266030455141,AP491,True
A,492,,P,PRO,66.06651590170935,AP492,True
A,493,,P,PRO,72.47394230703844,AP493,True
A,494,,L,LEU,79.80058592405442,AL494,True
A,495,,P,PRO,75.0837957059527,AP495,True
A,496,,G,GLY,68.63235683384872,AG496,True
A,497,,L,LEU,90.85522840543186,AL497,True
A,498,,G,GLY,64.40577890819567,AG498,True
A,499,,C,CYS,80.08519398394374,AC499,True
A,500,,P,PRO,70.77237669207678,AP500,True
A,501,,P,PRO,71.02929969580731,AP501,True
A,502,,P,PRO,73.29658908974753,AP502,True
A,503,,P,PRO,71.01804528589862,AP503,True
A,504,,P,PRO,77.43672610113644,AP504,True
A,505,,P,PRO,54.44204613685174,AP505,True
A,506,,L,LEU,39.34349333511173,AL506,True
A,507,,L,LEU,60.917188328816394,AL507,True
A,508,,P,PRO,73.0648383441344,AP508,True
A,509,,G,GLY,71.13635117534378,AG509,True
A,510,,M,MET,74.34473546966873,AM510,True
A,511,,G,GLY,57.06229399738087,AG511,True
A,512,,W,TRP,88.11772324264265,AW512,True
A,513,,G,GLY,65.61277880570488,AG513,True
A,514,,P,PRO,76.59157049860994,AP514,True
A,515,,P,PRO,76.67721149985344,AP515,True
A,516,,P,PRO,70.5154536883462,AP516,True
A,517,,P,PRO,74.56994969849161,AP517,True
A,518,,P,PRO,78.6988322999718,AP518,True
A,519,,P,PRO,71.10368628714214,AP519,True
A,520,,P,PRO,74.23864010342623,AP520,True
A,521,,L,LEU,84.67691915151394,AL521,True
A,522,,L,LEU,76.19952049655362,AL522,True
A,523,,P,PRO,67.06044468690546,AP523,True
A,524,,C,CYS,72.54996172675025,AC524,True
A,525,,T,THR,74.78560906503706,AT525,True
A,526,,C,CYS,74.07326168748658,AC526,True
A,527,,S,SER,72.24674008279135,AS527,True
A,528,,P,PRO,76.50592949736642,AP528,True
A,529,,P,PRO,71.45750470202492,AP529,True
A,530,,V,VAL,75.71088076468195,AV530,True
A,531,,A,ALA,76.61416129299653,AA531,True
A,532,,G,GLY,80.885691906375,AG532,True
A,533,,G,GLY,71.60937836458507,AG533,True
A,534,,M,MET,79.0290071958038,AM534,True
A,535,,E,GLU,82.86485951231249,AE535,True
A,536,,E,GLU,68.03745255110653,AE536,True
A,537,,V,VAL,71.50605760428414,AV537,True
A,538,,I,ILE,76.83088561921697,AI538,True
A,539,,V,VAL,68.62377273052685,AV539,True
A,540,,A,ALA,63.29700361197853,AA540,True
A,541,,Q,GLN,80.59241745915305,AQ541,True
A,542,,V,VAL,66.88499147241586,AV542,True
A,543,,D,ASP,77.44113139475127,AD543,True
A,544,,H,HIS,77.56671923526916,AH544,True
A,545,,G,GLY,65.28300824146729,AG545,True
A,546,,L,LEU,89.61889134667496,AL546,True
A,547,,G,GLY,66.15778471585935,AG547,True
A,548,,S,SER,86.09565069672378,AS548,True
A,549,,A,ALA,59.1605635433794,AA549,True
A,550,,W,TRP,75.34643701146533,AW550,True
A,551,,V,VAL,42.376979414533096,AV551,True
A,552,,P,PRO,29.62106945003568,AP552,True
A,553,,S,SER,61.06519161747043,AS553,True
A,554,,H,HIS,42.96124587791912,AH554,True
A,555,,R,ARG,53.48980677508212,AR555,True
A,556,,R,ARG,58.64420637616026,AR556,True
A,557,,V,VAL,51.41902472547032,AV557,True
A,558,,N,ASN,67.31471568183613,AN558,True
A,559,,P,PRO,63.947999690438785,AP559,True
A,560,,P,PRO,48.24386165731834,AP560,True
A,561,,T,THR,79.40045868744669,AT561,True
A,562,,L,LEU,45.18734332099168,AL562,True
A,563,,R,ARG,71.87792006414162,AR563,True
A,564,,M,MET,23.450738131973253,AM564,True
A,565,,K,LYS,46.76075364149178,AK565,True
A,566,,K,LYS,77.57963380540825,AK566,True
A,567,,L,LEU,57.07737436349414,AL567,True
A,568,,N,ASN,71.94437283352998,AN568,True
A,569,,W,TRP,66.45678361323668,AW569,True
A,570,,Q,GLN,82.53074349798342,AQ570,True
A,571,,K,LYS,78.35170416132785,AK571,True
A,572,,L,LEU,44.70042459335082,AL572,True
A,573,,P,PRO,42.53281767184611,AP573,True
A,574,,S,SER,49.939048685555036,AS574,True
A,575,,N,ASN,47.24414030418738,AN575,True
A,576,,V,VAL,32.54158446086142,AV576,True
A,577,,A,ALA,13.725516019121828,AA577,True
A,578,,R,ARG,71.52505729454376,AR578,True
A,579,,E,GLU,36.69156817248623,AE579,True
A,580,,H,HIS,77.1294207578632,AH580,True
A,581,,N,ASN,59.38956972442865,AN581,True
A,582,,S,SER,13.748971484536812,AS582,True
A,583,,M,MET,61.804462514281894,AM583,True
A,584,,W,TRP,44.96336913650508,AW584,True
A,585,,A,ALA,23.79813422123798,AA585,True
A,586,,S,SER,48.46047330439777,AS586,True
A,587,,L,LEU,44.31554979663909,AL587,True
A,588,,S,SER,32.51249235771455,AS588,True
A,589,,S,SER,29.835287903344426,AS589,True
A,590,,P,PRO,71.10368628714214,AP590,True
A,591,,D,ASP,72.55140032295553,AD591,True
A,592,,A,ALA,35.44024340622475,AA592,True
A,593,,E,GLU,75.33901094782017,AE593,True
A,594,,A,ALA,75.04467031012591,AA594,True
A,595,,V,VAL,76.35161400292064,AV595,True
A,596,,E,GLU,63.378663330182285,AE596,True
A,597,,P,PRO,43.36671886446389,AP597,True
A,598,,D,ASP,47.187782961794404,AD598,True
A,599,,F,PHE,37.92879891796921,AF599,True
A,600,,S,SER,55.95343527162554,AS600,True
A,601,,S,SER,22.424096525804682,AS601,True
A,602,,I,ILE,34.941527063083875,AI602,True
A,603,,E,GLU,15.843724751012893,AE603,True
A,604,,R,ARG,60.374861613223075,AR604,True
A,605,,L,LEU,46.64214141874238,AL605,True
A,606,,F,PHE,43.273344408097,AF606,True
A,607,,S,SER,11.060222183873243,AS607,True
A,608,,F,PHE,47.454071191739175,AF608,True
A,609,,P,PRO,72.7196109008603,AP609,True
A,610,,A,ALA,72.54962229533119,AA610,True
A,611,,A,ALA,74.22795363391826,AA611,True
A,612,,K,LYS,76.02396504595039,AK612,True
A,613,,P,PRO,75.75766930599218,AP613,True
A,614,,K,LYS,81.35486972302719,AK614,True
A,615,,E,GLU,74.12485380411437,AE615,True
A,616,,P,PRO,77.19105750731458,AP616,True
A,617,,T,THR,80.74069859647958,AT617,True
A,618,,M,MET,79.65252357775128,AM618,True
A,619,,V,VAL,74.08559405496443,AV619,True
A,620,,A,ALA,74.14020334981426,AA620,True
A,621,,P,PRO,79.46960131116347,AP621,True
A,622,,R,ARG,85.87908126786182,AR622,True
A,623,,A,ALA,72.2501043129438,AA623,True
A,624,,R,ARG,87.25223701974608,AR624,True
A,625,,K,LYS,83.92278093440491,AK625,True
A,626,,E,GLU,78.84604482898274,AE626,True
A,627,,P,PRO,62.76028008293822,AP627,True
A,628,,K,LYS,73.14377952480581,AK628,True
A,629,,E,GLU,62.22163569981618,AE629,True
A,630,,I,ILE,26.359397608993103,AI630,True
A,631,,T,THR,45.99025724238585,AT631,True
A,632,,F,PHE,28.72299520114281,AF632,True
A,633,,L,LEU,6.4645161595670855,AL633,True
A,634,,D,ASP,42.02510771582567,AD634,True
A,635,,A,ALA,65.93922428354979,AA635,True
A,636,,K,LYS,62.32906512888872,AK636,True
A,637,,K,LYS,10.552556476075004,AK637,True
A,638,,S,SER,14.26453318783251,AS638,True
A,639,,L,LEU,50.411308623894364,AL639,True
A,640,,N,ASN,33.10984751754306,AN640,True
A,641,,L,LEU,0.0,AL641,True
A,642,,N,ASN,24.389527404829412,AN642,True
A,643,,I,ILE,52.84795454397581,AI643,True
A,644,,F,PHE,3.522248963449756,AF644,True
A,645,,L,LEU,4.603242861884451,AL645,True
A,646,,K,LYS,66.21391068171806,AK646,True
A,647,,Q,GLN,41.43384845995261,AQ647,True
A,648,,F,PHE,5.697718100256592,AF648,True
A,649,,K,LYS,78.95247252189381,AK649,True
A,650,,C,CYS,19.07198820618574,AC650,True
A,651,,S,SER,25.889228632366876,AS651,True
A,652,,N,ASN,14.726059289606054,AN652,True
A,653,,E,GLU,38.13608643724083,AE653,True
A,654,,E,GLU,40.803798462436326,AE654,True
A,655,,V,VAL,0.6940392046206416,AV655,True
A,656,,A,ALA,5.616875423441472,AA656,True
A,657,,A,ALA,43.38266696175564,AA657,True
A,658,,M,MET,12.178720520853718,AM658,True
A,659,,I,ILE,0.0,AI659,True
A,660,,R,ARG,39.74705876561961,AR660,True
A,661,,A,ALA,50.22461739950859,AA661,True
A,662,,G,GLY,14.68535069310815,AG662,True
A,663,,D,ASP,26.52512113708077,AD663,True
A,664,,T,THR,19.55964504194473,AT664,True
A,665,,T,THR,78.2814841892571,AT665,True
A,666,,K,LYS,37.9640226500415,AK666,True
A,667,,F,PHE,1.4052815178405185,AF667,True
A,668,,D,ASP,42.393295863753536,AD668,True
A,669,,V,VAL,14.378202929231215,AV669,True
A,670,,E,GLU,47.728639408345906,AE670,True
A,671,,V,VAL,14.574823297033472,AV671,True
A,672,,L,LEU,0.0,AL672,True
A,673,,K,LYS,38.99537556981515,AK673,True
A,674,,Q,GLN,31.339688675789557,AQ674,True
A,675,,L,LEU,0.6008100577313017,AL675,True
A,676,,L,LEU,37.43565569497349,AL676,True
A,677,,K,LYS,63.16673619920192,AK677,True
A,678,,L,LEU,6.008100577313018,AL678,True
A,679,,L,LEU,13.344410261232689,AL679,True
A,680,,P,PRO,6.064862400355022,AP680,True
A,681,,E,GLU,44.310832343598896,AE681,True
A,682,,K,LYS,67.24346916636586,AK682,True
A,683,,H,HIS,43.74885998613473,AH683,True
A,684,,E,GLU,3.3939477157405498,AE684,True
A,685,,I,ILE,12.873194181136165,AI685,True
A,686,,E,GLU,51.938049631047065,AE686,True
A,687,,N,ASN,35.12265787533226,AN687,True
A,688,,L,LEU,3.333876879766525,AL688,True
A,689,,R,ARG,61.16533218753275,AR689,True
A,690,,A,ALA,56.03545329217681,AA690,True
A,691,,F,PHE,13.141140698296692,AF691,True
A,692,,T,THR,77.61877433973522,AT692,True
A,693,,E,GLU,56.1633660864192,AE693,True
A,694,,E,GLU,53.16015989108834,AE694,True
A,695,,R,ARG,57.708383252988966,AR695,True
A,696,,A,ALA,79.55122408812191,AA696,True
A,697,,K,LYS,33.056476869069144,AK697,True
A,698,,L,LEU,7.462898675063725,AL698,True
A,699,,A,ALA,10.297604942976033,AA699,True
A,700,,S,SER,29.91821784206332,AS700,True
A,701,,A,ALA,0.0,AA701,True
A,702,,D,ASP,0.0,AD702,True
A,703,,H,HIS,23.415804743662704,AH703,True
A,704,,F,PHE,0.5031784233499652,AF704,True
A,705,,Y,TYR,0.0,AY705,True
A,706,,L,LEU,15.146840434426597,AL706,True
A,707,,L,LEU,23.092862918244162,AL707,True
A,708,,L,LEU,0.6008100577313017,AL708,True
A,709,,L,LEU,16.601638532177304,AL709,True
A,710,,A,ALA,59.25224934200136,AA710,True
A,711,,I,ILE,4.696709722024235,AI711,True
A,712,,P,PRO,30.38058405131865,AP712,True
A,713,,C,CYS,33.111445972233554,AC713,True
A,714,,Y,TYR,8.672534947825557,AY714,True
A,715,,Q,GLN,37.13017645744213,AQ715,True
A,716,,L,LEU,10.587636137023512,AL716,True
A,717,,R,ARG,0.0,AR717,True
A,718,,I,ILE,0.0,AI718,True
A,719,,E,GLU,30.96916692781623,AE719,True
A,720,,C,CYS,0.0,AC720,True
A,721,,M,MET,0.5391197393035341,AM721,True
A,722,,L,LEU,16.619444016510485,AL722,True
A,723,,L,LEU,12.016201154626035,AL723,True
A,724,,C,CYS,3.8495533798660615,AC724,True
A,725,,E,GLU,17.385422948518542,AE725,True
A,726,,G,GLY,13.67230789281212,AG726,True
A,727,,A,ALA,0.936145903906912,AA727,True
A,728,,A,ALA,31.82896073283501,AA728,True
A,729,,A,ALA,43.984985769086215,AA729,True
A,730,,V,VAL,9.716548864688981,AV730,True
A,731,,L,LEU,8.944404999314205,AL731,True
A,732,,D,ASP,57.62335940613114,AD732,True
A,733,,M,MET,37.008819787280615,AM733,True
A,734,,V,VAL,0.0,AV734,True
A,735,,R,ARG,28.496538501383213,AR735,True
A,736,,P,PRO,42.19025366687203,AP736,True
A,737,,K,LYS,32.78637977186009,AK737,True
A,738,,A,ALA,0.0,AA738,True
A,739,,Q,GLN,42.84667480135185,AQ739,True
A,740,,L,LEU,20.97161579506058,AL740,True
A,741,,V,VAL,1.3880784092412832,AV741,True
A,742,,L,LEU,15.02025144328254,AL742,True
A,743,,A,ALA,20.401249416725317,AA743,True
A,744,,A,ALA,0.0,AA744,True
A,745,,C,CYS,0.0,AC745,True
A,746,,E,GLU,32.57138476620063,AE746,True
A,747,,S,SER,10.746184528552467,AS747,True
A,748,,L,LEU,0.0,AL748,True
A,749,,L,LEU,24.14118581606294,AL749,True
A,750,,T,THR,64.18110833832753,AT750,True
A,751,,S,SER,5.705813275133003,AS751,True
A,752,,R,ARG,69.92424843880711,AR752,True
A,753,,Q,GLN,18.165731224654238,AQ753,True
A,754,,L,LEU,2.4032402309252068,AL754,True
A,755,,P,PRO,36.35980545043015,AP755,True
A,756,,I,ILE,46.925226328510036,AI756,True
A,757,,F,PHE,0.0,AF757,True
A,758,,C,CYS,16.96384785210259,AC758,True
A,759,,Q,GLN,41.44684310149374,AQ759,True
A,760,,L,LEU,15.564325275478867,AL760,True
A,761,,I,ILE,5.991849632713082,AI761,True
A,762,,L,LEU,17.95655586528373,AL762,True
A,763,,R,ARG,59.92233009684008,AR763,True
A,764,,I,ILE,19.616295895064628,AI764,True
A,765,,G,GLY,23.11396587257021,AG765,True
A,766,,N,ASN,18.49858041242602,AN766,True
A,767,,F,PHE,68.99394569014284,AF767,True
A,768,,L,LEU,47.30179460096242,AL768,True
A,769,,N,ASN,27.78145504964248,AN769,True
A,770,,Y,TYR,72.95427005943267,AY770,True
A,771,,G,GLY,77.95041730878538,AG771,True
A,772,,S,SER,33.06542077208223,AS772,True
A,773,,H,HIS,84.97154287957039,AH773,True
A,774,,T,THR,47.06366851292852,AT774,True
A,775,,G,GLY,17.645165962541775,AG775,True
A,776,,D,ASP,74.87918700227199,AD776,True
A,777,,A,ALA,27.66214706456489,AA777,True
A,778,,D,ASP,80.22839797452613,AD778,True
A,779,,G,GLY,48.055988261118316,AG779,True
A,780,,F,PHE,28.428675093391252,AF780,True
A,781,,K,LYS,50.42602316676844,AK781,True
A,782,,I,ILE,12.260184934415395,AI782,True
A,783,,S,SER,35.64322928856071,AS783,True
A,784,,T,THR,31.405062705818423,AT784,True
A,785,,L,LEU,1.2016201154626034,AL785,True
A,786,,L,LEU,27.298533322363273,AL786,True
A,787,,K,LYS,45.92631468429847,AK787,True
A,788,,L,LEU,4.8064804618504136,AL788,True
A,789,,T,THR,29.835287903344426,AT789,True
A,790,,E,GLU,57.123727224143785,AE790,True
A,791,,T,THR,40.99490602510932,AT791,True
A,792,,K,LYS,65.83994401180803,AK792,True
A,793,,S,SER,31.419339724303512,AS793,True
A,794,,Q,GLN,82.20368538852745,AQ794,True
A,795,,Q,GLN,57.35635855678072,AQ795,True
A,796,,N,ASN,47.79008144230875,AN796,True
A,797,,R,ARG,39.87471291148825,AR797,True
A,798,,V,VAL,10.948110961312796,AV798,True
A,799,,T,THR,9.261528645485033,AT799,True
A,800,,L,LEU,12.617011212357335,AL800,True
A,801,,L,LEU,0.0,AL801,True
A,802,,H,HIS,4.312957914428273,AH802,True
A,803,,H,HIS,43.4532753873401,AH803,True
A,804,,V,VAL,0.0,AV804,True
A,805,,L,LEU,0.6008100577313017,AL805,True
A,806,,E,GLU,23.931239816484627,AE806,True
A,807,,E,GLU,32.589173161936955,AE807,True
A,808,,A,ALA,0.936145903906912,AA808,True
A,809,,E,GLU,36.086371763698686,AE809,True
A,810,,K,LYS,54.26757331304465,AK810,True
A,811,,S,SER,34.93768838358355,AS811,True
A,812,,H,HIS,40.655855428924845,AH812,True
A,813,,P,PRO,45.81654467079982,AP813,True
A,814,,D,ASP,54.4947888982557,AD814,True
A,815,,L,LEU,1.8024301731939047,AL815,True
A,816,,L,LEU,23.151706042732894,AL816,True
A,817,,Q,GLN,37.155004900907095,AQ817,True
A,818,,L,LEU,0.0,AL818,True
A,819,,P,PRO,8.282937461077843,AP819,True
A,820,,R,ARG,61.71106581472781,AR820,True
A,821,,D,ASP,17.21923536668351,AD821,True
A,822,,L,LEU,0.6008100577313017,AL822,True
A,823,,E,GLU,31.679496385690303,AE823,True
A,824,,Q,GLN,34.445796829039175,AQ824,True
A,825,,P,PRO,0.0,AP825,True
A,826,,S,SER,11.235924367069623,AS826,True
A,827,,Q,GLN,45.06852746398978,AQ827,True
A,828,,A,ALA,0.0,AA828,True
A,829,,A,ALA,19.420205526646637,AA829,True
A,830,,G,GLY,52.83897849486811,AG830,True
A,831,,I,ILE,13.615362753846552,AI831,True
A,832,,N,ASN,26.336895971034604,AN832,True
A,833,,L,LEU,12.99087636794872,AL833,True
A,834,,E,GLU,62.66645170924286,AE834,True
A,835,,I,ILE,55.17083220486928,AI835,True
A,836,,I,ILE,8.582129454090776,AI836,True
A,837,,R,ARG,25.636542619954604,AR837,True
A,838,,S,SER,46.978549593521976,AS838,True
A,839,,E,GLU,30.016758906427146,AE839,True
A,840,,A,ALA,0.936145903906912,AA840,True
A,841,,S,SER,33.81871388539396,AS841,True
A,842,,S,SER,32.011207672903936,AS842,True
A,843,,N,ASN,9.525979132117019,AN843,True
A,844,,L,LEU,9.012150865969527,AL844,True
A,845,,K,LYS,61.722152026081645,AK845,True
A,846,,K,LYS,39.53521300710142,AK846,True
A,847,,L,LEU,0.0,AL847,True
A,848,,L,LEU,27.434025055673924,AL848,True
A,849,,E,GLU,38.527911458050156,AE849,True
A,850,,T,THR,4.838847205444544,AT850,True
A,851,,E,GLU,19.83491575920549,AE851,True
A,852,,R,ARG,55.55593365861521,AR852,True
A,853,,K,LYS,31.793615194392476,AK853,True
A,854,,V,VAL,0.6940392046206416,AV854,True
A,855,,S,SER,50.40904716120383,AS855,True
A,856,,A,ALA,66.41087231923618,AA856,True
A,857,,S,SER,16.250473755710548,AS857,True
A,858,,V,VAL,36.784077844894,AV858,True
A,859,,A,ALA,54.29711509856303,AA859,True
A,860,,E,GLU,26.557019259203415,AE860,True
A,861,,V,VAL,0.0,AV861,True
A,862,,Q,GLN,31.37782169370318,AQ862,True
A,863,,E,GLU,69.99107079229725,AE863,True
A,864,,Q,GLN,25.129748967374745,AQ864,True
A,865,,Y,TYR,2.2958711331557344,AY865,True
A,866,,T,THR,24.920134452595143,AT866,True
A,867,,E,GLU,63.66954409210986,AE867,True
A,868,,R,ARG,35.340280249562824,AR868,True
A,869,,L,LEU,0.6008100577313017,AL869,True
A,870,,Q,GLN,40.39772584465173,AQ870,True
A,871,,A,ALA,45.060998300342725,AA871,True
A,872,,S,SER,9.162132707593392,AS872,True
A,873,,I,ILE,3.0650462336038484,AI873,True
A,874,,S,SER,42.301127552788735,AS874,True
A,875,,A,ALA,14.97833446251059,AA875,True
A,876,,F,PHE,0.0,AF876,True
A,877,,R,ARG,45.26050342373658,AR877,True
A,878,,A,ALA,38.98758371006981,AA878,True
A,879,,L,LEU,1.2016201154626034,AL879,True
A,880,,D,ASP,22.921216266339698,AD880,True
A,881,,E,GLU,54.01647148012603,AE881,True
A,882,,L,LEU,12.617011212357335,AL882,True
A,883,,F,PHE,2.5158921167498263,AF883,True
A,884,,E,GLU,54.026306759526854,AE884,True
A,885,,A,ALA,28.826562551887523,AA885,True
A,886,,I,ILE,0.0,AI886,True
A,887,,E,GLU,28.58019375800804,AE887,True
A,888,,Q,GLN,35.754418091783364,AQ888,True
A,889,,K,LYS,20.04202994657509,AK889,True
A,890,,Q,GLN,16.697956596321994,AQ890,True
A,891,,R,ARG,36.32208528214272,AR891,True
A,892,,E,GLU,29.1328236422523,AE892,True
A,893,,L,LEU,0.0,AL893,True
A,894,,A,ALA,0.0,AA894,True
A,895,,D,ASP,59.14773178345433,AD895,True
A,896,,Y,TYR,33.75818334431001,AY896,True
A,897,,L,LEU,9.739549914844881,AL897,True
A,898,,C,CYS,68.71068718656036,AC898,True
A,899,,E,GLU,23.168343834067286,AE899,True
A,900,,D,ASP,43.59929631157915,AD900,True
A,901,,A,ALA,37.25844137216141,AA901,True
A,902,,Q,GLN,73.38719302236211,AQ902,True
A,903,,Q,GLN,65.15269830509858,AQ903,True
A,904,,L,LEU,8.74116739934824,AL904,True
A,905,,S,SER,26.77320389273207,AS905,True
A,906,,L,LEU,8.127659680563324,AL906,True
A,907,,E,GLU,29.45885673157845,AE907,True
A,908,,D,ASP,52.62691836127906,AD908,True
A,909,,T,THR,7.867456026207428,AT909,True
A,910,,F,PHE,0.0,AF910,True
A,911,,S,SER,33.81871388539396,AS911,True
A,912,,T,THR,19.219785521845413,AT912,True
A,913,,M,MET,0.0,AM913,True
A,914,,K,LYS,34.25334379908719,AK914,True
A,915,,A,ALA,28.91496550795365,AA915,True
A,916,,F,PHE,0.0,AF916,True
A,917,,R,ARG,15.648915084861422,AR917,True
A,918,,D,ASP,27.837831557962733,AD918,True
A,919,,L,LEU,19.623494305166997,AL919,True
A,920,,F,PHE,1.0063568466999304,AF920,True
A,921,,L,LEU,39.11149687702334,AL921,True
A,922,,R,ARG,45.17788641634713,AR922,True
A,923,,A,ALA,2.808437711720736,AA923,True
A,924,,L,LEU,22.42430699385753,AL924,True
A,925,,K,LYS,53.08985412401358,AK925,True
A,926,,E,GLU,39.13310786683769,AE926,True
A,927,,N,ASN,1.7994076075868919,AN927,True
A,928,,K,LYS,51.21647982681151,AK928,True
A,929,,D,ASP,31.178064022279397,AD929,True
A,930,,R,ARG,26.078213856916147,AR930,True
A,931,,K,LYS,35.8201944984985,AK931,True
A,932,,E,GLU,47.59169389391744,AE932,True
A,933,,Q,GLN,34.83506129060809,AQ933,True
A,934,,A,ALA,46.191104673476374,AA934,True
A,935,,A,ALA,30.80441187286195,AA935,True
A,936,,K,LYS,39.10139633477385,AK936,True
A,937,,A,ALA,13.106042654696767,AA937,True
A,938,,E,GLU,46.155128745498324,AE938,True
A,939,,R,ARG,59.961781162542536,AR939,True
A,940,,R,ARG,22.5262007873014,AR940,True
A,941,,K,LYS,65.68021798667289,AK941,True
A,942,,Q,GLN,46.00773124153447,AQ942,True
A,943,,Q,GLN,53.46294192639454,AQ943,True
A,944,,L,LEU,43.463668655573436,AL944,True
A,945,,A,ALA,46.89898099396757,AA945,True
A,946,,E,GLU,45.62635821026053,AE946,True
A,947,,E,GLU,51.947884910447925,AE947,True
A,948,,E,GLU,49.853556828698,AE948,True
A,949,,A,ALA,64.87240760799868,AA949,True
A,950,,R,ARG,66.55391573616946,AR950,True
A,951,,R,ARG,54.91671357207595,AR951,True
A,952,,P,PRO,83.01025131384775,AP952,True
A,953,,R,ARG,80.53211808905188,AR953,True
A,954,,G,GLY,42.61833845055509,AG954,True
A,955,,E,GLU,89.19622149190077,AE955,True
A,956,,D,ASP,65.70294320353408,AD956,True
A,957,,G,GLY,85.8561143910574,AG957,True
A,958,,K,LYS,68.2293754873287,AK958,True
A,959,,P,PRO,77.89010336547149,AP959,True
A,960,,V,VAL,69.83038263722388,AV960,True
A,961,,R,ARG,83.38373027504872,AR961,True
A,962,,K,LYS,78.34232730596688,AK962,True
A,963,,G,GLY,64.22495608488425,AG963,True
A,964,,P,PRO,86.20833731155794,AP964,True
A,965,,G,GLY,67.42861935947977,AG965,True
A,966,,K,LYS,80.51572370158678,AK966,True
A,967,,Q,GLN,71.44050443017224,AQ967,True
A,968,,E,GLU,77.13262298824169,AE968,True
A,969,,E,GLU,85.22620900698355,AE969,True
A,970,,V,VAL,52.592897070101316,AV970,True
A,971,,C,CYS,35.95731505388065,AC971,True
A,972,,V,VAL,20.048878777689875,AV972,True
A,973,,I,ILE,0.0,AI973,True
A,974,,D,ASP,28.75503336920809,AD974,True
A,975,,A,ALA,28.084377117207357,AA975,True
A,976,,L,LEU,15.439843183288565,AL976,True
A,977,,L,LEU,6.541164768388997,AL977,True
A,978,,A,ALA,28.598292968471803,AA978,True
A,979,,D,ASP,22.770836527630248,AD979,True
A,980,,I,ILE,3.0071580034894785,AI980,True
A,981,,R,ARG,42.76639072291831,AR981,True
A,982,,K,LYS,47.89741381196044,AK982,True
A,983,,G,GLY,17.776097877904462,AG983,True
A,984,,F,PHE,15.087896653934436,AF984,True
A,985,,Q,GLN,59.12940582874152,AQ985,True
A,986,,L,LEU,46.67306344314967,AL986,True
A,987,,R,ARG,33.345611986665624,AR987,True
A,988,,K,LYS,58.26135225995391,AK988,True
A,989,,T,THR,79.92756523703585,AT989,True
A,990,,A,ALA,52.38255547517114,AA990,True
A,991,,R,ARG,50.29468780344846,AR991,True
A,992,,G,GLY,72.51276749822216,AG992,True
A,993,,R,ARG,82.17953258646119,AR993,True
A,994,,G,GLY,58.549173551178924,AG994,True
A,995,,D,ASP,76.3766751597679,AD995,True
A,996,,T,THR,73.74956450556638,AT996,True
A,997,,D,ASP,82.61132041879719,AD997,True
A,998,,G,GLY,72.31392884934725,AG998,True
A,999,,G,GLY,69.31236664676689,AG999,True
A,1000,,S,SER,77.55339678319703,AS1000,True
A,1001,,K,LYS,84.35982971985237,AK1001,True
A,1002,,A,ALA,78.96605983788581,AA1002,True
A,1003,,A,ALA,73.41780264282231,AA1003,True
A,1004,,S,SER,65.84966292116627,AS1004,True
A,1005,,M,MET,79.95684853610712,AM1005,True
A,1006,,D,ASP,76.56759934915901,AD1006,True
A,1007,,P,PRO,71.87445529833381,AP1007,True
A,1008,,P,PRO,79.71526990498533,AP1008,True
A,1009,,R,ARG,82.86906401812433,AR1009,True
A,1010,,A,ALA,66.63322888950235,AA1010,True
A,1011,,T,THR,77.57648647578392,AT1011,True
A,1012,,E,GLU,74.07228727957113,AE1012,True
A,1013,,P,PRO,64.19366828426064,AP1013,True
A,1014,,V,VAL,73.33873276145104,AV1014,True
A,1015,,A,ALA,70.06507548016613,AA1015,True
A,1016,,T,THR,79.85453435542672,AT1016,True
A,1017,,S,SER,60.24378877542889,AS1017,True
A,1018,,N,ASN,76.48980308064448,AN1018,True
A,1019,,P,PRO,69.60982934269366,AP1019,True
A,1020,,A,ALA,85.02297254302641,AA1020,True
A,1021,,G,GLY,82.19908304740288,AG1021,True
A,1022,,D,ASP,76.94725349638838,AD1022,True
A,1023,,P,PRO,63.51979468422119,AP1023,True
A,1024,,V,VAL,81.97238547152574,AV1024,True
A,1025,,G,GLY,55.526333099894806,AG1025,True
A,1026,,S,SER,70.16857046193981,AS1026,True
A,1027,,T,THR,73.0774987904387,AT1027,True
A,1028,,R,ARG,76.56576334542848,AR1028,True
A,1029,,C,CYS,70.60039843513836,AC1029,True
A,1030,,P,PRO,73.72479409596511,AP1030,True
A,1031,,A,ALA,67.57002746537141,AA1031,True
A,1032,,S,SER,67.92399777214648,AS1032,True
A,1033,,E,GLU,77.29300338760252,AE1033,True
A,1034,,P,PRO,69.92722108955027,AP1034,True
A,1035,,G,GLY,65.85417395198725,AG1035,True
A,1036,,L,LEU,80.15074377747186,AL1036,True
A,1037,,D,ASP,75.55076510105306,AD1037,True
A,1038,,A,ALA,67.20189125460611,AA1038,True
A,1039,,T,THR,65.93921655329932,AT1039,True
A,1040,,T,THR,86.66285612957655,AT1040,True
A,1041,,A,ALA,64.57025945501762,AA1041,True
A,1042,,S,SER,59.536058889764064,AS1042,True
A,1043,,E,GLU,69.96043118821265,AE1043,True
A,1044,,S,SER,55.821107335388405,AS1044,True
A,1045,,R,ARG,78.86761974838035,AR1045,True
A,1046,,G,GLY,61.158749571931935,AG1046,True
A,1047,,W,TRP,82.04726674832634,AW1047,True
A,1048,,D,ASP,67.97915567474881,AD1048,True
A,1049,,L,LEU,75.71812847121282,AL1049,True
A,1050,,V,VAL,62.155847331212044,AV1050,True
A,1051,,D,ASP,72.60916656134445,AD1051,True
A,1052,,A,ALA,74.51688274432284,AA1052,True
A,1053,,V,VAL,70.16885132987478,AV1053,True
A,1054,,T,THR,80.03296871081473,AT1054,True
A,1055,,P,PRO,73.6809066393478,AP1055,True
A,1056,,G,GLY,77.98971138305258,AG1056,True
A,1057,,P,PRO,84.10107551019608,AP1057,True
A,1058,,Q,GLN,71.14815880635953,AQ1058,True
A,1059,,P,PRO,65.71269748682657,AP1059,True
A,1060,,T,THR,76.00671167330994,AT1060,True
A,1061,,L,LEU,67.64889303611774,AL1061,True
A,1062,,E,GLU,63.927104424221774,AE1062,True
A,1063,,Q,GLN,73.13149837365066,AQ1063,True
A,1064,,L,LEU,67.28645640066719,AL1064,True
A,1065,,E,GLU,69.88970206934142,AE1065,True
A,1066,,E,GLU,82.69652599661616,AE1066,True
A,1067,,G,GLY,72.47021100081466,AG1067,True
A,1068,,G,GLY,70.3638939570694,AG1068,True
A,1069,,P,PRO,82.92461031260423,AP1069,True
A,1070,,R,ARG,80.80359297072188,AR1070,True
A,1071,,P,PRO,77.10541650607104,AP1071,True
A,1072,,L,LEU,81.6686550649499,AL1072,True
A,1073,,E,GLU,82.35914966341545,AE1073,True
A,1074,,R,ARG,71.86485837672932,AR1074,True
A,1075,,R,ARG,80.48771385537003,AR1075,True
A,1076,,S,SER,39.20440900329602,AS1076,True
A,1077,,S,SER,51.64004882658646,AS1077,True
A,1078,,W,TRP,75.33328861947516,AW1078,True
A,1079,,Y,TYR,67.44288925618368,AY1079,True
A,1080,,V,VAL,66.43601093887939,AV1080,True
A,1081,,D,ASP,57.667029171784236,AD1081,True
A,1082,,A,ALA,52.62797961568136,AA1082,True
A,1083,,S,SER,59.30762659400265,AS1083,True
A,1084,,D,ASP,78.94257177347146,AD1084,True
A,1085,,V,VAL,72.77528992454272,AV1085,True
A,1086,,L,LEU,73.32506012336698,AL1086,True
A,1087,,T,THR,78.51483763789783,AT1087,True
A,1088,,T,THR,96.26643327584856,AT1088,True
A,1089,,E,GLU,69.82122931212717,AE1089,True
A,1090,,D,ASP,76.30612117428748,AD1090,True
A,1091,,P,PRO,74.06735810093919,AP1091,True
A,1092,,Q,GLN,81.19501719368986,AQ1092,True
A,1093,,C,CYS,72.21878142526572,AC1093,True
A,1094,,P,PRO,75.32946429977456,AP1094,True
A,1095,,Q,GLN,75.15377678441499,AQ1095,True
A,1096,,P,PRO,65.96962049055712,AP1096,True
A,1097,,L,LEU,77.25295121765198,AL1097,True
A,1098,,E,GLU,79.05560162534779,AE1098,True
A,1099,,G,GLY,74.442333706057,AG1099,True
A,1100,,A,ALA,68.34915218483424,AA1100,True
A,1101,,W,TRP,86.54195327863616,AW1101,True
A,1102,,P,PRO,66.64349409059658,AP1102,True
A,1103,,V,VAL,71.81957410700824,AV1103,True
A,1104,,T,THR,82.7074409929932,AT1104,True
A,1105,,L,LEU,89.11843719993955,AL1105,True
A,1106,,G,GLY,66.83779452877754,AG1106,True
A,1107,,D,ASP,84.7975628852714,AD1107,True
A,1108,,A,ALA,73.16909565975624,AA1108,True
A,1109,,Q,GLN,85.27314256667582,AQ1109,True
A,1110,,A,ALA,75.55530331883452,AA1110,True
A,1111,,L,LEU,85.05036542808482,AL1111,True
A,1112,,K,LYS,77.26121475340034,AK1112,True
A,1113,,P,PRO,83.59848391264369,AP1113,True
A,1114,,L,LEU,81.2642867639717,AL1114,True
A,1115,,K,LYS,78.59008182220227,AK1115,True
A,1116,,F,PHE,87.30407968108473,AF1116,True
A,1117,,S,SER,67.11305339339043,AS1117,True
A,1118,,S,SER,61.06519161747043,AS1118,True
A,1119,,N,ASN,79.83330186639763,AN1119,True
A,1120,,Q,GLN,78.1072345279909,AQ1120,True
A,1121,,P,PRO,60.139172274115246,AP1121,True
A,1122,,P,PRO,82.16509571132127,AP1122,True
A,1123,,A,ALA,86.77518245117882,AA1123,True
A,1124,,A,ALA,86.1589919293096,AA1124,True
A,1125,,G,GLY,71.76566051605248,AG1125,True
A,1126,,S,SER,74.77460741024761,AS1126,True
A,1127,,S,SER,66.69524183880267,AS1127,True
A,1128,,R,ARG,77.01457998582696,AR1128,True
A,1129,,Q,GLN,67.25322068715457,AQ1129,True
A,1130,,D,ASP,68.97086369269888,AD1130,True
A,1131,,A,ALA,57.44922843452763,AA1131,True
A,1132,,K,LYS,88.37595124773527,AK1132,True
A,1133,,D,ASP,71.7254902642407,AD1133,True
A,1134,,P,PRO,60.898686875398205,AP1134,True
A,1135,,T,THR,76.96815252801073,AT1135,True
A,1136,,S,SER,58.9040920579,AS1136,True
A,1137,,L,LEU,79.98433001975393,AL1137,True
A,1138,,L,LEU,79.90346761302452,AL1138,True
A,1139,,G,GLY,66.75349109822332,AG1139,True
A,1140,,V,VAL,73.20765251624951,AV1140,True
A,1141,,L,LEU,75.8701127844641,AL1141,True
A,1142,,Q,GLN,60.79713226358018,AQ1142,True
A,1143,,A,ALA,56.8086649984901,AA1143,True
A,1144,,E,GLU,62.01325176470847,AE1144,True
A,1145,,A,ALA,78.932403395659,AA1145,True
A,1146,,D,ASP,70.4930418384692,AD1146,True
A,1147,,S,SER,63.03958733905503,AS1147,True
A,1148,,T,THR,76.70678823390385,AT1148,True
A,1149,,S,SER,62.90671621131393,AS1149,True
A,1150,,E,GLU,79.21711579059075,AE1150,True
A,1151,,G,GLY,72.29346016490425,AG1151,True
A,1152,,L,LEU,78.57905342530488,AL1152,True
A,1153,,E,GLU,68.54128023693823,AE1153,True
A,1154,,D,ASP,77.55974360899052,AD1154,True
A,1155,,A,ALA,58.42231362321722,AA1155,True
A,1156,,V,VAL,69.56822214682087,AV1156,True
A,1157,,H,HIS,73.16980786716056,AH1157,True
A,1158,,S,SER,66.92142840252528,AS1158,True
A,1159,,R,ARG,84.87273970871738,AR1159,True
A,1160,,G,GLY,69.59958071359699,AG1160,True
A,1161,,A,ALA,84.63833444712874,AA1161,True
A,1162,,R,ARG,83.51013695638922,AR1162,True
A,1163,,P,PRO,67.15734009805769,AP1163,True
A,1164,,P,PRO,77.4367261011364,AP1164,True
A,1165,,A,ALA,71.98817828730128,AA1165,True
A,1166,,A,ALA,86.57859181135838,AA1166,True
A,1167,,G,GLY,75.21071893693039,AG1167,True
A,1168,,P,PRO,84.86059011147907,AP1168,True
A,1169,,G,GLY,83.5582931089785,AG1169,True
A,1170,,G,GLY,66.14057845455662,AG1170,True
A,1171,,D,ASP,76.49485113212573,AD1171,True
A,1172,,E,GLU,77.34745207521115,AE1172,True
A,1173,,D,ASP,65.3691530535107,AD1173,True
A,1174,,E,GLU,75.22968910852885,AE1174,True
A,1175,,D,ASP,76.46484159732698,AD1175,True
A,1176,,E,GLU,81.5493336456509,AE1176,True
A,1177,,E,GLU,77.76276224643532,AE1177,True
A,1178,,D,ASP,65.97149891460137,AD1178,True
A,1179,,T,THR,74.94703422974837,AT1179,True
A,1180,,A,ALA,64.12496183213112,AA1180,True
A,1181,,P,PRO,71.61753229460325,AP1181,True
A,1182,,E,GLU,77.56002480052365,AE1182,True
A,1183,,S,SER,67.64070313448354,AS1183,True
A,1184,,A,ALA,64.11043744563034,AA1184,True
A,1185,,L,LEU,82.87659587727377,AL1185,True
A,1186,,D,ASP,59.08688580760396,AD1186,True
A,1187,,T,THR,68.66909436888331,AT1187,True
A,1188,,S,SER,71.51045616015635,AS1188,True
A,1189,,L,LEU,46.77594513211976,AL1189,True
A,1190,,D,ASP,77.99672775272738,AD1190,True
A,1191,,K,LYS,65.66325871107682,AK1191,True
A,1192,,S,SER,65.87602797744879,AS1192,True
A,1193,,F,PHE,80.23972688861451,AF1193,True
A,1194,,S,SER,70.37720464348169,AS1194,True
A,1195,,E,GLU,75.86778148305797,AE1195,True
A,1196,,D,ASP,72.55359455450841,AD1196,True
A,1197,,A,ALA,73.71732062520968,AA1197,True
A,1198,,V,VAL,75.13276994000482,AV1198,True
A,1199,,T,THR,88.59114543201026,AT1199,True
A,1200,,D,ASP,71.28674813083242,AD1200,True
A,1201,,S,SER,68.26331410074181,AS1201,True
A,1202,,S,SER,74.154185424677,AS1202,True
A,1203,,G,GLY,70.78203993926219,AG1203,True
A,1204,,S,SER,85.16938757240729,AS1204,True
A,1205,,G,GLY,65.9597556312452,AG1205,True
A,1206,,T,THR,86.70787616571948,AT1206,True
A,1207,,L,LEU,69.59571768478888,AL1207,True
A,1208,,P,PRO,77.26810753694943,AP1208,True
A,1209,,R,ARG,75.27399548147213,AR1209,True
A,1210,,A,ALA,74.16590109065201,AA1210,True
A,1211,,R,ARG,84.52207834711035,AR1211,True
A,1212,,G,GLY,73.78767412924357,AG1212,True
A,1213,,R,ARG,85.19514966777534,AR1213,True
A,1214,,A,ALA,80.76447307613431,AA1214,True
A,1215,,S,SER,75.7601675891921,AS1215,True
A,1216,,K,LYS,79.1241312743793,AK1216,True
A,1217,,G,GLY,77.04783773940903,AG1217,True
A,1218,,T,THR,64.59235295085229,AT1218,True
A,1219,,G,GLY,87.78568059889227,AG1219,True
A,1220,,K,LYS,74.55771453298698,AK1220,True
A,1221,,R,ARG,78.84462879367604,AR1221,True
A,1222,,R,ARG,73.42250129077898,AR1222,True
A,1223,,K,LYS,75.21294959059291,AK1223,True
A,1224,,K,LYS,84.11821994585806,AK1224,True
A,1225,,R,ARG,72.83081785804188,AR1225,True
A,1226,,P,PRO,72.7083564909516,AP1226,True
A,1227,,S,SER,57.88007878487557,AS1227,True
A,1228,,R,ARG,81.47415560353066,AR1228,True
A,1229,,S,SER,45.54218911029307,AS1229,True
A,1230,,Q,GLN,57.86656447401126,AQ1230,True
A,1231,,E,GLU,56.40205452239514,AE1231,True
A,1232,,E,GLU,50.33771395572803,AE1232,True
A,1233,,V,VAL,77.45452968589298,AV1233,True
A,1234,,P,PRO,70.35542609576788,AP1234,True
A,1235,,P,PRO,79.37270590001125,AP1235,True
A,1236,,D,ASP,70.86122998639708,AD1236,True
A,1237,,S,SER,60.73298542244208,AS1237,True
A,1238,,D,ASP,65.53714524429881,AD1238,True
A,1239,,D,ASP,65.24126907152281,AD1239,True
A,1240,,N,ASN,56.3895259582975,AN1240,True
A,1241,,K,LYS,77.39859819756181,AK1241,True
A,1242,,T,THR,72.50537220470662,AT1242,True
A,1243,,K,LYS,72.97427196457807,AK1243,True
A,1244,,K,LYS,68.58095165366525,AK1244,True
A,1245,,L,LEU,77.67085493772473,AL1245,True
A,1246,,C,CYS,67.75550757395825,AC1246,True
A,1247,,V,VAL,70.96366704918091,AV1247,True
A,1248,,I,ILE,74.60867925834171,AI1248,True
A,1249,,Q,GLN,107.44445232337911,AQ1249,True
