,nmy-2,unc-54,myo-1,myo-2,hum-6,nmy-1,hum-7,hum-4,hum-8,hum-5,hum-2,myo-6,hum-1,myo-5,nmy-3
MyHC4 (R.norv.) [8zbm],33.3,61.5,60.5,61.5,27.3,43.6,15.4,21.4,18.9,19.4,20.5,53.8,10.0,61.5,29.7
Myosin-6 (M.mus.) [8zbn],31.2,72.7,72.7,75.8,32.3,51.6,15.6,29.6,15.6,21.9,22.6,63.6,7.1,72.7,34.4
Myosin-7 / MYH7 (S.scrofa) [7jh7],36.4,60.6,60.6,60.6,23.3,45.5,9.1,23.1,12.1,24.2,24.2,54.5,7.4,60.6,30.3
Myosin-7 / MYH7 (H.sap.) [8zb7],29.7,62.2,62.2,64.9,26.7,42.9,13.5,24.0,11.8,24.2,23.5,56.8,11.1,62.2,29.4
Myosin-7 / MYH7 (H.sap.) [8efi],26.8,65.9,65.9,68.3,29.4,43.6,14.6,27.6,13.2,21.6,21.1,58.5,9.7,65.9,28.9
Myosin-7 / MYH7 (H.sap.) [8enc],26.3,57.9,57.9,60.5,32.3,41.7,18.4,26.9,14.3,23.5,22.9,52.6,10.0,57.9,31.4
Myosin-14 (D.disc.) [5jlh],50.0,40.4,40.4,42.6,25.0,71.7,19.6,22.5,27.1,20.8,22.2,40.4,19.0,38.3,31.9
Myosin-Ib (R.norv.) [6c1g],11.1,25.5,25.5,25.5,20.0,24.4,19.1,22.5,10.0,21.7,17.8,21.3,20.5,23.4,12.8
Myosin-A (P.falc.) [7aln],18.2,20.5,15.9,15.9,21.4,11.4,15.2,22.5,10.6,8.9,16.3,22.7,15.8,20.5,18.2
beta-cardiac / MYH7 (H.sap.) [8efh],33.3,69.7,69.7,69.7,29.0,45.5,12.1,25.9,12.1,21.2,24.2,60.6,10.7,69.7,30.3
