Séquence,nmy-2,unc-54,myo-1,myo-3,myo-2,hum-6,nmy-1,hum-7,hum-7#2,hum-4,spe-15,hum-8,nmy-1#2,hum-5,hum-2,hum-8#2,myo-6,hum-1,Q17383,hum-3,hum-1#2,myo-5,nmy-2#2,hum-5#2,hum-2#2,nmy-3,hum-4#2,spe-15#2
Myosin_heavy_chain_4_R.norvegicus_780,44.8,56.1,56.0,57.2,56.4,39.5,49.4,32.4,32.4,24.6,33.7,33.4,49.9,34.8,34.7,33.4,54.7,36.3,34.3,33.7,35.9,56.4,44.8,34.8,34.7,37.8,24.6,28.6
Myosin_6_M.musculus_772,44.5,57.3,57.4,57.0,57.3,39.3,49.0,33.2,33.2,26.0,33.4,33.3,49.4,34.7,35.9,33.3,54.7,36.4,35.2,33.7,36.1,56.6,44.5,34.7,35.9,38.4,26.0,30.4
Myosin_7_S.scrofa_1935,33.6,50.4,46.9,49.5,46.3,24.4,36.3,22.7,22.8,16.1,27.0,26.8,36.4,29.4,24.2,26.9,45.3,29.0,24.1,26.5,29.0,49.7,33.6,29.4,24.3,29.9,16.1,17.0
Myosin_7_H.sapiens_776,45.6,57.6,57.8,58.2,58.0,39.1,50.2,32.5,32.5,25.8,33.2,33.8,50.5,35.3,35.1,33.8,55.8,37.4,34.5,32.8,37.0,56.9,45.6,35.3,35.1,38.8,25.8,29.0
Myosin_7_H.sapiens_1935,33.5,50.2,46.6,49.5,46.3,24.3,36.3,22.9,23.0,16.3,26.7,26.7,36.4,29.7,24.2,26.9,45.4,29.4,24.0,26.3,29.6,49.7,33.5,29.7,24.3,29.8,16.3,17.2
Myosin_7_H.sapiens_1935_1,33.5,50.0,46.4,49.3,46.1,24.3,36.2,23.0,23.1,16.3,26.7,26.7,36.3,29.9,24.3,26.9,45.1,29.4,24.1,26.3,29.6,49.5,33.5,29.9,24.4,29.9,16.3,17.2
Myosin_14_Alpha_actinin_A_D.discoideum_1039,48.6,40.5,40.7,40.1,39.3,30.9,52.6,29.7,29.7,20.4,30.0,29.7,52.9,29.9,32.5,29.7,40.7,30.5,32.0,27.2,31.1,40.7,48.6,29.9,32.5,34.1,20.4,16.6
Unconventional_myosin_Ib_R.norvegicus_729,37.6,34.8,34.5,36.4,35.7,37.4,38.5,35.9,35.9,24.5,33.8,32.7,38.7,48.2,37.3,32.7,34.7,43.6,37.3,32.1,44.2,36.0,37.6,48.2,37.3,32.5,24.5,18.6
Myosin_A_P.falciparum_818,27.3,28.1,26.9,29.5,27.3,30.6,28.7,26.8,26.8,24.8,28.9,27.9,28.7,30.3,29.8,27.9,28.2,29.9,29.7,28.8,30.0,28.5,27.3,30.3,29.8,26.8,24.8,17.4
beta_cardiac_myosin_II_H.sapiens_865,43.9,54.9,54.4,55.6,55.5,36.8,48.4,31.3,31.3,24.6,31.4,32.1,48.7,33.9,34.1,32.1,53.1,35.4,33.5,30.5,35.3,53.9,43.9,33.9,34.1,36.8,24.6,22.4
