SŽquence;n_interface;nmy-2_(Myosin-11);unc-54_(Myosin-4);myo-1_(Myosin-1);myo-3_(Myosin-3);myo-2_(Myosin-2);hum-6_(Unconventional_myosin_heavy_chain_6);nmy-1_(Myosin-11);hum-7_(Unconventional_myosin-IXa-like);hum-4_(Myosin_motor_domain-containing_protein);spe-15_(Myosin_motor_domain-containing_protein);hum-8_(Myosin_motor_domain-containing_protein);hum-5_(Unconventional_myosin-Id);hum-2_(Myosin_motor_domain-containing_protein);myo-6_(Myosin_motor_domain-containing_protein);hum-1_(Hum-1_(Fragment));?_(Hum-2);hum-3_(Hum-3_(Fragment));hum-1_(Unconventional_myosin-Ie);myo-5_(MYOsin_heavy_chain_structural_genes);nmy-2_(Non-muscle_myosin_heavy_chain_II);hum-5_(Myosin_IA);nmy-3_(Myosin_motor_domain-containing_protein)
Myosin_heavy_chain_4_R.norvegicus_780;50;50.0;40.4;40.4;38.3;42.6;25.0;71.7;19.6;22.5;;27.1;20.8;22.2;40.4;19.0;22.2;22.9;19.0;38.3;50.0;20.8;31.9
Myosin_6_M.musculus_772;33;36.4;60.6;60.6;63.6;60.6;23.3;45.5;9.1;23.1;;12.1;24.2;24.2;54.5;7.4;24.2;6.1;7.4;60.6;36.4;24.2;30.3
Myosin_7_S.scrofa_1935;39;33.3;61.5;60.5;59.0;61.5;27.3;43.6;15.4;21.4;;18.9;19.4;20.5;53.8;10.0;20.5;10.8;10.0;61.5;33.3;19.4;29.7
Myosin_7_H.sapiens_776;33;33.3;69.7;69.7;72.7;69.7;29.0;45.5;12.1;25.9;;12.1;21.2;24.2;60.6;10.7;24.2;6.1;10.7;69.7;33.3;21.2;30.3
Myosin_7_H.sapiens_1935;33;31.2;72.7;72.7;75.8;75.8;32.3;51.6;15.6;29.6;;15.6;21.9;22.6;63.6;7.1;22.6;9.4;7.1;72.7;31.2;21.9;34.4
Myosin_7_H.sapiens_1935_1;37;29.7;62.2;62.2;64.9;64.9;26.7;42.9;13.5;24.0;;11.8;24.2;23.5;56.8;11.1;23.5;8.8;11.1;62.2;29.7;24.2;29.4
Myosin_14_Alpha_actinin_A_D.discoideum_1039;41;26.8;65.9;65.9;68.3;68.3;29.4;43.6;14.6;27.6;;13.2;21.6;21.1;58.5;9.7;21.1;13.2;9.7;65.9;26.8;21.6;28.9
Unconventional_myosin_Ib_R.norvegicus_729;38;26.3;57.9;57.9;60.5;60.5;32.3;41.7;18.4;26.9;;14.3;23.5;22.9;52.6;10.0;22.9;11.4;10.0;57.9;26.3;23.5;31.4
Myosin_A_P.falciparum_818;47;18.2;20.5;15.9;15.9;15.9;21.4;11.4;15.2;22.5;;10.6;8.9;16.3;22.7;15.8;16.3;10.6;15.8;20.5;18.2;8.9;18.2
beta_cardiac_myosin_II_H.sapiens_865;51;11.1;25.5;25.5;21.3;25.5;20.0;24.4;19.1;22.5;;10.0;21.7;17.8;21.3;20.5;17.8;11.8;20.5;23.4;11.1;21.7;12.8