chain,residue,icode,aa,aa3,rsa,resid
A,1,,M,MET,29.286835534638843,AM1
A,2,,T,THR,42.06066397058105,AT2
A,3,,D,ASP,36.4796530076561,AD3
A,4,,A,ALA,59.106469701502235,AA4
A,5,,Q,GLN,40.23632405669815,AQ5
A,6,,M,MET,5.39119739303534,AM6
A,7,,A,ALA,53.54368811993793,AA7
A,8,,D,ASP,43.452868794094,AD8
A,9,,F,PHE,0.44644126002613355,AF9
A,10,,G,GLY,32.25527551159645,AG10
A,11,,A,ALA,49.721943092189086,AA11
A,12,,A,ALA,0.8477429478407807,AA12
A,13,,A,ALA,14.042188558603678,AA13
A,14,,Q,GLN,49.595835782285675,AQ14
A,15,,Y,TYR,24.25043866895975,AY15
A,16,,L,LEU,2.936304422001187,AL16
A,17,,R,ARG,10.15503085399637,AR17
A,18,,K,LYS,26.830165038386156,AK18
A,19,,S,SER,26.257642189436375,AS19
A,20,,E,GLU,38.48518021290773,AE20
A,21,,K,LYS,56.748611500450686,AK21
A,22,,E,GLU,35.86019943285465,AE22
A,23,,R,ARG,35.31511999073421,AR23
A,24,,L,LEU,49.86723479169805,AL24
A,25,,E,GLU,46.10256222095506,AE25
A,26,,A,ALA,18.63451512207211,AA26
A,27,,Q,GLN,43.353460186312006,AQ27
A,28,,T,THR,63.40199336023728,AT28
A,29,,R,ARG,51.9973897452943,AR29
A,30,,P,PRO,79.72652431489404,AP30
A,31,,F,PHE,22.269603639979483,AF31
A,32,,D,ASP,30.846031861927457,AD32
A,33,,I,ILE,41.68677845564028,AI33
A,34,,R,ARG,66.24923628397102,AR34
A,35,,T,THR,20.77255113364268,AT35
A,36,,E,GLU,21.973857249163192,AE36
A,37,,C,CYS,2.169392004862125,AC37
A,38,,F,PHE,3.5222489634497562,AF38
A,39,,V,VAL,0.0,AV39
A,40,,P,PRO,34.49821224289014,AP40
A,41,,D,ASP,20.89369422290499,AD41
A,42,,D,ASP,79.41571190478423,AD42
A,43,,K,LYS,69.72878311462074,AK43
A,44,,E,GLU,32.639857523414875,AE44
A,45,,E,GLU,21.44508671392538,AE45
A,46,,Y,TYR,10.392073144287753,AY46
A,47,,V,VAL,3.470196023103208,AV47
A,48,,K,LYS,19.77193284936604,AK48
A,49,,A,ALA,6.359060858121635,AA49
A,50,,K,LYS,46.56279603118246,AK50
A,51,,V,VAL,14.86728751795249,AV51
A,52,,V,VAL,58.49293084842826,AV52
A,53,,S,SER,28.376453885055533,AS53
A,54,,R,ARG,52.44277585824038,AR54
A,55,,E,GLU,63.55834008975319,AE55
A,56,,G,GLY,84.2309685113554,AG56
A,57,,G,GLY,50.286712373945754,AG57
A,58,,K,LYS,45.935691539659445,AK58
A,59,,V,VAL,1.3880784092412832,AV59
A,60,,T,THR,18.247959169882044,AT60
A,61,,A,ALA,0.0,AA61
A,62,,E,GLU,38.04375433102013,AE62
A,63,,T,THR,7.26404323131354,AT63
A,64,,E,GLU,59.202149073222714,AE64
A,65,,N,ASN,62.36687158189408,AN65
A,66,,G,GLY,52.640949410253945,AG66
A,67,,K,LYS,42.79874205351699,AK67
A,68,,T,THR,53.05550859791611,AT68
A,69,,V,VAL,15.962901706274755,AV69
A,70,,T,THR,59.495416814996446,AT70
A,71,,I,ILE,10.421157194253084,AI71
A,72,,K,LYS,49.411262115992386,AK72
A,73,,E,GLU,36.76192309276582,AE73
A,74,,D,ASP,52.87297831562479,AD74
A,75,,Q,GLN,38.17587318201378,AQ75
A,76,,V,VAL,18.561973807823943,AV76
A,77,,M,MET,23.756611446708384,AM77
A,78,,Q,GLN,34.66867803555896,AQ78
A,79,,Q,GLN,8.769151523326226,AQ79
A,80,,N,ASN,9.314316340922849,AN80
A,81,,P,PRO,18.987865032074158,AP81
A,82,,P,PRO,11.98095161804042,AP82
A,83,,K,LYS,52.72705874459039,AK83
A,84,,F,PHE,11.962807833751501,AF84
A,85,,D,ASP,29.9173640513806,AD85
A,86,,K,LYS,35.963712035434455,AK86
A,87,,I,ILE,14.099212674577702,AI87
A,88,,E,GLU,18.18201355934318,AE88
A,89,,D,ASP,9.16477779943643,AD89
A,90,,M,MET,0.47832992145657155,AM90
A,91,,A,ALA,13.606086791422568,AA91
A,92,,M,MET,47.77900163191047,AM92
A,93,,L,LEU,3.9346869374978266,AL93
A,94,,T,THR,18.85137196477593,AT94
A,95,,F,PHE,9.560390043649338,AF95
A,96,,L,LEU,17.530587161085347,AL96
A,97,,H,HIS,11.321514525374214,AH97
A,98,,E,GLU,16.805968051802818,AE98
A,99,,P,PRO,0.0,AP99
A,100,,A,ALA,5.089087857638386,AA100
A,101,,V,VAL,1.3880784092412832,AV101
A,102,,L,LEU,0.0,AL102
A,103,,Y,TYR,9.435557326589148,AY103
A,104,,N,ASN,4.767577902405906,AN104
A,105,,L,LEU,1.734684306538584,AL105
A,106,,K,LYS,24.40794385513531,AK106
A,107,,E,GLU,20.319072886235524,AE107
A,108,,R,ARG,1.2389799348427482,AR108
A,109,,Y,TYR,1.3257473217272067,AY109
A,110,,A,ALA,59.87172270642644,AA110
A,111,,A,ALA,14.344989383546888,AA111
A,112,,W,TRP,21.729631379511616,AW112
A,113,,M,MET,4.775736952249575,AM113
A,114,,I,ILE,6.546970649319482,AI114
A,115,,Y,TYR,3.526481950965639,AY115
A,116,,T,THR,0.0,AT116
A,117,,Y,TYR,5.96926494620491,AY117
A,118,,S,SER,0.0,AS118
A,119,,G,GLY,9.534105385114303,AG119
A,120,,L,LEU,37.0880236195303,AL120
A,121,,F,PHE,1.955976530076029,AF121
A,122,,C,CYS,0.0,AC122
A,123,,V,VAL,0.6940392046206416,AV123
A,124,,T,THR,5.014549388640925,AT124
A,125,,V,VAL,2.0821176138619246,AV125
A,126,,N,ASN,12.903954883401845,AN126
A,127,,P,PRO,10.633204417961528,AP127
A,128,,Y,TYR,25.182395115951966,AY128
A,129,,K,LYS,44.20836402771611,AK129
A,130,,W,TRP,70.34171456731502,AW130
A,131,,L,LEU,7.8803835161159945,AL131
A,132,,P,PRO,25.06398184233789,AP132
A,133,,V,VAL,1.3880784092412832,AV133
A,134,,Y,TYR,9.732601481856632,AY134
A,135,,N,ASN,38.028434528977826,AN135
A,136,,A,ALA,64.82627246751062,AA136
A,137,,E,GLU,48.30997646812699,AE137
A,138,,V,VAL,0.6940392046206416,AV138
A,139,,V,VAL,6.246352841585774,AV139
A,140,,A,ALA,51.56583879896349,AA140
A,141,,A,ALA,4.592326563468428,AA141
A,142,,Y,TYR,0.0,AY142
A,143,,R,ARG,46.91070178500096,AR143
A,144,,G,GLY,45.610028802373975,AG144
A,145,,K,LYS,18.26710464356321,AK145
A,146,,K,LYS,27.535527135383415,AK146
A,147,,R,ARG,24.740147631152514,AR147
A,148,,S,SER,53.594159993798705,AS148
A,149,,E,GLU,30.387829868035155,AE149
A,150,,A,ALA,0.8305883907462949,AA150
A,151,,P,PRO,0.0,AP151
A,152,,P,PRO,0.6738736000394467,AP152
A,153,,H,HIS,0.0,AH153
A,154,,I,ILE,0.0,AI154
A,155,,F,PHE,0.0,AF155
A,156,,S,SER,0.0,AS156
A,157,,I,ILE,7.356110960649237,AI157
A,158,,S,SER,0.0,AS158
A,159,,D,ASP,0.5551601160946739,AD159
A,160,,N,ASN,14.597746979194511,AN160
A,161,,A,ALA,0.0,AA161
A,162,,Y,TYR,11.161899519916307,AY162
A,163,,Q,GLN,29.719641192416415,AQ163
A,164,,Y,TYR,41.23988505431218,AY164
A,165,,M,MET,0.0,AM165
A,166,,L,LEU,32.68801835761181,AL166
A,167,,T,THR,62.09577183255786,AT167
A,168,,D,ASP,43.87619270697648,AD168
A,169,,R,ARG,59.27534087459985,AR169
A,170,,E,GLU,48.35458987633477,AE170
A,171,,N,ASN,21.90755321122626,AN171
A,172,,Q,GLN,0.4903983868675369,AQ172
A,173,,S,SER,0.7791149780902685,AS173
A,174,,I,ILE,0.0,AI174
A,175,,L,LEU,0.0,AL175
A,176,,I,ILE,0.5438878294734621,AI176
A,177,,T,THR,10.90760969326376,AT177
A,178,,G,GLY,12.072512249214858,AG178
A,179,,E,GLU,14.009263628514319,AE179
A,180,,S,SER,2.161642751074424,AS180
A,181,,G,GLY,17.354689472571394,AG181
A,182,,A,ALA,2.5089197293333707,AA182
A,183,,G,GLY,17.198407321103968,AG183
A,184,,K,LYS,7.337349384458298,AK184
A,185,,T,THR,18.364364298450408,AT185
A,186,,V,VAL,36.70581968858527,AV186
A,187,,N,ASN,3.9614871153968134,AN187
A,188,,T,THR,1.558229956180537,AT188
A,189,,K,LYS,33.26057922161957,AK189
A,190,,R,ARG,16.929515389530927,AR190
A,191,,V,VAL,0.0,AV191
A,192,,I,ILE,2.995924816356541,AI192
A,193,,Q,GLN,20.802431901591678,AQ193
A,194,,Y,TYR,0.0,AY194
A,195,,F,PHE,1.5095352700498954,AF195
A,196,,A,ALA,10.951387421590063,AA196
A,197,,S,SER,26.806679082581542,AS197
A,198,,I,ILE,8.642167362833085,AI198
A,199,,A,ALA,15.161706059754541,AA199
A,200,,A,ALA,33.687380826110186,AA200
A,201,,I,ILE,35.26896713231042,AI201
A,202,,G,GLY,55.99356042577563,AG202
A,203,,D,ASP,41.453162053905174,AD203
A,204,,R,ARG,64.47259913749959,AR204
A,205,,S,SER,73.28667616348456,AS205
A,206,,K,LYS,60.02583043620926,AK206
A,207,,K,LYS,79.5608233026949,AK207
A,208,,E,GLU,77.84257824752412,AE208
A,209,,N,ASN,56.257301962263966,AN209
A,210,,P,PRO,73.55351209347808,AP210
A,211,,N,ASN,58.7724449299964,AN211
A,212,,A,ALA,62.90843000156289,AA212
A,213,,N,ASN,69.53484537759176,AN213
A,214,,K,LYS,64.03293186586305,AK214
A,215,,G,GLY,19.722870347042047,AG215
A,216,,T,THR,47.01318413240233,AT216
A,217,,L,LEU,14.623097864537685,AL217
A,218,,E,GLU,15.78320511013414,AE218
A,219,,D,ASP,35.53951919780775,AD219
A,220,,Q,GLN,9.73850332005782,AQ220
A,221,,I,ILE,6.535737462186544,AI221
A,222,,I,ILE,34.25939639911579,AI222
A,223,,Q,GLN,24.50159385582622,AQ223
A,224,,A,ALA,1.8722918078138238,AA224
A,225,,N,ASN,3.3421905943507024,AN225
A,226,,P,PRO,21.095126833436016,AP226
A,227,,A,ALA,0.0,AA227
A,228,,L,LEU,2.4032402309252068,AL228
A,229,,E,GLU,7.029973994996116,AE229
A,230,,A,ALA,1.7838888517476925,AA230
A,231,,F,PHE,0.0,AF231
A,232,,G,GLY,0.0,AG232
A,233,,N,ASN,0.0,AN233
A,234,,A,ALA,0.0,AA234
A,235,,K,LYS,9.46098614728533,AK235
A,236,,T,THR,0.0,AT236
A,237,,V,VAL,49.637221703135346,AV237
A,238,,R,ARG,30.14519129078737,AR238
A,239,,N,ASN,15.498536646294893,AN239
A,240,,D,ASP,15.271539076477842,AD240
A,241,,N,ASN,34.27295856014503,AN241
A,242,,S,SER,4.147583318952465,AS242
A,243,,S,SER,3.6605756526269464,AS243
A,244,,R,ARG,1.7213405295015896,AR244
A,245,,F,PHE,0.9496196833760988,AF245
A,246,,G,GLY,2.2127082872639647,AG246
A,247,,K,LYS,1.940806719854729,AK247
A,248,,F,PHE,0.5031784233499652,AF248
A,249,,I,ILE,3.0650462336038484,AI249
A,250,,R,ARG,17.1376172386647,AR250
A,251,,I,ILE,1.8390277401623092,AI251
A,252,,H,HIS,7.934064196706615,AH252
A,253,,F,PHE,0.5031784233499652,AF253
A,254,,G,GLY,11.219014023526515,AG254
A,255,,A,ALA,54.942938875787966,AA255
A,256,,T,THR,69.57288395813977,AT256
A,257,,G,GLY,2.191430038560228,AG257
A,258,,K,LYS,47.046015579171055,AK258
A,259,,L,LEU,7.20081795060903,AL259
A,260,,A,ALA,0.0,AA260
A,261,,S,SER,0.0,AS261
A,262,,A,ALA,1.766734294653207,AA262
A,263,,D,ASP,9.37643975587767,AD263
A,264,,I,ILE,5.922728215465775,AI264
A,265,,E,GLU,22.28440856989245,AE265
A,266,,T,THR,21.647713719906058,AT266
A,267,,Y,TYR,8.924607741791768,AY267
A,268,,L,LEU,24.012908804985617,AL268
A,269,,L,LEU,15.99914045451273,AL269
A,270,,E,GLU,7.1510132767536225,AE270
A,271,,K,LYS,15.13808368532109,AK271
A,272,,S,SER,15.746456898708304,AS272
A,273,,R,ARG,2.3947191300319868,AR273
A,274,,V,VAL,0.6157810483119083,AV274
A,275,,I,ILE,25.52994060202541,AI275
A,276,,F,PHE,48.467884085003625,AF276
A,277,,Q,GLN,3.4243867087068334,AQ277
A,278,,L,LEU,23.431592251520765,AL278
A,279,,K,LYS,80.24095681326385,AK279
A,280,,A,ALA,32.41149481247739,AA280
A,281,,E,GLU,1.4891316729623811,AE281
A,282,,R,ARG,0.3991198550053311,AR282
A,283,,N,ASN,0.0,AN283
A,284,,Y,TYR,0.0,AY284
A,285,,H,HIS,2.69559869651767,AH285
A,286,,I,ILE,0.0,AI286
A,287,,F,PHE,1.0063568466999304,AF287
A,288,,Y,TYR,2.9553427955868576,AY288
A,289,,Q,GLN,4.464724411550123,AQ289
A,290,,I,ILE,0.0,AI290
A,291,,L,LEU,3.8669410708425054,AL291
A,292,,S,SER,22.911104192130203,AS292
A,293,,N,ASN,34.262041928442095,AN293
A,294,,K,LYS,43.56465701772887,AK294
A,295,,K,LYS,16.67320429893115,AK295
A,296,,P,PRO,44.725720474451485,AP296
A,297,,E,GLU,51.267061290776354,AE297
A,298,,L,LEU,3.6048603463878104,AL298
A,299,,L,LEU,8.343594941582904,AL299
A,300,,D,ASP,62.69035443646361,AD300
A,301,,M,MET,31.02011391148002,AM301
A,302,,L,LEU,0.0,AL302
A,303,,L,LEU,36.5727649127875,AL303
A,304,,V,VAL,8.31818625328974,AV304
A,305,,T,THR,40.44040478758086,AT305
A,306,,N,ASN,46.25777043105691,AN306
A,307,,N,ASN,29.997673059776112,AN307
A,308,,P,PRO,9.87368981667856,AP308
A,309,,Y,TYR,62.192965411116305,AY309
A,310,,D,ASP,33.88331061727235,AD310
A,311,,Y,TYR,3.414517022218005,AY311
A,312,,A,ALA,27.890416647980608,AA312
A,313,,F,PHE,15.095352700498957,AF313
A,314,,V,VAL,1.3880784092412832,AV314
A,315,,S,SER,20.73791659476233,AS315
A,316,,Q,GLN,46.24965359886408,AQ316
A,317,,G,GLY,20.098459831827377,AG317
A,318,,E,GLU,27.056283956238715,AE318
A,319,,V,VAL,14.771927542324905,AV319
A,320,,S,SER,49.03806423451312,AS320
A,321,,V,VAL,6.339762863152511,AV321
A,322,,A,ALA,91.70461895377943,AA322
A,323,,S,SER,52.84578803336628,AS323
A,324,,I,ILE,14.090129166072707,AI324
A,325,,D,ASP,41.01266193082545,AD325
A,326,,D,ASP,11.255776292155797,AD326
A,327,,S,SER,17.545150437096517,AS327
A,328,,E,GLU,59.79143924933928,AE328
A,329,,E,GLU,35.60221463666866,AE329
A,330,,L,LEU,0.0,AL330
A,331,,L,LEU,38.1131143615267,AL331
A,332,,A,ALA,27.784859134819985,AA332
A,333,,T,THR,0.0,AT333
A,334,,D,ASP,7.217081509230759,AD334
A,335,,S,SER,37.277765490045994,AS335
A,336,,A,ALA,0.0,AA336
A,337,,F,PHE,0.0,AF337
A,338,,D,ASP,43.25975037315002,AD338
A,339,,V,VAL,17.207181836606555,AV339
A,340,,L,LEU,0.0,AL340
A,341,,S,SER,28.54061122195847,AS341
A,342,,F,PHE,6.696618900392004,AF342
A,343,,T,THR,44.66156217964643,AT343
A,344,,A,ALA,64.10124158992495,AA344
A,345,,E,GLU,56.3922192429943,AE345
A,346,,E,GLU,16.622526966101205,AE346
A,347,,K,LYS,9.432498824070574,AK347
A,348,,A,ALA,20.50680692988593,AA348
A,349,,G,GLY,1.051527310302507,AG349
A,350,,V,VAL,0.0,AV350
A,351,,Y,TYR,1.8366969065245877,AY351
A,352,,K,LYS,24.33762542702802,AK352
A,353,,L,LEU,0.0,AL353
A,354,,T,THR,0.0,AT354
A,355,,G,GLY,0.0,AG355
A,356,,A,ALA,0.0,AA356
A,357,,I,ILE,0.6130092467207697,AI357
A,358,,M,MET,0.5391197393035341,AM358
A,359,,H,HIS,0.5391197393035341,AH359
A,360,,Y,TYR,1.7331461901921195,AY360
A,361,,G,GLY,17.51423404717908,AG361
A,362,,N,ASN,13.825269622505672,AN362
A,363,,M,MET,3.5914687215838503,AM363
A,364,,K,LYS,55.4742111286887,AK364
A,365,,F,PHE,6.753356063715834,AF365
A,366,,K,LYS,36.32000591548471,AK366
A,367,,Q,GLN,37.2202542306576,AQ367
A,368,,K,LYS,25.94198354788321,AK368
A,369,,Q,GLN,83.88323435500241,AQ369
A,370,,R,ARG,85.73930561924362,AR370
A,371,,E,GLU,46.75237203795037,AE371
A,372,,E,GLU,60.74384727072837,AE372
A,373,,Q,GLN,21.119944077495752,AQ373
A,374,,A,ALA,0.8305883907462949,AA374
A,375,,E,GLU,24.354877302635902,AE375
A,376,,P,PRO,28.42209543262641,AP376
A,377,,D,ASP,43.99875714244006,AD377
A,378,,G,GLY,54.75387588162043,AG378
A,379,,T,THR,44.329899176122034,AT379
A,380,,E,GLU,53.96239699110903,AE380
A,381,,D,ASP,17.77658971433106,AD381
A,382,,A,ALA,2.7200347556546043,AA382
A,383,,D,ASP,34.236080544674415,AD383
A,384,,K,LYS,20.476927539764826,AK384
A,385,,S,SER,0.0,AS385
A,386,,A,ALA,0.9361459039069119,AA386
A,387,,Y,TYR,58.015426010134725,AY387
A,388,,L,LEU,2.2000026309592426,AL388
A,389,,M,MET,0.0,AM389
A,390,,G,GLY,16.260605664861412,AG390
A,391,,L,LEU,17.938750380950548,AL391
A,392,,N,ASN,45.18505992536684,AN392
A,393,,S,SER,12.069415246908607,AS393
A,394,,A,ALA,52.65572304475863,AA394
A,395,,D,ASP,36.367623488075445,AD395
A,396,,L,LEU,0.0,AL396
A,397,,L,LEU,10.146025114776807,AL397
A,398,,K,LYS,55.773519712842834,AK398
A,399,,G,GLY,2.2127082872639647,AG399
A,400,,L,LEU,0.5330641910759804,AL400
A,401,,C,CYS,1.44626133657475,AC401
A,402,,H,HIS,30.85215651423748,AH402
A,403,,P,PRO,5.316602208980764,AP403
A,404,,R,ARG,51.174613508719105,AR404
A,405,,V,VAL,31.925803412549513,AV405
A,406,,K,LYS,31.933506587943512,AK406
A,407,,V,VAL,53.11770192839651,AV407
A,408,,G,GLY,58.54591112803865,AG408
A,409,,N,ASN,70.49237704123544,AN409
A,410,,E,GLU,61.46212984493793,AE410
A,411,,Y,TYR,38.37158468210243,AY411
A,412,,V,VAL,40.254273867997206,AV412
A,413,,T,THR,56.96536050685255,AT413
A,414,,K,LYS,45.510894965560986,AK414
A,415,,G,GLY,20.79648547030903,AG415
A,416,,Q,GLN,13.038866149459079,AQ416
A,417,,S,SER,17.23111278177574,AS417
A,418,,V,VAL,12.492705683171549,AV418
A,419,,Q,GLN,58.54361009293654,AQ419
A,420,,Q,GLN,35.17052139942999,AQ420
A,421,,V,VAL,0.0,AV421
A,422,,Y,TYR,40.49047066927852,AY422
A,423,,Y,TYR,48.54170131910926,AY423
A,424,,S,SER,8.496690685879852,AS424
A,425,,I,ILE,3.0650462336038484,AI425
A,426,,G,GLY,6.967085861768748,AG426
A,427,,A,ALA,3.656180659561516,AA427
A,428,,L,LEU,0.0,AL428
A,429,,A,ALA,0.0,AA429
A,430,,K,LYS,9.316020282888752,AK430
A,431,,S,SER,9.439963000873052,AS431
A,432,,V,VAL,0.0,AV432
A,433,,Y,TYR,0.0,AY433
A,434,,E,GLU,21.497653238468647,AE434
A,435,,K,LYS,19.512650285511963,AK435
A,436,,M,MET,0.0,AM436
A,437,,F,PHE,0.0,AF437
A,438,,N,ASN,35.38454748322812,AN438
A,439,,W,TRP,15.917464507728145,AW439
A,440,,M,MET,0.0,AM440
A,441,,V,VAL,5.552313636965133,AV441
A,442,,T,THR,55.282528905528714,AT442
A,443,,R,ARG,21.312381111287255,AR443
A,444,,I,ILE,1.2260184934415395,AI444
A,445,,N,ASN,16.872878712485306,AN445
A,446,,A,ALA,49.80238734686612,AA446
A,447,,T,THR,17.380993100193585,AT447
A,448,,L,LEU,1.2016201154626034,AL448
A,449,,E,GLU,49.35956442226713,AE449
A,450,,T,THR,31.065203185719103,AT450
A,451,,K,LYS,90.80755993581371,AK451
A,452,,Q,GLN,41.63957628882662,AQ452
A,453,,P,PRO,52.334784335489886,AP453
A,454,,R,ARG,35.16414467896264,AR454
A,455,,Q,GLN,43.69694473986701,AQ455
A,456,,Y,TYR,16.872287675290046,AY456
A,457,,F,PHE,14.592174277148992,AF457
A,458,,I,ILE,0.0,AI458
A,459,,G,GLY,0.0,AG459
A,460,,V,VAL,0.0,AV460
A,461,,L,LEU,1.8024301731939052,AL461
A,462,,D,ASP,0.5551601160946739,AD462
A,463,,I,ILE,5.378840385992312,AI463
A,464,,A,ALA,9.361459039069118,AA464
A,465,,G,GLY,1.051527310302507,AG465
A,466,,F,PHE,4.918309906851989,AF466
A,467,,E,GLU,0.9524080213890849,AE467
A,468,,I,ILE,27.507211176682333,AI468
A,469,,F,PHE,14.081539807234503,AF469
A,470,,D,ASP,68.92499969549291,AD470
A,471,,F,PHE,24.60822615526275,AF471
A,472,,N,ASN,0.5608145654946703,AN472
A,473,,S,SER,3.8077237988531523,AS473
A,474,,F,PHE,3.5222489634497562,AF474
A,475,,E,GLU,11.444802489339992,AE475
A,476,,Q,GLN,3.8834931422014844,AQ476
A,477,,L,LEU,0.0,AL477
A,478,,C,CYS,6.69780028972521,AC478
A,479,,I,ILE,10.421157194253084,AI479
A,480,,N,ASN,0.0,AN480
A,481,,F,PHE,0.0,AF481
A,482,,T,THR,1.558229956180537,AT482
A,483,,N,ASN,6.593593994232125,AN483
A,484,,E,GLU,0.47620401069454243,AE484
A,485,,K,LYS,7.859870789016636,AK485
A,486,,L,LEU,5.271798786271073,AL486
A,487,,Q,GLN,1.512410602160199,AQ487
A,488,,Q,GLN,13.190761449867173,AQ488
A,489,,F,PHE,3.4747323745642107,AF489
A,490,,F,PHE,0.0,AF490
A,491,,N,ASN,4.767577902405906,AN491
A,492,,H,HIS,27.992432041517265,AH492
A,493,,H,HIS,15.870018958992267,AH493
A,494,,M,MET,6.94776679309898,AM494
A,495,,F,PHE,6.541319503549547,AF495
A,496,,V,VAL,25.679450570963738,AV496
A,497,,L,LEU,30.167091877709137,AL497
A,498,,E,GLU,5.774967769213263,AE498
A,499,,Q,GLN,0.9807967737350738,AQ499
A,500,,E,GLU,39.48827259577473,AE500
A,501,,E,GLU,9.654954775049195,AE501
A,502,,Y,TYR,2.192320416823266,AY502
A,503,,K,LYS,71.14850610791115,AK503
A,504,,K,LYS,64.8143790771436,AK504
A,505,,E,GLU,5.238244117639967,AE505
A,506,,G,GLY,44.84164357150058,AG506
A,507,,I,ILE,6.526653953681546,AI507
A,508,,E,GLU,63.19978523327708,AE508
A,509,,W,TRP,21.039816999334548,AW509
A,510,,E,GLU,68.26630570768162,AE510
A,511,,F,PHE,56.76020166995798,AF511
A,512,,I,ILE,20.773192971258865,AI512
A,513,,D,ASP,63.84653866585892,AD513
A,514,,F,PHE,19.799463584241437,AF514
A,515,,G,GLY,69.09958415972952,AG515
A,516,,M,MET,22.088341597848984,AM516
A,517,,D,ASP,51.903766054396264,AD517
A,518,,L,LEU,10.814581039163428,AL518
A,519,,Q,GLN,31.36257862979652,AQ519
A,520,,A,ALA,47.97499352522407,AA520
A,521,,C,CYS,2.8242353597810514,AC521
A,522,,I,ILE,4.291064727045388,AI522
A,523,,D,ASP,17.774395482778186,AD523
A,524,,L,LEU,5.350554294046736,AL524
A,525,,I,ILE,0.0,AI525
A,526,,E,GLU,15.843724751012893,AE526
A,527,,K,LYS,44.3623499903418,AK527
A,528,,P,PRO,72.9904517527996,AP528
A,529,,M,MET,45.149830790055574,AM529
A,530,,G,GLY,2.322361953922916,AG530
A,531,,I,ILE,0.6130092467207697,AI531
A,532,,M,MET,0.5744626566564195,AM532
A,533,,S,SER,10.468354235272805,AS533
A,534,,I,ILE,0.6130092467207697,AI534
A,535,,L,LEU,1.2016201154626034,AL535
A,536,,E,GLU,12.389257394393589,AE536
A,537,,E,GLU,30.500916033457177,AE537
A,538,,E,GLU,3.8096320855563395,AE538
A,539,,C,CYS,1.9247766899330307,AC539
A,540,,M,MET,43.52782089302028,AM540
A,541,,F,PHE,42.77016598474704,AF541
A,542,,P,PRO,79.20142389752421,AP542
A,543,,K,LYS,81.62461006310438,AK543
A,544,,A,ALA,21.186939821299838,AA544
A,545,,S,SER,30.889501002522717,AS545
A,546,,D,ASP,11.81093640825047,AD546
A,547,,M,MET,52.534026512593876,AM547
A,548,,T,THR,35.663586808955976,AT548
A,549,,F,PHE,0.0,AF549
A,550,,K,LYS,19.530323075371737,AK550
A,551,,A,ALA,36.42128729630343,AA551
A,552,,K,LYS,25.662152838181335,AK552
A,553,,L,LEU,0.6008100577313017,AL553
A,554,,Y,TYR,19.07141208897827,AY554
A,555,,D,ASP,55.816771086886284,AD555
A,556,,N,ASN,23.799011094636487,AN556
A,557,,H,HIS,5.675763977594881,AH557
A,558,,L,LEU,32.493683499812434,AL558
A,559,,G,GLY,75.84736268818035,AG559
A,560,,K,LYS,61.083838970938636,AK560
A,561,,S,SER,19.02707414797231,AS561
A,562,,N,ASN,70.433895085684,AN562
A,563,,N,ASN,18.304349432776384,AN563
A,564,,F,PHE,3.1250888201829348,AF564
A,565,,Q,GLN,36.36081591322336,AQ565
A,566,,K,LYS,46.07451266181493,AK566
A,567,,P,PRO,14.922114612020055,AP567
A,568,,R,ARG,76.71983897345382,AR568
A,569,,N,ASN,70.59973251203782,AN569
A,570,,V,VAL,52.77484945013474,AV570
A,571,,K,LYS,87.35038631307084,AK571
A,572,,G,GLY,83.31770752695685,AG572
A,573,,K,LYS,51.79163622015075,AK573
A,574,,Q,GLN,62.04548566366942,AQ574
A,575,,E,GLU,58.54099601235285,AE575
A,576,,A,ALA,23.866752449615927,AA576
A,577,,H,HIS,8.757750520569688,AH577
A,578,,F,PHE,0.5031784233499652,AF578
A,579,,S,SER,2.8529066375665013,AS579
A,580,,L,LEU,0.0,AL580
A,581,,V,VAL,28.758355812523277,AV581
A,582,,H,HIS,3.948219007346497,AH582
A,583,,Y,TYR,18.087680283819825,AY583
A,584,,A,ALA,11.853224211308003,AA584
A,585,,G,GLY,25.326674159834173,AG585
A,586,,T,THR,50.90814286532678,AT586
A,587,,V,VAL,0.6940392046206416,AV587
A,588,,D,ASP,35.300973021539214,AD588
A,589,,Y,TYR,0.0,AY589
A,590,,N,ASN,9.254094426363269,AN590
A,591,,I,ILE,0.6130092467207697,AI591
A,592,,M,MET,50.64806112280134,AM592
A,593,,G,GLY,21.383238313610256,AG593
A,594,,W,TRP,0.42372919861049696,AW594
A,595,,L,LEU,3.6048603463878104,AL595
A,596,,E,GLU,39.91191008192601,AE596
A,597,,K,LYS,26.203784710593464,AK597
A,598,,N,ASN,0.0,AN598
A,599,,K,LYS,33.32294782289329,AK599
A,600,,D,ASP,10.830258147720452,AD600
A,601,,P,PRO,53.326049682385964,AP601
A,602,,L,LEU,23.79866156389931,AL602
A,603,,N,ASN,9.663468115223353,AN603
A,604,,E,GLU,37.55432491338567,AE604
A,605,,T,THR,25.7135264491705,AT605
A,606,,V,VAL,0.0,AV606
A,607,,V,VAL,1.3880784092412832,AV607
A,608,,G,GLY,27.125308452306335,AG608
A,609,,L,LEU,25.098530691404033,AL609
A,610,,Y,TYR,0.0,AY610
A,611,,Q,GLN,32.80092090220105,AQ611
A,612,,K,LYS,73.14880607305157,AK612
A,613,,S,SER,8.29516663790493,AS613
A,614,,S,SER,68.24357273787345,AS614
A,615,,L,LEU,15.621061501013846,AL615
A,616,,K,LYS,60.726868849757864,AK616
A,617,,L,LEU,8.841942189364586,AL617
A,618,,M,MET,0.0,AM618
A,619,,A,ALA,20.384094859630828,AA619
A,620,,T,THR,45.75744698524912,AT620
A,621,,L,LEU,5.669371244036411,AL621
A,622,,F,PHE,0.5031784233499652,AF622
A,623,,S,SER,52.05512820898256,AS623
A,624,,T,THR,76.63540314147838,AT624
A,625,,Y,TYR,28.344839344203756,AY625
A,626,,A,ALA,53.27847925173953,AA626
A,627,,S,SER,22.44991839058322,AS627
A,628,,A,ALA,55.185080173742335,AA628
A,629,,D,ASP,29.644419877207575,AD629
A,630,,T,THR,83.98729746439012,AT630
A,631,,G,GLY,67.17001795189466,AG631
A,632,,D,ASP,67.28420933548333,AD632
A,633,,S,SER,76.96152883459659,AS633
A,634,,G,GLY,73.84743688795378,AG634
A,635,,K,LYS,90.37410002061799,AK635
A,636,,G,GLY,65.93847738254146,AG636
A,637,,K,LYS,83.92278093440491,AK637
A,638,,G,GLY,77.92261421380111,AG638
A,639,,G,GLY,78.29413171118543,AG639
A,640,,K,LYS,86.72328182154784,AK640
A,641,,K,LYS,66.04839667147367,AK641
A,642,,K,LYS,80.86587283939595,AK642
A,643,,G,GLY,48.47332467905038,AG643
A,644,,S,SER,53.571070301211805,AS644
A,645,,S,SER,67.90644538996578,AS645
A,646,,F,PHE,47.681019845034506,AF646
A,647,,Q,GLN,44.80747379354995,AQ647
A,648,,T,THR,7.703298689304495,AT648
A,649,,V,VAL,20.742917982310512,AV649
A,650,,S,SER,0.0,AS650
A,651,,A,ALA,23.60089090945539,AA651
A,652,,L,LEU,31.24212300202769,AL652
A,653,,H,HIS,5.034822976393749,AH653
A,654,,R,ARG,20.33057607870735,AR654
A,655,,E,GLU,34.492107041649774,AE655
A,656,,N,ASN,18.406485026554325,AN656
A,657,,L,LEU,1.2016201154626034,AL657
A,658,,N,ASN,32.45216234534324,AN658
A,659,,K,LYS,37.266610379877804,AK659
A,660,,L,LEU,0.6008100577313017,AL660
A,661,,M,MET,7.547676350249477,AM661
A,662,,T,THR,52.608056623350244,AT662
A,663,,N,ASN,22.23353130925536,AN663
A,664,,L,LEU,0.6008100577313017,AL664
A,665,,K,LYS,59.2656448850402,AK665
A,666,,T,THR,56.66505667851288,AT666
A,667,,T,THR,6.660630436419653,AT667
A,668,,H,HIS,32.38631401670988,AH668
A,669,,P,PRO,11.381464609335787,AP669
A,670,,H,HIS,8.06589888841976,AH670
A,671,,F,PHE,2.2981640378927852,AF671
A,672,,V,VAL,0.0,AV672
A,673,,R,ARG,1.2389799348427484,AR673
A,674,,C,CYS,1.283184459955354,AC674
A,675,,I,ILE,0.0,AI675
A,676,,I,ILE,6.743101713928467,AI676
A,677,,P,PRO,0.0,AP677
A,678,,N,ASN,3.096482605230555,AN678
A,679,,E,GLU,62.38352406365076,AE679
A,680,,R,ARG,78.01129955754477,AR680
A,681,,K,LYS,26.27409248923414,AK681
A,682,,A,ALA,24.33979350157971,AA682
A,683,,P,PRO,44.02933805459462,AP683
A,684,,G,GLY,38.13642154045721,AG684
A,685,,V,VAL,43.72446989110042,AV685
A,686,,M,MET,12.668343345902567,AM686
A,687,,D,ASP,35.680627168768574,AD687
A,688,,N,ASN,4.089799425808355,AN688
A,689,,P,PRO,27.84511724373919,AP689
A,690,,L,LEU,16.709209165406488,AL690
A,691,,V,VAL,0.0,AV691
A,692,,M,MET,0.5391197393035341,AM692
A,693,,H,HIS,36.211062822783425,AH693
A,694,,Q,GLN,1.6246119498294838,AQ694
A,695,,L,LEU,2.4032402309252068,AL695
A,696,,R,ARG,32.94773042365513,AR696
A,697,,C,CYS,9.009410500941462,AC697
A,698,,N,ASN,5.596797255638044,AN698
A,699,,G,GLY,0.0,AG699
A,700,,V,VAL,0.0,AV700
A,701,,L,LEU,8.354604582703244,AL701
A,702,,E,GLU,13.281145774903923,AE702
A,703,,G,GLY,2.191430038560228,AG703
A,704,,I,ILE,0.0,AI704
A,705,,R,ARG,39.42310323470141,AR705
A,706,,I,ILE,4.765831139271543,AI706
A,707,,C,CYS,4.1415747635798645,AC707
A,708,,R,ARG,27.527455772483684,AR708
A,709,,K,LYS,43.69917575536893,AK709
A,710,,G,GLY,0.0,AG710
A,711,,F,PHE,5.031784233499652,AF711
A,712,,P,PRO,14.49390960580246,AP712
A,713,,N,ASN,22.11656739815248,AN713
A,714,,R,ARG,34.770931935399396,AR714
A,715,,I,ILE,13.486203427856934,AI715
A,716,,L,LEU,39.483255133660975,AL716
A,717,,Y,TYR,4.591742266311469,AY717
A,718,,G,GLY,34.70530695774178,AG718
A,719,,D,ASP,41.58499825711737,AD719
A,720,,F,PHE,0.0,AF720
A,721,,R,ARG,18.368520757941067,AR721
A,722,,Q,GLN,73.53718927931864,AQ722
A,723,,R,ARG,36.37954203070356,AR723
A,724,,Y,TYR,0.8147977369298255,AY724
A,725,,R,ARG,30.97449837106871,AR725
A,726,,I,ILE,22.2199585822032,AI726
A,727,,L,LEU,11.465331479216871,AL727
A,728,,N,ASN,20.356901743170077,AN728
A,729,,P,PRO,49.69975867845817,AP729
A,730,,A,ALA,68.45405702603271,AA730
A,731,,A,ALA,13.30328596647936,AA731
A,732,,I,ILE,2.3829155696357716,AI732
A,733,,P,PRO,35.35462225532533,AP733
A,734,,E,GLU,69.55420789920608,AE734
A,735,,G,GLY,81.73511814466232,AG735
A,736,,Q,GLN,50.19234956154739,AQ736
A,737,,F,PHE,84.54103323428923,AF737
A,738,,I,ILE,16.274763992471552,AI738
A,739,,D,ASP,41.460675831982364,AD739
A,740,,S,SER,23.440942913910987,AS740
A,741,,R,ARG,27.656678421545795,AR741
A,742,,K,LYS,54.13237833427408,AK742
A,743,,G,GLY,0.0,AG743
A,744,,A,ALA,0.0,AA744
A,745,,E,GLU,27.75677813471194,AE745
A,746,,K,LYS,43.61984787849914,AK746
A,747,,L,LEU,1.2016201154626034,AL747
A,748,,L,LEU,0.0,AL748
A,749,,G,GLY,54.63761278734027,AG749
A,750,,S,SER,27.585794060671816,AS750
A,751,,L,LEU,9.942787514810844,AL751
A,752,,D,ASP,79.23449572502318,AD752
A,753,,I,ILE,12.527587094899626,AI753
A,754,,D,ASP,24.02977850885761,AD754
A,755,,H,HIS,53.45490585917738,AH755
A,756,,N,ASN,50.33752964895903,AN756
A,757,,Q,GLN,28.814045412335435,AQ757
A,758,,Y,TYR,3.414517022218004,AY758
A,759,,K,LYS,21.452019327372675,AK759
A,760,,F,PHE,26.178027644384006,AF760
A,761,,G,GLY,2.060498123197539,AG761
A,762,,H,HIS,56.27586532254705,AH762
A,763,,T,THR,42.14851506217925,AT763
A,764,,K,LYS,18.55523128776389,AK764
A,765,,V,VAL,0.0,AV765
A,766,,F,PHE,0.0,AF766
A,767,,F,PHE,0.0,AF767
A,768,,K,LYS,23.38236827100427,AK768
A,769,,A,ALA,45.98655533226683,AA769
A,770,,G,GLY,46.60433079418648,AG770
A,771,,L,LEU,8.898678414899567,AL771
A,772,,L,LEU,20.42754196286426,AL772
A,773,,G,GLY,20.069847172582374,AG773
A,774,,L,LEU,41.39915775792484,AL774
A,775,,L,LEU,0.0,AL775
A,776,,E,GLU,7.272052558511131,AE776
A,777,,E,GLU,52.60564784377872,AE777
A,778,,M,MET,35.19827506112177,AM778
A,779,,R,ARG,15.964794200213245,AR779
A,780,,D,ASP,29.72424563043661,AD780
A,781,,E,GLU,58.017497767719455,AE781
A,782,,R,ARG,48.64478754951617,AR782
A,783,,L,LEU,18.625111789670353,AL783
A,784,,S,SER,37.79332719334169,AS784
A,785,,R,ARG,65.56778126787424,AR785
A,786,,I,ILE,44.13666576389542,AI786
A,787,,I,ILE,37.393564049966955,AI787
A,788,,T,THR,52.429622267962216,AT788
A,789,,R,ARG,69.78323449819409,AR789
A,790,,I,ILE,51.354533890050035,AI790
A,791,,Q,GLN,41.72200717194179,AQ791
A,792,,A,ALA,50.027374087725995,AA792
A,793,,Q,GLN,64.49059708745996,AQ793
A,794,,A,ALA,37.23472112995523,AA794
A,795,,R,ARG,61.86699429447875,AR795
A,796,,G,GLY,26.20471305736652,AG796
A,797,,Q,GLN,40.95416811654181,AQ797
A,798,,L,LEU,59.753286080973915,AL798
A,799,,M,MET,49.91802230994965,AM799
A,800,,R,ARG,57.169180469500056,AR800
A,801,,I,ILE,42.84152585320657,AI801
A,802,,E,GLU,28.777658913315268,AE802
A,803,,F,PHE,49.31148548829658,AF803
A,804,,K,LYS,53.4281078076056,AK804
A,805,,K,LYS,38.164168725741725,AK805
A,806,,I,ILE,40.25124603182888,AI806
A,807,,V,VAL,24.985411366343094,AV807
A,808,,E,GLU,38.8464158951149,AE808
A,809,,R,ARG,51.93061828917223,AR809
A,810,,R,ARG,46.25038487188286,AR810
A,811,,D,ASP,31.742495906122695,AD811
A,812,,A,ALA,38.9302070256368,AA812
A,813,,L,LEU,45.00401810431265,AL813
A,814,,L,LEU,48.85994953403481,AL814
A,815,,V,VAL,47.88870511882427,AV815
A,816,,I,ILE,47.20171199749927,AI816
A,817,,Q,GLN,31.33968867578956,AQ817
A,818,,W,TRP,66.9163644467473,AW818
A,819,,N,ASN,48.23567205570867,AN819
A,820,,I,ILE,48.42773049094081,AI820
A,821,,R,ARG,61.05384004533017,AR821
A,822,,A,ALA,42.552078571009346,AA822
A,823,,F,PHE,46.700560193775665,AF823
A,824,,M,MET,48.225309748247945,AM824
A,825,,G,GLY,55.09017129213854,AG825
A,826,,V,VAL,29.843685798687584,AV826
A,827,,K,LYS,30.132995941371462,AK827
A,828,,N,ASN,52.50704587045559,AN828
A,829,,W,TRP,50.85466886913624,AW829
A,830,,P,PRO,61.76635129774211,AP830
A,831,,W,TRP,59.97664139062804,AW831
A,832,,M,MET,20.98135093647469,AM832
A,833,,K,LYS,41.20627938687893,AK833
A,834,,L,LEU,42.60077787338745,AL834
A,835,,Y,TYR,42.74459087223338,AY835
A,836,,F,PHE,40.296098938192,AF836
A,837,,K,LYS,65.305894559631,AK837
A,838,,I,ILE,39.23259179012926,AI838
A,839,,K,LYS,36.15520541950403,AK839
A,840,,P,PRO,43.4523598657074,AP840
A,841,,L,LEU,71.93500696794578,AL841
A,842,,L,LEU,59.47129297323228,AL842
A,843,,K,LYS,47.58620977358916,AK843
A,844,,S,SER,60.78462915199914,AS844
A,845,,A,ALA,51.47415300034151,AA845
A,846,,E,GLU,34.257981594470245,AE846
A,847,,T,THR,39.44822091522222,AT847
A,848,,E,GLU,61.04644547512213,AE848
A,849,,K,LYS,57.77202524285738,AK849
A,850,,E,GLU,51.8268456286904,AE850
A,851,,M,MET,49.93779751370663,AM851
A,852,,A,ALA,40.66263220610104,AA852
A,853,,N,ASN,39.860147375482555,AN853
A,854,,M,MET,56.715441454626834,AM854
A,855,,K,LYS,60.66123086223107,AK855
A,856,,E,GLU,43.2453381567878,AE856
A,857,,E,GLU,53.419228187673966,AE857
A,858,,F,PHE,56.30846682631055,AF858
A,859,,G,GLY,26.707162470113534,AG859
A,860,,R,ARG,60.404690691498914,AR860
A,861,,V,VAL,54.05679980410131,AV861
A,862,,K,LYS,39.99859792350591,AK862
A,863,,D,ASP,38.8704798943758,AD863
A,864,,A,ALA,45.857277576900046,AA864
A,865,,L,LEU,47.407258335237856,AL865
A,866,,E,GLU,40.02499624734802,AE866
A,867,,K,LYS,49.84903506517015,AK867
A,868,,S,SER,47.20473615724456,AS868
A,869,,E,GLU,36.44153649263573,AE869
A,870,,A,ALA,37.14631817388911,AA870
A,871,,R,ARG,50.947574964597486,AR871
A,872,,R,ARG,47.28126295759184,AR872
A,873,,K,LYS,55.15579207668079,AK873
A,874,,E,GLU,53.24562238137319,AE874
A,875,,L,LEU,52.397064013767306,AL875
A,876,,E,GLU,38.18865296178409,AE876
A,877,,E,GLU,55.45303662854514,AE877
A,878,,K,LYS,45.67569546154167,AK878
A,879,,M,MET,50.83601812327612,AM879
A,880,,V,VAL,57.370479514587046,AV880
A,881,,S,SER,35.89523771706183,AS881
A,882,,L,LEU,49.257521991800154,AL882
A,883,,L,LEU,37.85103363707201,AL883
A,884,,Q,GLN,42.49099016152775,AQ884
A,885,,E,GLU,42.648094864335754,AE885
A,886,,K,LYS,45.79180659612503,AK886
A,887,,N,ASN,38.68177624794991,AN887
A,888,,D,ASP,39.44418354596772,AD888
A,889,,L,LEU,49.19867886731142,AL889
A,890,,Q,GLN,50.04045426113929,AQ890
A,891,,L,LEU,60.94389655531617,AL891
A,892,,Q,GLN,48.75244635431767,AQ892
A,893,,V,VAL,56.67644030996641,AV893
A,894,,Q,GLN,37.94535635568122,AQ894
A,895,,A,ALA,38.293579104117256,AA895
A,896,,E,GLU,48.372378272071096,AE896
A,897,,Q,GLN,36.37378237904562,AQ897
A,898,,D,ASP,38.40441729925878,AD898
A,899,,N,ASN,44.56354656765851,AN899
A,900,,L,LEU,40.254273867997206,AL900
A,901,,N,ASN,33.94781177586427,AN901
A,902,,D,ASP,44.21041909888129,AD902
A,903,,A,ALA,32.751234922203274,AA903
A,904,,E,GLU,34.55262668252853,AE904
A,905,,E,GLU,48.78806264188689,AE905
A,906,,R,ARG,51.722209160173065,AR906
A,907,,C,CYS,38.80243165824544,AC907
A,908,,D,ASP,42.615492736077684,AD908
A,909,,Q,GLN,39.17078035575708,AQ909
A,910,,L,LEU,56.001924360155115,AL910
A,911,,I,ILE,40.4586102835708,AI911
A,912,,K,LYS,51.58430175448044,AK912
A,913,,N,ASN,38.553463937538375,AN913
A,914,,K,LYS,45.87763597236776,AK914
A,915,,I,ILE,53.12444021296504,AI915
A,916,,Q,GLN,52.24934045795497,AQ916
A,917,,L,LEU,52.27047502262325,AL917
A,918,,E,GLU,43.376212717946146,AE918
A,919,,A,ALA,45.14940125640885,AA919
A,920,,K,LYS,55.21349088684061,AK920
A,921,,V,VAL,52.746979551168764,AV921
A,922,,K,LYS,51.67121205158535,AK922
A,923,,E,GLU,38.54569985378649,AE923
A,924,,M,MET,53.558051077978995,AM924
A,925,,T,THR,44.049336710650735,AT925
A,926,,E,GLU,37.64397619387532,AE926
A,927,,R,ARG,46.98184395323816,AR927
A,928,,L,LEU,43.85913421438502,AL928
A,929,,E,GLU,50.509437598963444,AE929
A,930,,D,ASP,48.87263375182854,AD930
A,931,,E,GLU,52.82198489522192,AE931
A,932,,E,GLU,53.245622381373195,AE932
A,933,,E,GLU,58.675260701050256,AE933
A,934,,M,MET,43.308116976783616,AM934
A,935,,N,ASN,36.191501805448674,AN935
A,936,,A,ALA,48.700024402809746,AA936
A,937,,E,GLU,43.24722031985315,AE937
A,938,,L,LEU,45.39058092095764,AL938
A,939,,T,THR,48.63617548759415,AT939
A,940,,A,ALA,45.02668918615375,AA940
A,941,,K,LYS,46.689732348587405,AK941
A,942,,K,LYS,44.26570608074408,AK942
A,943,,R,ARG,60.726476918292825,AR943
A,944,,K,LYS,56.73923464508971,AK944
A,945,,L,LEU,51.66966496489194,AL945
A,946,,E,GLU,44.69173858460775,AE946
A,947,,D,ASP,52.485810390318235,AD947
A,948,,E,GLU,45.51515420790385,AE948
A,949,,C,CYS,43.72215070422141,AC949
A,950,,S,SER,45.508170728939625,AS950
A,951,,E,GLU,57.53145847762408,AE951
A,952,,L,LEU,49.799488925042716,AL952
A,953,,K,LYS,62.97636100912769,AK953
A,954,,K,LYS,59.761153917510974,AK954
A,955,,D,ASP,45.81461722943354,AD955
A,956,,I,ILE,45.362684257336966,AI956
A,957,,D,ASP,49.49834785340363,AD957
A,958,,D,ASP,50.467560114632164,AD958
A,959,,L,LEU,51.99949155600196,AL959
A,960,,E,GLU,50.9776884933225,AE960
A,961,,L,LEU,65.62800182393002,AL961
A,962,,T,THR,50.1801284252896,AT962
A,963,,L,LEU,51.61292873935697,AL963
A,964,,A,ALA,48.36619730623341,AA964
A,965,,K,LYS,67.02348845908152,AK965
A,966,,V,VAL,51.358901141927475,AV966
A,967,,E,GLU,42.398063184485245,AE967
A,968,,K,LYS,75.36872998834447,AK968
A,969,,E,GLU,65.03763648331473,AE969
A,970,,K,LYS,43.773833841124834,AK970
A,971,,H,HIS,58.39741089145065,AH971
A,972,,A,ALA,67.80355738997453,AA972
A,973,,T,THR,57.01646104490563,AT973
A,974,,E,GLU,34.96831105234432,AE974
A,975,,N,ASN,55.47738789188847,AN975
A,976,,K,LYS,75.11594892386336,AK976
A,977,,V,VAL,52.746979551168764,AV977
A,978,,K,LYS,55.561478182925455,AK978
A,979,,N,ASN,54.295536846339544,AN979
A,980,,L,LEU,63.80355236849545,AL980
A,981,,T,THR,55.4582310887251,AT981
A,982,,E,GLU,53.011496934193666,AE982
A,983,,E,GLU,66.82141324433539,AE983
A,984,,M,MET,64.5821914187434,AM984
A,985,,A,ALA,57.09431126633882,AA985
A,986,,G,GLY,48.60425659441307,AG986
A,987,,L,LEU,56.40839956008704,AL987
A,988,,D,ASP,52.708938346060975,AD988
A,989,,E,GLU,64.92643248095806,AE989
A,990,,I,ILE,49.040739737661575,AI990
A,991,,I,ILE,54.35045870640659,AI991
A,992,,A,ALA,48.651843574082136,AA992
A,993,,K,LYS,69.63034476989716,AK993
A,994,,L,LEU,49.81049856616306,AL994
A,995,,T,THR,48.120613784298456,AT995
A,996,,K,LYS,68.51028711789273,AK996
A,997,,E,GLU,59.38370799585898,AE997
A,998,,K,LYS,49.58471530360372,AK998
A,999,,K,LYS,55.204114031479655,AK999
A,1000,,A,ALA,48.47175481939402,AA1000
A,1001,,L,LEU,55.761862917941095,AL1001
A,1002,,Q,GLN,32.023575359255595,AQ1002
A,1003,,E,GLU,63.60902445123111,AE1003
A,1004,,A,ALA,45.6461625505788,AA1004
A,1005,,H,HIS,40.025932441958794,AH1005
A,1006,,Q,GLN,35.85019299535361,AQ1006
A,1007,,Q,GLN,45.5802943160455,AQ1007
A,1008,,A,ALA,35.893499730500345,AA1008
A,1009,,L,LEU,23.431592251520765,AL1009
A,1010,,D,ASP,41.58499825711738,AD1010
A,1011,,D,ASP,43.53269454732305,AD1011
A,1012,,L,LEU,47.46399456077283,AL1012
A,1013,,Q,GLN,32.41663790772768,AQ1013
A,1014,,A,ALA,30.787257315767473,AA1014
A,1015,,E,GLU,36.4574427253067,AE1015
A,1016,,E,GLU,34.71032625615833,AE1016
A,1017,,D,ASP,33.742202646311526,AD1017
A,1018,,K,LYS,41.94878149872161,AK1018
A,1019,,V,VAL,40.94831307261785,AV1019
A,1020,,N,ASN,27.745238125102635,AN1020
A,1021,,T,THR,53.12088615445429,AT1021
A,1022,,L,LEU,45.92364511203362,AL1022
A,1023,,T,THR,26.21481113398111,AT1023
A,1024,,K,LYS,58.545533276770996,AK1024
A,1025,,S,SER,17.732397466586345,AS1025
A,1026,,K,LYS,39.873466690693434,AK1026
A,1027,,V,VAL,49.12026721544808,AV1027
A,1028,,K,LYS,55.870163622440565,AK1028
A,1029,,L,LEU,43.85023147221844,AL1029
A,1030,,E,GLU,30.37987675169967,AE1030
A,1031,,Q,GLN,42.54402813472163,AQ1031
A,1032,,Q,GLN,42.037620304394274,AQ1032
A,1033,,V,VAL,27.761568184825663,AV1033
A,1034,,D,ASP,51.92137850647493,AD1034
A,1035,,D,ASP,40.201733850755,AD1035
A,1036,,L,LEU,50.79787144053936,AL1036
A,1037,,E,GLU,42.034945339212726,AE1037
A,1038,,G,GLY,30.980368880575035,AG1038
A,1039,,S,SER,35.013994628888284,AS1039
A,1040,,L,LEU,30.040502886565086,AL1040
A,1041,,E,GLU,45.21862695678021,AE1041
A,1042,,Q,GLN,54.506700161508185,AQ1042
A,1043,,E,GLU,41.98237881466946,AE1043
A,1044,,K,LYS,34.74702112329892,AK1044
A,1045,,K,LYS,58.843760940062964,AK1045
A,1046,,V,VAL,46.42236855327425,AV1046
A,1047,,R,ARG,52.25271179583153,AR1047
A,1048,,M,MET,50.36758421867836,AM1048
A,1049,,D,ASP,39.02085963308525,AD1049
A,1050,,L,LEU,51.60191909823663,AL1050
A,1051,,E,GLU,52.527339807163635,AE1051
A,1052,,R,ARG,56.91107455510777,AR1052
A,1053,,A,ALA,28.843717108982005,AA1053
A,1054,,K,LYS,44.10090558476341,AK1054
A,1055,,R,ARG,69.19494948904281,AR1055
A,1056,,K,LYS,55.76414285748186,AK1056
A,1057,,L,LEU,55.26562256911316,AL1057
A,1058,,E,GLU,41.09844355049462,AE1058
A,1059,,G,GLY,26.20471305736652,AG1059
A,1060,,D,ASP,32.7024363996026,AD1060
A,1061,,L,LEU,44.45994427211633,AL1061
A,1062,,K,LYS,56.333548538845044,AK1062
A,1063,,L,LEU,54.19949418696121,AL1063
A,1064,,T,THR,43.5310428351634,AT1064
A,1065,,Q,GLN,47.69226167510497,AQ1065
A,1066,,E,GLU,45.98152293919755,AE1066
A,1067,,S,SER,34.16130557768492,AS1067
A,1068,,I,ILE,47.132590580251964,AI1068
A,1069,,M,MET,54.42748684485997,AM1069
A,1070,,D,ASP,47.903421490600024,AD1070
A,1071,,L,LEU,54.73255837803718,AL1071
A,1072,,E,GLU,47.34166221406693,AE1072
A,1073,,N,ASN,40.66054140781314,AN1073
A,1074,,D,ASP,38.658817937934565,AD1074
A,1075,,K,LYS,48.13686174423041,AK1075
A,1076,,L,LEU,50.26480724946338,AL1076
A,1077,,Q,GLN,43.00009159057872,AQ1077
A,1078,,L,LEU,52.73579334704391,AL1078
A,1079,,E,GLU,38.24121948632737,AE1079
A,1080,,E,GLU,59.02059015058646,AE1080
A,1081,,K,LYS,45.984737658188614,AK1081
A,1082,,L,LEU,52.87128508035455,AL1082
A,1083,,K,LYS,59.96561302719326,AK1083
A,1084,,K,LYS,60.84226647007751,AK1084
A,1085,,K,LYS,52.65495653082384,AK1085
A,1086,,E,GLU,44.787036354293456,AE1086
A,1087,,F,PHE,58.216926767501036,AF1087
A,1088,,D,ASP,38.809197676644004,AD1088
A,1089,,I,ILE,46.5887027507785,AI1089
A,1090,,S,SER,46.94118288244999,AS1090
A,1091,,Q,GLN,41.15069939077786,AQ1091
A,1092,,Q,GLN,48.13189868686303,AQ1092
A,1093,,N,ASN,39.94306608865946,AN1093
A,1094,,S,SER,35.558110369154164,AS1094
A,1095,,K,LYS,45.936415703389756,AK1095
A,1096,,I,ILE,36.71143338599887,AI1096
A,1097,,E,GLU,54.90835986063635,AE1097
A,1098,,D,ASP,52.75875456449127,AD1098
A,1099,,E,GLU,52.23269471910535,AE1099
A,1100,,Q,GLN,47.64112274536267,AQ1100
A,1101,,A,ALA,45.76887462083391,AA1101
A,1102,,L,LEU,43.25832415665372,AL1102
A,1103,,A,ALA,37.23472112995523,AA1103
A,1104,,L,LEU,58.40516459108032,AL1104
A,1105,,Q,GLN,55.89508688436282,AQ1105
A,1106,,L,LEU,49.13093300065611,AL1106
A,1107,,Q,GLN,46.51378969294788,AQ1107
A,1108,,K,LYS,61.286897675760066,AK1108
A,1109,,K,LYS,53.66899341786958,AK1109
A,1110,,L,LEU,47.33951246858254,AL1110
A,1111,,K,LYS,57.407078671176485,AK1111
A,1112,,E,GLU,56.12063484127677,AE1112
A,1113,,N,ASN,45.68169578063158,AN1113
A,1114,,Q,GLN,38.522400713206345,AQ1114
A,1115,,A,ALA,35.999057243660964,AA1115
A,1116,,R,ARG,55.36242989622066,AR1116
A,1117,,I,ILE,44.749675010616194,AI1117
A,1118,,E,GLU,48.89926664424356,AE1118
A,1119,,E,GLU,49.314951014059346,AE1119
A,1120,,L,LEU,51.796253956036004,AL1120
A,1121,,E,GLU,45.860483657440035,AE1121
A,1122,,E,GLU,63.13282044053656,AE1122
A,1123,,E,GLU,55.341832626188456,AE1123
A,1124,,L,LEU,43.201587931118745,AL1124
A,1125,,E,GLU,38.78589625423615,AE1125
A,1126,,A,ALA,38.70193744222108,AA1126
A,1127,,E,GLU,39.14294314623854,AE1127
A,1128,,R,ARG,50.54161698602062,AR1128
A,1129,,T,THR,48.194187857411556,AT1129
A,1130,,A,ALA,35.46798683530203,AA1130
A,1131,,R,ARG,52.96025808288636,AR1131
A,1132,,A,ALA,42.235406031527496,AA1132
A,1133,,K,LYS,61.286897675760066,AK1133
A,1134,,V,VAL,50.586603780998104,AV1134
A,1135,,E,GLU,57.59197811850283,AE1135
A,1136,,K,LYS,57.82034719765625,AK1136
A,1137,,L,LEU,53.47209513808586,AL1137
A,1138,,R,ARG,62.99757323083939,AR1138
A,1139,,S,SER,41.24964662580207,AS1139
A,1140,,D,ASP,38.051647371856724,AD1140
A,1141,,L,LEU,50.94437281497035,AL1141
A,1142,,S,SER,31.557675196427898,AS1142
A,1143,,R,ARG,49.55919739370993,AR1143
A,1144,,E,GLU,46.63133275619287,AE1144
A,1145,,L,LEU,58.143083866625624,AL1145
A,1146,,E,GLU,47.88633898197572,AE1146
A,1147,,E,GLU,33.94743027374099,AE1147
A,1148,,I,ILE,53.73744945968581,AI1148
A,1149,,S,SER,38.997420610937816,AS1149
A,1150,,E,GLU,50.20683939456968,AE1150
A,1151,,R,ARG,55.241907394988985,AR1151
A,1152,,L,LEU,65.41164768388998,AL1152
A,1153,,E,GLU,61.167484756879645,AE1153
A,1154,,E,GLU,66.40572887451961,AE1154
A,1155,,A,ALA,62.397796992854296,AA1155
A,1156,,G,GLY,32.88865683970615,AG1156
A,1157,,G,GLY,25.15318574706401,AG1157
A,1158,,A,ALA,71.65369851876278,AA1158
A,1159,,T,THR,58.914550521185504,AT1159
A,1160,,S,SER,33.47885436529465,AS1160
A,1161,,V,VAL,58.523783454902144,AV1161
A,1162,,Q,GLN,65.70761908816989,AQ1162
A,1163,,I,ILE,48.35860907369351,AI1163
A,1164,,E,GLU,54.37163620906305,AE1164
A,1165,,M,MET,58.67398324470417,AM1165
A,1166,,N,ASN,45.12044944753118,AN1166
A,1167,,K,LYS,56.59570645868715,AK1167
A,1168,,K,LYS,66.29794562283493,AK1168
A,1169,,R,ARG,56.96107862036629,AR1169
A,1170,,E,GLU,55.1602737035522,AE1170
A,1171,,A,ALA,41.510375153941816,AA1171
A,1172,,E,GLU,57.00268794238626,AE1172
A,1173,,F,PHE,64.24584727326233,AF1173
A,1174,,Q,GLN,42.44710929696541,AQ1174
A,1175,,K,LYS,51.77650865281372,AK1175
A,1176,,M,MET,58.848380906886575,AM1176
A,1177,,R,ARG,60.89295839759984,AR1177
A,1178,,R,ARG,47.59714207294365,AR1178
A,1179,,D,ASP,38.12220135733713,AD1179
A,1180,,L,LEU,64.02670235174834,AL1180
A,1181,,E,GLU,46.5787662316496,AE1181
A,1182,,E,GLU,48.77822736248605,AE1182
A,1183,,A,ALA,37.76579153831417,AA1183
A,1184,,T,THR,56.752907770111065,AT1184
A,1185,,L,LEU,50.400298982774025,AL1185
A,1186,,Q,GLN,49.50694138926258,AQ1186
A,1187,,H,HIS,67.03358177632641,AH1187
A,1188,,E,GLU,63.66954409210986,AE1188
A,1189,,A,ALA,34.215168391913274,AA1189
A,1190,,T,THR,53.30813318394412,AT1190
A,1191,,A,ALA,39.954755885609835,AA1191
A,1192,,A,ALA,39.971910442704335,AA1192
A,1193,,A,ALA,33.50729207142208,AA1193
A,1194,,L,LEU,62.74632672851007,AL1194
A,1195,,R,ARG,69.44312613614312,AR1195
A,1196,,K,LYS,46.09941111477796,AK1196
A,1197,,K,LYS,61.17150005544042,AK1197
A,1198,,H,HIS,62.546243029676376,AH1198
A,1199,,A,ALA,42.53492401391486,AA1199
A,1200,,D,ASP,33.67164866083112,AD1200
A,1201,,S,SER,35.617407423782176,AS1201
A,1202,,V,VAL,59.677087395217214,AV1202
A,1203,,A,ALA,40.785344276356135,AA1203
A,1204,,E,GLU,45.49736581216752,AE1204
A,1205,,L,LEU,49.79948892504272,AL1205
A,1206,,G,GLY,32.7790031730472,AG1206
A,1207,,E,GLU,55.5056031530884,AE1207
A,1208,,Q,GLN,47.426265983575995,AQ1208
A,1209,,I,ILE,52.03666455401812,AI1209
A,1210,,D,ASP,34.01514682048455,AD1210
A,1211,,N,ASN,39.359554724547465,AN1211
A,1212,,L,LEU,57.203544475617704,AL1212
A,1213,,Q,GLN,49.25618876164027,AQ1213
A,1214,,R,ARG,52.4629829490896,AR1214
A,1215,,V,VAL,38.866195458755925,AV1215
A,1216,,K,LYS,45.636026198373465,AK1216
A,1217,,Q,GLN,56.85793572518007,AQ1217
A,1218,,K,LYS,51.111183225583126,AK1218
A,1219,,L,LEU,48.995441267345456,AL1219
A,1220,,E,GLU,42.52705558257824,AE1220
A,1221,,K,LYS,55.31013479643834,AK1221
A,1222,,E,GLU,26.328166102628316,AE1222
A,1223,,K,LYS,59.5689470191777,AK1223
A,1224,,S,SER,36.25818692974804,AS1224
A,1225,,E,GLU,47.1154898832229,AE1225
A,1226,,F,PHE,60.487429082078954,AF1226
A,1227,,K,LYS,50.33803194880137,AK1227
A,1228,,L,LEU,61.090397929747155,AL1228
A,1229,,E,GLU,46.1123975003559,AE1229
A,1230,,L,LEU,55.21778908574478,AL1230
A,1231,,D,ASP,45.12762091012665,AD1231
A,1232,,D,ASP,45.461847302031465,AD1232
A,1233,,V,VAL,51.202384829310006,AV1233
A,1234,,T,THR,46.54810680963283,AT1234
A,1235,,S,SER,31.05639051161729,AS1235
A,1236,,N,ASN,38.041522887294626,AN1236
A,1237,,M,MET,50.94204687533478,AM1237
A,1238,,E,GLU,47.410134971281174,AE1238
A,1239,,Q,GLN,50.06334421514625,AQ1239
A,1240,,I,ILE,53.875692294180425,AI1240
A,1241,,I,ILE,54.281337289159275,AI1241
A,1242,,K,LYS,52.10646640190693,AK1242
A,1243,,A,ALA,33.50729207142208,AA1243
A,1244,,K,LYS,50.289709994002514,AK1244
A,1245,,A,ALA,46.40550254235346,AA1245
A,1246,,N,ASN,49.26916259649669,AN1246
A,1247,,L,LEU,53.33660340477521,AL1247
A,1248,,E,GLU,51.10668089141549,AE1248
A,1249,,K,LYS,65.51649841155437,AK1249
A,1250,,V,VAL,39.56023466337656,AV1250
A,1251,,S,SER,33.54361576430594,AS1251
A,1252,,R,ARG,62.8227080561006,AR1252
A,1253,,T,THR,50.457958718569266,AT1253
A,1254,,L,LEU,44.6542791299157,AL1254
A,1255,,E,GLU,45.56583856938176,AE1255
A,1256,,D,ASP,57.41169744968989,AD1256
A,1257,,Q,GLN,40.45422379612238,AQ1257
A,1258,,A,ALA,41.193702614459966,AA1258
A,1259,,N,ASN,35.209101616573804,AN1259
A,1260,,E,GLU,56.64940537651458,AE1260
A,1261,,Y,TYR,61.08112351891901,AY1261
A,1262,,R,ARG,45.08563824899778,AR1262
A,1263,,V,VAL,53.36276059948067,AV1263
A,1264,,K,LYS,53.188292468737174,AK1264
A,1265,,L,LEU,49.74275269950774,AL1265
A,1266,,E,GLU,49.73063538387513,AE1266
A,1267,,E,GLU,61.167484756879645,AE1267
A,1268,,A,ALA,37.14631817388911,AA1268
A,1269,,Q,GLN,42.23073104635995,AQ1269
A,1270,,R,ARG,68.48524307039696,AR1270
A,1271,,S,SER,45.850762421230584,AS1271
A,1272,,L,LEU,55.217789085744776,AL1272
A,1273,,N,ASN,52.297554805875286,AN1273
A,1274,,D,ASP,59.914553855990235,AD1274
A,1275,,F,PHE,61.38776764869575,AF1275
A,1276,,T,THR,39.97532746481137,AT1276
A,1277,,T,THR,62.11886152514476,AT1277
A,1278,,Q,GLN,57.5395458105617,AQ1278
A,1279,,R,ARG,54.598357872734425,AR1279
A,1280,,A,ALA,42.44652105784873,AA1280
A,1281,,K,LYS,67.31198250988068,AK1281
A,1282,,L,LEU,61.544706613047474,AL1282
A,1283,,Q,GLN,50.84608822582649,AQ1283
A,1284,,T,THR,60.7363337521606,AT1284
A,1285,,E,GLU,54.0244245964615,AE1285
A,1286,,N,ASN,50.90447273673792,AN1286
A,1287,,G,GLY,35.73881844248082,AG1287
A,1288,,E,GLU,59.930266926833106,AE1288
A,1289,,L,LEU,57.20354447561772,AL1289
A,1290,,A,ALA,37.251875687049726,AA1290
A,1291,,R,ARG,55.60469943187888,AR1291
A,1292,,Q,GLN,54.815432783413534,AQ1292
A,1293,,L,LEU,50.411308623894364,AL1293
A,1294,,E,GLU,53.72182639206774,AE1294
A,1295,,E,GLU,55.27943082224436,AE1295
A,1296,,K,LYS,59.29776900110648,AK1296
A,1297,,E,GLU,43.29790468133107,AE1297
A,1298,,A,ALA,51.280192531114764,AA1298
A,1299,,L,LEU,51.61292873935698,AL1299
A,1300,,I,ILE,56.39685069831081,AI1300
A,1301,,S,SER,38.73386733614325,AS1301
A,1302,,Q,GLN,61.599723250629836,AQ1302
A,1303,,L,LEU,62.5430891285441,AL1303
A,1304,,T,THR,41.09430196300095,AT1304
A,1305,,R,ARG,69.01046232687742,AR1305
A,1306,,G,GLY,31.132579044641464,AG1306
A,1307,,K,LYS,60.784567659917684,AK1307
A,1308,,L,LEU,51.54518287270164,AL1308
A,1309,,S,SER,42.48229408036839,AS1309
A,1310,,Y,TYR,59.14087589606196,AY1310
A,1311,,T,THR,45.94469401473895,AT1311
A,1312,,Q,GLN,46.229468513868284,AQ1312
A,1313,,Q,GLN,46.75956085347463,AQ1313
A,1314,,M,MET,51.54527754471906,AM1314
A,1315,,E,GLU,50.206839394569684,AE1315
A,1316,,D,ASP,49.01374172278937,AD1316
A,1317,,L,LEU,56.60273441788642,AL1317
A,1318,,K,LYS,52.83886749465832,AK1318
A,1319,,R,ARG,54.789375878606,AR1319
A,1320,,Q,GLN,54.08728768075235,AQ1320
A,1321,,L,LEU,60.751668596470545,AL1321
A,1322,,E,GLU,51.57493178577455,AE1322
A,1323,,E,GLU,48.54410191530653,AE1323
A,1324,,E,GLU,57.783372320539925,AE1324
A,1325,,G,GLY,29.92884157027253,AG1325
A,1326,,K,LYS,61.01823825654503,AK1326
A,1327,,A,ALA,43.69933950123749,AA1327
A,1328,,K,LYS,61.23857572096121,AK1328
A,1329,,N,ASN,56.912383640244194,AN1329
A,1330,,A,ALA,50.44960414036847,AA1330
A,1331,,L,LEU,60.55733373867117,AL1331
A,1332,,A,ALA,38.8074949553817,AA1332
A,1333,,H,HIS,60.15648398797256,AH1333
A,1334,,A,ALA,47.021693064222674,AA1334
A,1335,,L,LEU,48.54113258404514,AL1335
A,1336,,Q,GLN,60.16822204276603,AQ1336
A,1337,,S,SER,43.86482185335254,AS1337
A,1338,,S,SER,39.35155714952222,AS1338
A,1339,,R,ARG,55.58761558861665,AR1339
A,1340,,H,HIS,55.85302939132139,AH1340
A,1341,,D,ASP,48.044529461560835,AD1341
A,1342,,C,CYS,42.775263391270215,AC1342
A,1343,,D,ASP,46.30849512779641,AD1343
A,1344,,L,LEU,46.80644827750655,AL1344
A,1345,,L,LEU,57.146808250082735,AL1345
A,1346,,R,ARG,57.25025190502927,AR1346
A,1347,,E,GLU,56.46596429081297,AE1347
A,1348,,Q,GLN,51.40249105171018,AQ1348
A,1349,,Y,TYR,56.407852742420154,AY1349
A,1350,,E,GLU,54.85579333609308,AE1350
A,1351,,E,GLU,60.58007674382842,AE1351
A,1352,,E,GLU,52.839773290958234,AE1352
A,1353,,M,MET,43.99102628984458,AM1353
A,1354,,E,GLU,61.40161020405916,AE1354
A,1355,,A,ALA,41.439126754970175,AA1355
A,1356,,K,LYS,53.55359579754993,AK1356
A,1357,,A,ALA,40.67978676319552,AA1357
A,1358,,E,GLU,42.958646185065014,AE1358
A,1359,,L,LEU,61.02265206309183,AL1359
A,1360,,Q,GLN,60.53649559377958,AQ1360
A,1361,,R,ARG,59.2560968997466,AR1361
A,1362,,V,VAL,53.28450244317193,AV1362
A,1363,,L,LEU,55.81859914347608,AL1363
A,1364,,S,SER,52.92482645086265,AS1364
A,1365,,K,LYS,58.74711703046525,AK1365
A,1366,,A,ALA,39.01860998170293,AA1366
A,1367,,N,ASN,47.639072333279884,AN1367
A,1368,,S,SER,39.97805963700301,AS1368
A,1369,,E,GLU,45.61840509392502,AE1369
A,1370,,V,VAL,45.11254830034171,AV1370
A,1371,,A,ALA,45.874432133994524,AA1371
A,1372,,Q,GLN,62.611811977737794,AQ1372
A,1373,,W,TRP,59.35373742240636,AW1373
A,1374,,R,ARG,65.72494803962003,AR1374
A,1375,,T,THR,69.82489238664088,AT1375
A,1376,,K,LYS,70.05981113510951,AK1376
A,1377,,Y,TYR,69.22910088821727,AY1377
A,1378,,E,GLU,74.38015777456933,AE1378
A,1379,,T,THR,67.3854193422868,AT1379
A,1380,,D,ASP,75.6804070727124,AD1380
A,1381,,A,ALA,72.42756289703823,AA1381
A,1382,,I,ILE,85.73228381220078,AI1382
A,1383,,Q,GLN,73.73372055355468,AQ1383
A,1384,,R,ARG,81.95249404233957,AR1384
A,1385,,T,THR,50.489244927731086,AT1385
A,1386,,E,GLU,70.95331409308717,AE1386
A,1387,,E,GLU,77.1012349869738,AE1387
A,1388,,L,LEU,58.040621056675995,AL1388
A,1389,,E,GLU,43.35842432220982,AE1389
A,1390,,E,GLU,52.11165543734784,AE1390
A,1391,,A,ALA,48.61162144674362,AA1391
A,1392,,K,LYS,56.275849728685216,AK1392
A,1393,,K,LYS,62.70662066905047,AK1393
A,1394,,K,LYS,57.45468711171164,AK1394
A,1395,,L,LEU,62.35976391186507,AL1395
A,1396,,A,ALA,38.91305246854232,AA1396
A,1397,,Q,GLN,43.50497793208729,AQ1397
A,1398,,R,ARG,68.03797200185873,AR1398
A,1399,,L,LEU,49.86723479169804,AL1399
A,1400,,Q,GLN,40.335141937905945,AQ1400
A,1401,,D,ASP,45.82388899718215,AD1401
A,1402,,A,ALA,37.23472112995523,AA1402
A,1403,,E,GLU,49.738588500210625,AE1403
A,1404,,E,GLU,44.01618725554062,AE1404
A,1405,,A,ALA,44.21325535250193,AA1405
A,1406,,V,VAL,48.504486167136186,AV1406
A,1407,,E,GLU,56.518530815356236,AE1407
A,1408,,A,ALA,48.57731233255464,AA1408
A,1409,,V,VAL,49.27678352806555,AV1409
A,1410,,N,ASN,49.89193903555908,AN1410
A,1411,,A,ALA,46.191104673476374,AA1411
A,1412,,K,LYS,60.33055959887415,AK1412
A,1413,,C,CYS,42.31002173717165,AC1413
A,1414,,S,SER,30.452977716723403,AS1414
A,1415,,S,SER,40.836213032589654,AS1415
A,1416,,L,LEU,53.13336580480924,AL1416
A,1417,,E,GLU,59.02059015058646,AE1417
A,1418,,K,LYS,61.249390254316204,AK1418
A,1419,,T,THR,34.861382138278806,AT1419
A,1420,,K,LYS,51.44871274544484,AK1420
A,1421,,H,HIS,51.357326154231174,AH1421
A,1422,,R,ARG,53.51778300163233,AR1422
A,1423,,L,LEU,42.589768232267105,AL1423
A,1424,,Q,GLN,35.81281508670561,AQ1424
A,1425,,N,ASN,37.28652245219868,AN1425
A,1426,,E,GLU,36.22331727812717,AE1426
A,1427,,I,ILE,37.93745187944041,AI1427
A,1428,,E,GLU,47.6442604184607,AE1428
A,1429,,D,ASP,54.010182767641446,AD1429
A,1430,,L,LEU,45.59381852092361,AL1430
A,1431,,M,MET,46.48114238686995,AM1431
A,1432,,V,VAL,47.03814960158616,AV1432
A,1433,,D,ASP,42.48365653286548,AD1433
A,1434,,V,VAL,27.761568184825663,AV1434
A,1435,,E,GLU,52.293214359984105,AE1435
A,1436,,R,ARG,62.7565511597093,AR1436
A,1437,,S,SER,42.983578765179,AS1437
A,1438,,N,ASN,21.375963512775755,AN1438
A,1439,,A,ALA,46.916135551062055,AA1439
A,1440,,A,ALA,37.35743320021034,AA1440
A,1441,,A,ALA,38.59637992906046,AA1441
A,1442,,A,ALA,45.76887462083391,AA1442
A,1443,,A,ALA,41.615932667102435,AA1443
A,1444,,L,LEU,36.51392178829876,AL1444
A,1445,,D,ASP,38.265503559850835,AD1445
A,1446,,K,LYS,68.69276040373319,AK1446
A,1447,,K,LYS,59.80947587230984,AK1447
A,1448,,Q,GLN,47.806362066225844,AQ1448
A,1449,,R,ARG,56.155693506918695,AR1449
A,1450,,N,ASN,51.72408364966954,AN1450
A,1451,,F,PHE,54.78971098182237,AF1451
A,1452,,D,ASP,43.60324853280346,AD1452
A,1453,,K,LYS,49.37339793741666,AK1453
A,1454,,I,ILE,46.53081452066413,AI1454
A,1455,,L,LEU,49.26642473396674,AL1455
A,1456,,A,ALA,38.8074949553817,AA1456
A,1457,,E,GLU,36.82244273364457,AE1457
A,1458,,W,TRP,60.544897079062196,AW1458
A,1459,,K,LYS,51.15878101665167,AK1459
A,1460,,Q,GLN,46.977460592898865,AQ1460
A,1461,,K,LYS,52.36610572289285,AK1461
A,1462,,Y,TYR,55.33417821465916,AY1462
A,1463,,E,GLU,54.67423441345682,AE1463
A,1464,,E,GLU,41.40104175488838,AE1464
A,1465,,S,SER,43.92411890798056,AS1465
A,1466,,Q,GLN,36.75733843997224,AQ1466
A,1467,,S,SER,47.748851897510434,AS1467
A,1468,,E,GLU,61.22800439775839,AE1468
A,1469,,L,LEU,50.35457239835938,AL1469
A,1470,,E,GLU,53.06406345873693,AE1470
A,1471,,S,SER,39.17585496632584,AS1471
A,1472,,S,SER,43.425566395361585,AS1472
A,1473,,Q,GLN,36.60354409611256,AQ1473
A,1474,,K,LYS,63.78773322161702,AK1474
A,1475,,E,GLU,55.09975406267344,AE1475
A,1476,,A,ALA,43.06599442227379,AA1476
A,1477,,R,ARG,59.12254481496919,AR1477
A,1478,,S,SER,38.55816515294686,AS1478
A,1479,,L,LEU,60.20759476427422,AL1479
A,1480,,S,SER,47.30686426732784,AS1480
A,1481,,T,THR,46.19670244324006,AT1481
A,1482,,E,GLU,52.88250453610067,AE1482
A,1483,,L,LEU,58.08634764109065,AL1483
A,1484,,F,PHE,54.29575313291069,AF1484
A,1485,,K,LYS,57.570798246295,AK1485
A,1486,,L,LEU,64.03771199286868,AL1486
A,1487,,K,LYS,44.092252893132745,AK1487
A,1488,,N,ASN,30.170070776019877,AN1488
A,1489,,A,ALA,37.643079468059064,AA1489
A,1490,,Y,TYR,57.058910192436116,AY1490
A,1491,,E,GLU,37.825535116511574,AE1491
A,1492,,E,GLU,46.69185239707162,AE1492
A,1493,,S,SER,45.21879558936652,AS1493
A,1494,,L,LEU,40.1865280013419,AL1494
A,1495,,E,GLU,59.68818836331809,AE1495
A,1496,,H,HIS,56.717747159235095,AH1496
A,1497,,L,LEU,46.20563821977525,AL1497
A,1498,,E,GLU,47.765299700218215,AE1498
A,1499,,T,THR,41.873416941091214,AT1499
A,1500,,F,PHE,55.34962656849618,AF1500
A,1501,,K,LYS,56.355177605555006,AK1501
A,1502,,R,ARG,57.32603996138046,AR1502
A,1503,,E,GLU,44.90807563605095,AE1503
A,1504,,N,ASN,47.02938425253429,AN1504
A,1505,,K,LYS,44.478828531523625,AK1505
A,1506,,N,ASN,46.801153185007045,AN1506
A,1507,,L,LEU,44.45994427211633,AL1507
A,1508,,Q,GLN,60.50672512922548,AQ1508
A,1509,,E,GLU,41.287955589466364,AE1509
A,1510,,E,GLU,49.49650993669562,AE1510
A,1511,,I,ILE,56.32772928106351,AI1511
A,1512,,S,SER,42.9693017466939,AS1512
A,1513,,D,ASP,45.81461722943353,AD1513
A,1514,,L,LEU,53.472095138085855,AL1514
A,1515,,T,THR,57.444171656603146,AT1515
A,1516,,E,GLU,59.393543275259816,AE1516
A,1517,,Q,GLN,63.04266943549711,AQ1517
A,1518,,L,LEU,70.14147953691848,AL1518
A,1519,,G,GLY,64.9573096646307,AG1519
A,1520,,E,GLU,68.54467036447731,AE1520
A,1521,,G,GLY,77.00854366514183,AG1521
A,1522,,G,GLY,51.6279066099579,AG1522
A,1523,,K,LYS,76.5078981082027,AK1523
A,1524,,N,ASN,68.12297819545908,AN1524
A,1525,,V,VAL,75.36754440893098,AV1525
A,1526,,H,HIS,71.53042384075354,AH1526
A,1527,,E,GLU,43.73325960994853,AE1527
A,1528,,L,LEU,79.14983548400097,AL1528
A,1529,,E,GLU,60.58991202322927,AE1529
A,1530,,K,LYS,53.49554023025825,AK1530
A,1531,,I,ILE,45.36268425733696,AI1531
A,1532,,R,ARG,54.59028145716806,AR1532
A,1533,,K,LYS,56.266472873324254,AK1533
A,1534,,Q,GLN,46.93130313025213,AQ1534
A,1535,,L,LEU,50.66237970722872,AL1535
A,1536,,E,GLU,33.955383390076484,AE1536
A,1537,,V,VAL,41.6423522772385,AV1537
A,1538,,E,GLU,42.28497701906323,AE1538
A,1539,,K,LYS,56.36311678292196,AK1539
A,1540,,L,LEU,57.939846266659664,AL1540
A,1541,,E,GLU,48.48358227442777,AE1541
A,1542,,L,LEU,64.2777734350827,AL1542
A,1543,,Q,GLN,34.1698776493255,AQ1543
A,1544,,S,SER,44.36610653816315,AS1544
A,1545,,A,ALA,40.98258758813873,AA1545
A,1546,,L,LEU,50.411308623894364,AL1546
A,1547,,E,GLU,48.249456827248245,AE1547
A,1548,,E,GLU,59.15146471174481,AE1548
A,1549,,A,ALA,42.42936650075424,AA1549
A,1550,,E,GLU,46.4577269498921,AE1550
A,1551,,A,ALA,42.85487939595255,AA1551
A,1552,,S,SER,42.29231487868692,AS1552
A,1553,,L,LEU,48.608878450700466,AL1553
A,1554,,E,GLU,60.267643260033815,AE1554
A,1555,,H,HIS,42.68049969442583,AH1555
A,1556,,E,GLU,36.51796236618546,AE1556
A,1557,,E,GLU,49.072872450544324,AE1557
A,1558,,G,GLY,23.751419188080916,AG1558
A,1559,,K,LYS,34.89234374482736,AK1559
A,1560,,I,ILE,49.58462756713504,AI1560
A,1561,,L,LEU,51.66966496489195,AL1561
A,1562,,R,ARG,43.62302736615256,AR1562
A,1563,,A,ALA,42.235406031527496,AA1563
A,1564,,Q,GLN,43.594289325749614,AQ1564
A,1565,,L,LEU,52.067237422657286,AL1565
A,1566,,E,GLU,45.74927965508338,AE1566
A,1567,,F,PHE,53.23265912288693,AF1567
A,1568,,N,ASN,50.15991205569083,AN1568
A,1569,,Q,GLN,59.953365280979355,AQ1569
A,1570,,I,ILE,47.745599826972736,AI1570
A,1571,,K,LYS,40.10389452473429,AK1571
A,1572,,A,ALA,43.25995489150054,AA1572
A,1573,,E,GLU,41.16879847077421,AE1573
A,1574,,I,ILE,45.90657208681042,AI1574
A,1575,,E,GLU,44.07670689641938,AE1575
A,1576,,R,ARG,56.48617988154306,AR1576
A,1577,,K,LYS,43.889588218576336,AK1577
A,1578,,L,LEU,50.411308623894364,AL1578
A,1579,,A,ALA,39.12416749486355,AA1579
A,1580,,E,GLU,34.20729723299233,AE1580
A,1581,,K,LYS,45.30895445473489,AK1581
A,1582,,D,ASP,48.11508344704126,AD1582
A,1583,,E,GLU,64.62195211349893,AE1583
A,1584,,E,GLU,42.42380469655706,AE1584
A,1585,,M,MET,50.61265088560589,AM1585
A,1586,,E,GLU,41.02997079328038,AE1586
A,1587,,Q,GLN,41.475858456782234,AQ1587
A,1588,,A,ALA,31.635000263608255,AA1588
A,1589,,K,LYS,61.789227691602456,AK1589
A,1590,,R,ARG,45.29404737799694,AR1590
A,1591,,N,ASN,38.995142865316296,AN1591
A,1592,,H,HIS,51.357326154231174,AH1592
A,1593,,L,LEU,56.3626729756724,AL1593
A,1594,,R,ARG,55.264898349693304,AR1594
A,1595,,M,MET,46.42123894695025,AM1595
A,1596,,V,VAL,47.11640775789489,AV1596
A,1597,,D,ASP,35.54879096555637,AD1597
A,1598,,S,SER,41.58677397370975,AS1598
A,1599,,L,LEU,54.4704776535825,AL1599
A,1600,,Q,GLN,43.392399029785196,AQ1600
A,1601,,T,THR,44.0235148458722,AT1601
A,1602,,S,SER,42.98084659298736,AS1602
A,1603,,L,LEU,49.20968850843176,AL1603
A,1604,,D,ASP,26.515849369332145,AD1604
A,1605,,A,ALA,43.38266696175564,AA1605
A,1606,,E,GLU,49.627384497853946,AE1606
A,1607,,T,THR,38.41709750863083,AT1607
A,1608,,R,ARG,57.81771526360053,AR1608
A,1609,,S,SER,47.30686426732784,AS1609
A,1610,,R,ARG,50.91496202246656,AR1610
A,1611,,N,ASN,44.67659879313939,AN1611
A,1612,,E,GLU,57.25648394836747,AE1612
A,1613,,A,ALA,48.08055103838469,AA1613
A,1614,,L,LEU,38.98490788587929,AL1614
A,1615,,R,ARG,64.03715146437881,AR1615
A,1616,,V,VAL,42.95217253017104,AV1616
A,1617,,K,LYS,45.22096323676783,AK1617
A,1618,,K,LYS,60.2465246577573,AK1618
A,1619,,K,LYS,44.594582908975134,AK1619
A,1620,,M,MET,55.29698993158352,AM1620
A,1621,,E,GLU,37.298646744339116,AE1621
A,1622,,G,GLY,37.29279516553034,AG1622
A,1623,,D,ASP,30.422707949044984,AD1623
A,1624,,L,LEU,50.34356275723904,AL1624
A,1625,,N,ASN,43.0076752225779,AN1625
A,1626,,E,GLU,47.724450618141134,AE1626
A,1627,,M,MET,59.86392317210701,AM1627
A,1628,,E,GLU,47.1154898832229,AE1628
A,1629,,I,ILE,47.74559982697273,AI1629
A,1630,,Q,GLN,46.785493785119144,AQ1630
A,1631,,L,LEU,51.612928739356974,AL1631
A,1632,,S,SER,46.36632412452628,AS1632
A,1633,,Q,GLN,49.53173038672113,AQ1633
A,1634,,A,ALA,42.358118101782594,AA1634
A,1635,,N,ASN,47.169044962254496,AN1635
A,1636,,R,ARG,55.12233883722004,AR1636
A,1637,,I,ILE,55.10171078762197,AI1637
A,1638,,A,ALA,42.34096354468811,AA1638
A,1639,,S,SER,30.9685394200191,AS1639
A,1640,,E,GLU,33.358140097624435,AE1640
A,1641,,A,ALA,44.93828623008762,AA1641
A,1642,,Q,GLN,51.74939613753554,AQ1642
A,1643,,K,LYS,53.31162926642378,AK1643
A,1644,,H,HIS,56.137595975880934,AH1644
A,1645,,L,LEU,52.21373879708827,AL1645
A,1646,,K,LYS,55.00288703491726,AK1646
A,1647,,N,ASN,50.00542302864568,AN1647
A,1648,,S,SER,47.304132095136204,AS1648
A,1649,,Q,GLN,45.443303970917675,AQ1649
A,1650,,A,ALA,37.34027864311585,AA1650
A,1651,,H,HIS,60.64431722720624,AH1651
A,1652,,L,LEU,57.55328345001466,AL1652
A,1653,,K,LYS,57.21199641685517,AK1653
A,1654,,D,ASP,39.08214185081703,AD1654
A,1655,,T,THR,56.679333696997965,AT1655
A,1656,,Q,GLN,39.30970919034292,AQ1656
A,1657,,L,LEU,42.65751409892242,AL1657
A,1658,,Q,GLN,58.40315976953193,AQ1658
A,1659,,L,LEU,55.81859914347608,AL1659
A,1660,,D,ASP,37.14371732835998,AD1660
A,1661,,D,ASP,52.688200579010854,AD1661
A,1662,,A,ALA,44.727171203766375,AA1662
A,1663,,V,VAL,45.03429014403297,AV1663
A,1664,,H,HIS,55.75120812942379,AH1664
A,1665,,A,ALA,39.01860998170293,AA1665
A,1666,,N,ASN,40.63088477316326,AN1666
A,1667,,D,ASP,39.232521589526485,AD1667
A,1668,,D,ASP,43.593976765054826,AD1668
A,1669,,L,LEU,54.67371525354846,AL1669
A,1670,,K,LYS,50.27347488213675,AK1670
A,1671,,E,GLU,52.831820174622756,AE1671
A,1672,,N,ASN,41.863349292971236,AN1672
A,1673,,I,ILE,52.036664554018124,AI1673
A,1674,,A,ALA,36.21017226998219,AA1674
A,1675,,I,ILE,45.293562840089656,AI1675
A,1676,,V,VAL,52.66872139486003,AV1676
A,1677,,E,GLU,54.73475405433558,AE1677
A,1678,,R,ARG,67.75409126890706,AR1678
A,1679,,R,ARG,56.57687330449887,AR1679
A,1680,,N,ASN,56.11764125254377,AN1680
A,1681,,N,ASN,63.664378347143476,AN1681
A,1682,,L,LEU,58.81163979101225,AL1682
A,1683,,L,LEU,48.39463120961415,AL1683
A,1684,,Q,GLN,69.20299170298841,AQ1684
A,1685,,A,ALA,57.907745099990635,AA1685
A,1686,,E,GLU,51.756490708410816,AE1686
A,1687,,L,LEU,59.75328608097391,AL1687
A,1688,,E,GLU,73.01206538336444,AE1688
A,1689,,E,GLU,70.45743952359095,AE1689
A,1690,,L,LEU,72.41813077669964,AL1690
A,1691,,R,ARG,76.77479620669172,AR1691
A,1692,,A,ALA,72.02774774267765,AA1692
A,1693,,V,VAL,69.53986837036571,AV1693
A,1694,,V,VAL,74.9738197958373,AV1694
A,1695,,E,GLU,86.44187411516305,AE1695
A,1696,,Q,GLN,77.18787772681561,AQ1696
A,1697,,T,THR,83.92800040976209,AT1697
A,1698,,E,GLU,79.00605102975197,AE1698
A,1699,,R,ARG,81.7037028355085,AR1699
A,1700,,S,SER,71.61204107873566,AS1700
A,1701,,R,ARG,66.14239002988243,AR1701
A,1702,,K,LYS,69.45904277454353,AK1702
A,1703,,L,LEU,79.90094183505029,AL1703
A,1704,,A,ALA,60.978761509316065,AA1704
A,1705,,E,GLU,46.0420425800763,AE1705
A,1706,,Q,GLN,70.15401801216937,AQ1706
A,1707,,E,GLU,62.90853027275787,AE1707
A,1708,,L,LEU,56.283917467896735,AL1708
A,1709,,I,ILE,61.16268183758236,AI1709
A,1710,,E,GLU,67.53969581854496,AE1710
A,1711,,T,THR,48.54559222380432,AT1711
A,1712,,S,SER,39.94069292593102,AS1712
A,1713,,E,GLU,63.78263025753188,AE1713
A,1714,,R,ARG,66.38093551702282,AR1714
A,1715,,V,VAL,47.038149601586156,AV1715
A,1716,,Q,GLN,58.19860405056277,AQ1716
A,1717,,L,LEU,57.564293091135,AL1717
A,1718,,L,LEU,46.19462857865491,AL1718
A,1719,,H,HIS,51.91658013645208,AH1719
A,1720,,S,SER,41.69771475789484,AS1720
A,1721,,Q,GLN,47.086618962930594,AQ1721
A,1722,,N,ASN,37.56057888456631,AN1722
A,1723,,T,THR,37.29812301044125,AT1723
A,1724,,S,SER,41.601050992194835,AS1724
A,1725,,L,LEU,52.464809880422614,AL1725
A,1726,,I,ILE,38.6195825434085,AI1726
A,1727,,N,ASN,50.20530565292547,AN1727
A,1728,,Q,GLN,50.25341197947438,AQ1728
A,1729,,K,LYS,47.16249412035287,AK1729
A,1730,,K,LYS,53.825130572753,AK1730
A,1731,,K,LYS,54.750105970436124,AK1731
A,1732,,M,MET,59.494943114942885,AM1732
A,1733,,E,GLU,37.054686017758755,AE1733
A,1734,,S,SER,34.16130557768492,AS1734
A,1735,,D,ASP,27.635441369270115,AD1735
A,1736,,L,LEU,49.867234791698046,AL1736
A,1737,,T,THR,48.88545174390364,AT1737
A,1738,,Q,GLN,45.676486220254965,AQ1738
A,1739,,L,LEU,48.59786880958012,AL1739
A,1740,,Q,GLN,42.90583817582725,AQ1740
A,1741,,T,THR,45.24188528195342,AT1741
A,1742,,E,GLU,42.82170067063653,AE1742
A,1743,,V,VAL,46.50062670958298,AV1743
A,1744,,E,GLU,55.5056031530884,AE1744
A,1745,,E,GLU,49.67011574299639,AE1745
A,1746,,A,ALA,42.11269396127239,AA1746
A,1747,,V,VAL,38.09389809782655,AV1747
A,1748,,Q,GLN,38.44263525309591,AQ1748
A,1749,,E,GLU,57.2288602732303,AE1749
A,1750,,C,CYS,43.28343387432382,AC1750
A,1751,,R,ARG,51.8709830639538,AR1751
A,1752,,N,ASN,35.47750640431127,AN1752
A,1753,,A,ALA,42.21825147443301,AA1753
A,1754,,E,GLU,38.83050966244392,AE1754
A,1755,,E,GLU,54.9688795015151,AE1755
A,1756,,K,LYS,63.14187501937206,AK1756
A,1757,,A,ALA,30.892814828928095,AA1757
A,1758,,K,LYS,49.62438456677192,AK1758
A,1759,,K,LYS,60.2822376440753,AK1759
A,1760,,A,ALA,42.96043690911317,AA1760
A,1761,,I,ILE,59.392775514667356,AI1761
A,1762,,T,THR,50.6078390369871,AT1762
A,1763,,D,ASP,35.680627168768574,AD1763
A,1764,,A,ALA,39.40981376271227,AA1764
A,1765,,A,ALA,40.768189719261656,AA1765
A,1766,,M,MET,43.88167642555213,AM1766
A,1767,,M,MET,53.71589366887436,AM1767
A,1768,,A,ALA,40.96543303104424,AA1768
A,1769,,E,GLU,52.5799063317069,AE1769
A,1770,,E,GLU,47.94685862285448,AE1770
A,1771,,L,LEU,48.00806839296916,AL1771
A,1772,,K,LYS,49.073008432400364,AK1772
A,1773,,K,LYS,59.65513315255228,AK1773
A,1774,,E,GLU,51.280286697716264,AE1774
A,1775,,Q,GLN,48.52116314843195,AQ1775
A,1776,,D,ASP,42.90698044574796,AD1776
A,1777,,T,THR,41.720804450481744,AT1777
A,1778,,S,SER,39.69141666962154,AS1778
A,1779,,A,ALA,26.848713230913074,AA1779
A,1780,,H,HIS,45.813396868349436,AH1780
A,1781,,L,LEU,58.00759213331498,AL1781
A,1782,,E,GLU,40.38204313935041,AE1782
A,1783,,R,ARG,55.04810552526237,AR1783
A,1784,,M,MET,44.35011033014989,AM1784
A,1785,,K,LYS,49.06435574076971,AK1785
A,1786,,K,LYS,45.91766199266782,AK1786
A,1787,,N,ASN,54.29553684633955,AN1787
A,1788,,M,MET,50.58861770180592,AM1788
A,1789,,E,GLU,29.021619639895636,AE1789
A,1790,,Q,GLN,45.65968222152313,AQ1790
A,1791,,T,THR,52.16606899316765,AT1791
A,1792,,I,ILE,41.07161953029157,AI1792
A,1793,,K,LYS,51.93228905056529,AK1793
A,1794,,D,ASP,48.87263375182854,AD1794
A,1795,,L,LEU,52.930128204843285,AL1795
A,1796,,Q,GLN,39.91268647951255,AQ1796
A,1797,,H,HIS,50.380907937521705,AH1797
A,1798,,R,ARG,66.89030922223589,AR1798
A,1799,,L,LEU,43.80239798885005,AL1799
A,1800,,D,ASP,38.38587376376153,AD1800
A,1801,,E,GLU,50.683043405264215,AE1801
A,1802,,A,ALA,44.516056177445144,AA1802
A,1803,,E,GLU,30.250884353606676,AE1803
A,1804,,Q,GLN,38.423165831359306,AQ1804
A,1805,,I,ILE,71.76395275806237,AI1805
A,1806,,A,ALA,65.6858414416505,AA1806
A,1807,,L,LEU,29.972757019909764,AL1807
A,1808,,K,LYS,74.65579612057873,AK1808
A,1809,,G,GLY,69.53493640322505,AG1809
A,1810,,G,GLY,21.209749900840098,AG1810
A,1811,,K,LYS,46.08138156778633,AK1811
A,1812,,K,LYS,71.5520410218981,AK1812
A,1813,,Q,GLN,64.38831922797537,AQ1813
A,1814,,L,LEU,49.26642473396674,AL1814
A,1815,,Q,GLN,57.80896203436103,AQ1815
A,1816,,K,LYS,65.09205859458775,AK1816
A,1817,,L,LEU,54.67371525354846,AL1817
A,1818,,E,GLU,47.1154898832229,AE1818
A,1819,,A,ALA,40.69694132029001,AA1819
A,1820,,R,ARG,53.89081158567961,AR1820
A,1821,,V,VAL,42.95217253017104,AV1821
A,1822,,R,ARG,64.25239871694951,AR1822
A,1823,,E,GLU,47.59169389391744,AE1823
A,1824,,L,LEU,47.12526522749623,AL1824
A,1825,,E,GLU,45.62635821026051,AE1825
A,1826,,N,ASN,52.84876093106944,AN1826
A,1827,,E,GLU,47.704780059339456,AE1827
A,1828,,L,LEU,45.60482816204396,AL1828
A,1829,,E,GLU,56.51853081535623,AE1829
A,1830,,A,ALA,44.441524935917656,AA1830
A,1831,,E,GLU,48.65718808072855,AE1831
A,1832,,Q,GLN,48.98179107074537,AQ1832
A,1833,,K,LYS,61.39291844071876,AK1833
A,1834,,R,ARG,63.12243434031966,AR1834
A,1835,,N,ASN,42.06588052151898,AN1835
A,1836,,A,ALA,44.52992789198379,AA1836
A,1837,,E,GLU,62.35401822544824,AE1837
A,1838,,S,SER,33.807169039100515,AS1838
A,1839,,V,VAL,36.70581968858527,AV1839
A,1840,,K,LYS,66.73319997315652,AK1840
A,1841,,G,GLY,27.475547700986922,AG1841
A,1842,,M,MET,42.104073542360915,AM1842
A,1843,,R,ARG,62.748782024008314,AR1843
A,1844,,K,LYS,69.14676846477671,AK1844
A,1845,,S,SER,31.985385808125404,AS1845
A,1846,,E,GLU,38.89102930332268,AE1846
A,1847,,R,ARG,66.730358586635,AR1847
A,1848,,R,ARG,56.809511680197176,AR1848
A,1849,,I,ILE,47.81472124422003,AI1849
A,1850,,K,LYS,62.7080583470445,AK1850
A,1851,,E,GLU,56.65735849285007,AE1851
A,1852,,L,LEU,41.3881481168045,AL1852
A,1853,,T,THR,42.04911912428761,AT1853
A,1854,,Y,TYR,64.86648226071581,AY1854
A,1855,,Q,GLN,39.16275591102397,AQ1855
A,1856,,T,THR,44.122910783763835,AT1856
A,1857,,E,GLU,44.242359586384666,AE1857
A,1858,,E,GLU,40.077562771891294,AE1858
A,1859,,D,ASP,29.50331190624675,AD1859
A,1860,,K,LYS,52.28821552401707,AK1860
A,1861,,K,LYS,55.475292049550866,AK1861
A,1862,,N,ASN,28.209613851497878,AN1862
A,1863,,L,LEU,46.79543863638621,AL1863
A,1864,,M,MET,63.16275253800897,AM1864
A,1865,,R,ARG,58.783051012649,AR1865
A,1866,,L,LEU,44.392198405461,AL1866
A,1867,,Q,GLN,38.1701366056526,AQ1867
A,1868,,D,ASP,41.79885444511148,AD1868
A,1869,,L,LEU,45.06075432984763,AL1869
A,1870,,V,VAL,31.847545256240778,AV1870
A,1871,,D,ASP,34.57957870432785,AD1871
A,1872,,K,LYS,47.916167522682386,AK1872
A,1873,,L,LEU,39.58571794361059,AL1873
A,1874,,Q,GLN,40.94766516062747,AQ1874
A,1875,,L,LEU,58.9382287821563,AL1875
A,1876,,K,LYS,53.205608501465086,AK1876
A,1877,,V,VAL,47.88870511882427,AV1877
A,1878,,K,LYS,59.0965420045441,AK1878
A,1879,,A,ALA,42.53492401391486,AA1879
A,1880,,Y,TYR,53.37871238252198,AY1880
A,1881,,K,LYS,46.96920630115744,AK1881
A,1882,,R,ARG,59.30455539314491,AR1882
A,1883,,Q,GLN,46.87213975577672,AQ1883
A,1884,,A,ALA,38.17086703386215,AA1884
A,1885,,E,GLU,37.054686017758755,AE1885
A,1886,,E,GLU,43.47946360396733,AE1886
A,1887,,A,ALA,43.89658281302008,AA1887
A,1888,,E,GLU,50.44096484174921,AE1888
A,1889,,E,GLU,44.3811872638785,AE1889
A,1890,,Q,GLN,58.53368660475185,AQ1890
A,1891,,A,ALA,33.50729207142208,AA1891
A,1892,,N,ASN,42.912976342486616,AN1892
A,1893,,T,THR,34.50997777188604,AT1893
A,1894,,N,ASN,46.05528431255753,AN1894
A,1895,,L,LEU,40.25427386799721,AL1895
A,1896,,S,SER,37.626437684247115,AS1896
A,1897,,K,LYS,51.26588270247253,AK1897
A,1898,,F,PHE,54.78971098182238,AF1898
A,1899,,R,ARG,54.20886000515573,AR1899
A,1900,,K,LYS,54.28672105403163,AK1900
A,1901,,V,VAL,49.814306420068725,AV1901
A,1902,,Q,GLN,37.98086339659651,AQ1902
A,1903,,H,HIS,50.81820641492764,AH1903
A,1904,,E,GLU,39.488272595774724,AE1904
A,1905,,L,LEU,42.65751409892243,AL1905
A,1906,,D,ASP,35.47823698007596,AD1906
A,1907,,E,GLU,34.06051643916302,AE1907
A,1908,,A,ALA,41.268233855987454,AA1908
A,1909,,E,GLU,40.67480606434334,AE1909
A,1910,,E,GLU,50.400115759672126,AE1910
A,1911,,R,ARG,54.07778450436799,AR1911
A,1912,,A,ALA,16.850626270324412,AA1912
A,1913,,D,ASP,41.09112035875449,AD1913
A,1914,,I,ILE,42.91064727045388,AI1914
A,1915,,A,ALA,36.3328843402373,AA1915
A,1916,,E,GLU,25.369687127969094,AE1916
A,1917,,S,SER,13.573269301340428,AS1917
A,1918,,Q,GLN,49.840463008626465,AQ1918
A,1919,,V,VAL,27.067528980205022,AV1919
A,1920,,N,ASN,27.109373327723443,AN1920
A,1921,,K,LYS,40.39563133811993,AK1921
A,1922,,L,LEU,44.45994427211633,AL1922
A,1923,,R,ARG,17.45349635401652,AR1923
A,1924,,A,ALA,44.42437037882317,AA1924
A,1925,,K,LYS,62.099707566243424,AK1925
A,1926,,S,SER,18.174385096768937,AS1926
A,1927,,R,ARG,58.410944268197895,AR1927
A,1928,,D,ASP,72.4715745697265,AD1928
A,1929,,I,ILE,74.43243750519237,AI1929
A,1930,,G,GLY,56.124492341138314,AG1930
A,1931,,A,ALA,58.15053906990714,AA1931
A,1932,,K,LYS,76.32363038723636,AK1932
A,1933,,K,LYS,65.88288266122929,AK1933
A,1934,,M,MET,38.32737427392666,AM1934
A,1935,,H,HIS,48.7635487196111,AH1935
A,1936,,D,ASP,26.79806531125379,AD1936
A,1937,,E,GLU,6.676691429124432,AE1937
A,1938,,E,GLU,69.79172347392468,AE1938
